=== R1 PairSeq consensus subset check ===
Small file: C:\Users\DELL\Documents\GitHub\MS_thesis\evaluation\airr_session2\ex3_full\pairseq_006\R1_CONS_consensus-pass_pair-pass.fastq
Large file: C:\Users\DELL\Documents\GitHub\MS_thesis\evaluation\airr_session\ex3_no_qc\pairseq_005\R1_CONS_consensus-pass_pair-pass.fastq

Matches (per read from the small file):
- TGGAATCACACGTCG
  STATUS: FOUND_DIFFERENT
  SMALL_HEADER: TGGAATCACACGTCG|CONSCOUNT=2|PRCONS=IGHG|PRFREQ=1.0
  LARGE_HEADER: TGGAATCACACGTCG|CONSCOUNT=3|PRCONS=IGHG|PRFREQ=1.0

- AATAAATATACGTGC
  STATUS: SAME_SEQUENCE
  SMALL_HEADER: AATAAATATACGTGC|CONSCOUNT=2|PRCONS=IGHG|PRFREQ=1.0
  LARGE_HEADER: AATAAATATACGTGC|CONSCOUNT=5|PRCONS=IGHG|PRFREQ=1.0

- ACCGTAAAAATGTAC
  STATUS: IDENTICAL
  SMALL_HEADER: ACCGTAAAAATGTAC|CONSCOUNT=1|PRCONS=IGHA|PRFREQ=1.0
  LARGE_HEADER: ACCGTAAAAATGTAC|CONSCOUNT=1|PRCONS=IGHA|PRFREQ=1.0

- ACCAGAGACGGTGAA
  STATUS: SAME_SEQUENCE
  SMALL_HEADER: ACCAGAGACGGTGAA|CONSCOUNT=9|PRCONS=IGHG|PRFREQ=1.0
  LARGE_HEADER: ACCAGAGACGGTGAA|CONSCOUNT=102|PRCONS=IGHG|PRFREQ=1.0

- TATGATGGCGTGATT
  STATUS: SAME_SEQUENCE
  SMALL_HEADER: TATGATGGCGTGATT|CONSCOUNT=24|PRCONS=IGHG|PRFREQ=1.0
  LARGE_HEADER: TATGATGGCGTGATT|CONSCOUNT=43|PRCONS=IGHG|PRFREQ=1.0

- AGACTATGAGCCATA
  STATUS: SAME_SEQUENCE
  SMALL_HEADER: AGACTATGAGCCATA|CONSCOUNT=48|PRCONS=IGHG|PRFREQ=1.0
  LARGE_HEADER: AGACTATGAGCCATA|CONSCOUNT=233|PRCONS=IGHG|PRFREQ=1.0

- TTCCAGGAATGATGG
  STATUS: SAME_SEQUENCE
  SMALL_HEADER: TTCCAGGAATGATGG|CONSCOUNT=30|PRCONS=IGHA|PRFREQ=1.0
  LARGE_HEADER: TTCCAGGAATGATGG|CONSCOUNT=54|PRCONS=IGHA|PRFREQ=1.0

- CTATCCATTCTGTGT
  STATUS: FOUND_DIFFERENT
  SMALL_HEADER: CTATCCATTCTGTGT|CONSCOUNT=1|PRCONS=IGHG|PRFREQ=1.0
  LARGE_HEADER: CTATCCATTCTGTGT|CONSCOUNT=2|PRCONS=IGHG|PRFREQ=1.0

- TGTCCGCAAACGTCA
  STATUS: SAME_SEQUENCE
  SMALL_HEADER: TGTCCGCAAACGTCA|CONSCOUNT=48|PRCONS=IGHG|PRFREQ=1.0
  LARGE_HEADER: TGTCCGCAAACGTCA|CONSCOUNT=313|PRCONS=IGHG|PRFREQ=1.0

- GGATCCGGCCAGACG
  STATUS: SAME_SEQUENCE
  SMALL_HEADER: GGATCCGGCCAGACG|CONSCOUNT=110|PRCONS=IGHG|PRFREQ=1.0
  LARGE_HEADER: GGATCCGGCCAGACG|CONSCOUNT=731|PRCONS=IGHG|PRFREQ=1.0

- CGGGAGGGTGGAAGC
  STATUS: SAME_SEQUENCE
  SMALL_HEADER: CGGGAGGGTGGAAGC|CONSCOUNT=123|PRCONS=IGHG|PRFREQ=1.0
  LARGE_HEADER: CGGGAGGGTGGAAGC|CONSCOUNT=540|PRCONS=IGHG|PRFREQ=1.0

- ATCCTGTTGTTGGTG
  STATUS: SAME_SEQUENCE
  SMALL_HEADER: ATCCTGTTGTTGGTG|CONSCOUNT=35|PRCONS=IGHG|PRFREQ=1.0
  LARGE_HEADER: ATCCTGTTGTTGGTG|CONSCOUNT=150|PRCONS=IGHG|PRFREQ=1.0

- GGGGTGTGGCGATGT
  STATUS: SAME_SEQUENCE
  SMALL_HEADER: GGGGTGTGGCGATGT|CONSCOUNT=128|PRCONS=IGHG|PRFREQ=1.0
  LARGE_HEADER: GGGGTGTGGCGATGT|CONSCOUNT=967|PRCONS=IGHG|PRFREQ=1.0

- TCATACAAATGGTTA
  STATUS: SAME_SEQUENCE
  SMALL_HEADER: TCATACAAATGGTTA|CONSCOUNT=27|PRCONS=IGHA|PRFREQ=1.0
  LARGE_HEADER: TCATACAAATGGTTA|CONSCOUNT=50|PRCONS=IGHA|PRFREQ=1.0

- GCGCTCTCGCTCACT
  STATUS: SAME_SEQUENCE
  SMALL_HEADER: GCGCTCTCGCTCACT|CONSCOUNT=59|PRCONS=IGHG|PRFREQ=1.0
  LARGE_HEADER: GCGCTCTCGCTCACT|CONSCOUNT=92|PRCONS=IGHG|PRFREQ=1.0

- GGGGAAACTTTTTGT
  STATUS: SAME_SEQUENCE
  SMALL_HEADER: GGGGAAACTTTTTGT|CONSCOUNT=12|PRCONS=IGHA|PRFREQ=1.0
  LARGE_HEADER: GGGGAAACTTTTTGT|CONSCOUNT=152|PRCONS=IGHA|PRFREQ=1.0

- ATCATGCCGAGGTCC
  STATUS: SAME_SEQUENCE
  SMALL_HEADER: ATCATGCCGAGGTCC|CONSCOUNT=7|PRCONS=IGHD|PRFREQ=1.0
  LARGE_HEADER: ATCATGCCGAGGTCC|CONSCOUNT=23|PRCONS=IGHD|PRFREQ=1.0

- AGTTCCGTAGATTGT
  STATUS: SAME_SEQUENCE
  SMALL_HEADER: AGTTCCGTAGATTGT|CONSCOUNT=16|PRCONS=IGHA|PRFREQ=1.0
  LARGE_HEADER: AGTTCCGTAGATTGT|CONSCOUNT=51|PRCONS=IGHA|PRFREQ=1.0

- AAAAGCTGCACAGAG
  STATUS: FOUND_DIFFERENT
  SMALL_HEADER: AAAAGCTGCACAGAG|CONSCOUNT=3|PRCONS=IGHG|PRFREQ=1.0
  LARGE_HEADER: AAAAGCTGCACAGAG|CONSCOUNT=8|PRCONS=IGHG|PRFREQ=1.0

- AGCGGACAACTATAT
  STATUS: SAME_SEQUENCE
  SMALL_HEADER: AGCGGACAACTATAT|CONSCOUNT=48|PRCONS=IGHG|PRFREQ=1.0
  LARGE_HEADER: AGCGGACAACTATAT|CONSCOUNT=208|PRCONS=IGHG|PRFREQ=1.0

- GGGTATCATATTACA
  STATUS: SAME_SEQUENCE
  SMALL_HEADER: GGGTATCATATTACA|CONSCOUNT=4|PRCONS=IGHG|PRFREQ=1.0
  LARGE_HEADER: GGGTATCATATTACA|CONSCOUNT=7|PRCONS=IGHG|PRFREQ=1.0

- TTATGCGAACGAAGG
  STATUS: SAME_SEQUENCE
  SMALL_HEADER: TTATGCGAACGAAGG|CONSCOUNT=1|PRCONS=IGHG|PRFREQ=1.0
  LARGE_HEADER: TTATGCGAACGAAGG|CONSCOUNT=9|PRCONS=IGHG|PRFREQ=1.0

- CGTTTCGCAGTCTGT
  STATUS: SAME_SEQUENCE
  SMALL_HEADER: CGTTTCGCAGTCTGT|CONSCOUNT=1|PRCONS=IGHD|PRFREQ=1.0
  LARGE_HEADER: CGTTTCGCAGTCTGT|CONSCOUNT=2|PRCONS=IGHD|PRFREQ=1.0

- GCACAAGACGGCCAT
  STATUS: SAME_SEQUENCE
  SMALL_HEADER: GCACAAGACGGCCAT|CONSCOUNT=6|PRCONS=IGHG|PRFREQ=1.0
  LARGE_HEADER: GCACAAGACGGCCAT|CONSCOUNT=10|PRCONS=IGHG|PRFREQ=1.0

- AGTCTCCGGATCCGT
  STATUS: SAME_SEQUENCE
  SMALL_HEADER: AGTCTCCGGATCCGT|CONSCOUNT=6|PRCONS=IGHG|PRFREQ=1.0
  LARGE_HEADER: AGTCTCCGGATCCGT|CONSCOUNT=20|PRCONS=IGHG|PRFREQ=1.0

- TCAACCTTGTCCCTA
  STATUS: SAME_SEQUENCE
  SMALL_HEADER: TCAACCTTGTCCCTA|CONSCOUNT=27|PRCONS=IGHE|PRFREQ=1.0
  LARGE_HEADER: TCAACCTTGTCCCTA|CONSCOUNT=115|PRCONS=IGHE|PRFREQ=0.9829059829059829

- TGAGTAATTGGAGCT
  STATUS: IDENTICAL
  SMALL_HEADER: TGAGTAATTGGAGCT|CONSCOUNT=2|PRCONS=IGHG|PRFREQ=1.0
  LARGE_HEADER: TGAGTAATTGGAGCT|CONSCOUNT=2|PRCONS=IGHG|PRFREQ=1.0

- ATCGTTAAATGTAAA
  STATUS: SAME_SEQUENCE
  SMALL_HEADER: ATCGTTAAATGTAAA|CONSCOUNT=7|PRCONS=IGHG|PRFREQ=1.0
  LARGE_HEADER: ATCGTTAAATGTAAA|CONSCOUNT=50|PRCONS=IGHG|PRFREQ=1.0

- GCGCGAGTCGGCTTG
  STATUS: SAME_SEQUENCE
  SMALL_HEADER: GCGCGAGTCGGCTTG|CONSCOUNT=98|PRCONS=IGHA|PRFREQ=1.0
  LARGE_HEADER: GCGCGAGTCGGCTTG|CONSCOUNT=926|PRCONS=IGHA|PRFREQ=1.0

- CACTTCTTTAAGAAA
  STATUS: SAME_SEQUENCE
  SMALL_HEADER: CACTTCTTTAAGAAA|CONSCOUNT=1|PRCONS=IGHG|PRFREQ=1.0
  LARGE_HEADER: CACTTCTTTAAGAAA|CONSCOUNT=5|PRCONS=IGHG|PRFREQ=1.0

- ATTGAGGCTACGCCT
  STATUS: SAME_SEQUENCE
  SMALL_HEADER: ATTGAGGCTACGCCT|CONSCOUNT=6|PRCONS=IGHG|PRFREQ=1.0
  LARGE_HEADER: ATTGAGGCTACGCCT|CONSCOUNT=11|PRCONS=IGHG|PRFREQ=1.0

- AAAATGTGTAAAAAT
  STATUS: SAME_SEQUENCE
  SMALL_HEADER: AAAATGTGTAAAAAT|CONSCOUNT=3|PRCONS=IGHA|PRFREQ=1.0
  LARGE_HEADER: AAAATGTGTAAAAAT|CONSCOUNT=4|PRCONS=IGHA|PRFREQ=1.0

- GATGAAGTCAATCGG
  STATUS: SAME_SEQUENCE
  SMALL_HEADER: GATGAAGTCAATCGG|CONSCOUNT=53|PRCONS=IGHG|PRFREQ=1.0
  LARGE_HEADER: GATGAAGTCAATCGG|CONSCOUNT=197|PRCONS=IGHG|PRFREQ=1.0

- CTTTTCTTTTCAACT
  STATUS: SAME_SEQUENCE
  SMALL_HEADER: CTTTTCTTTTCAACT|CONSCOUNT=1|PRCONS=IGHG|PRFREQ=1.0
  LARGE_HEADER: CTTTTCTTTTCAACT|CONSCOUNT=8|PRCONS=IGHG|PRFREQ=1.0

- TCAGTTAGAACGATA
  STATUS: SAME_SEQUENCE
  SMALL_HEADER: TCAGTTAGAACGATA|CONSCOUNT=5|PRCONS=IGHG|PRFREQ=1.0
  LARGE_HEADER: TCAGTTAGAACGATA|CONSCOUNT=16|PRCONS=IGHG|PRFREQ=1.0

- ATCATGCATCAGGTG
  STATUS: FOUND_DIFFERENT
  SMALL_HEADER: ATCATGCATCAGGTG|CONSCOUNT=1|PRCONS=IGHA|PRFREQ=1.0
  LARGE_HEADER: ATCATGCATCAGGTG|CONSCOUNT=6|PRCONS=IGHA|PRFREQ=1.0

- CGCGTCGCTGAAGTG
  STATUS: SAME_SEQUENCE
  SMALL_HEADER: CGCGTCGCTGAAGTG|CONSCOUNT=169|PRCONS=IGHG|PRFREQ=1.0
  LARGE_HEADER: CGCGTCGCTGAAGTG|CONSCOUNT=749|PRCONS=IGHG|PRFREQ=1.0

- AAGGATTCATCTTGC
  STATUS: SAME_SEQUENCE
  SMALL_HEADER: AAGGATTCATCTTGC|CONSCOUNT=30|PRCONS=IGHG|PRFREQ=1.0
  LARGE_HEADER: AAGGATTCATCTTGC|CONSCOUNT=126|PRCONS=IGHG|PRFREQ=1.0

- AGACTTGGCTCACAA
  STATUS: SAME_SEQUENCE
  SMALL_HEADER: AGACTTGGCTCACAA|CONSCOUNT=3|PRCONS=IGHA|PRFREQ=1.0
  LARGE_HEADER: AGACTTGGCTCACAA|CONSCOUNT=6|PRCONS=IGHA|PRFREQ=1.0

- AACAGTTATTCAAGT
  STATUS: SAME_SEQUENCE
  SMALL_HEADER: AACAGTTATTCAAGT|CONSCOUNT=7|PRCONS=IGHA|PRFREQ=1.0
  LARGE_HEADER: AACAGTTATTCAAGT|CONSCOUNT=77|PRCONS=IGHA|PRFREQ=1.0

- TGGTTGGGTCGAAGC
  STATUS: SAME_SEQUENCE
  SMALL_HEADER: TGGTTGGGTCGAAGC|CONSCOUNT=6|PRCONS=IGHG|PRFREQ=1.0
  LARGE_HEADER: TGGTTGGGTCGAAGC|CONSCOUNT=15|PRCONS=IGHG|PRFREQ=1.0

- AAATAATAATCCTGG
  STATUS: FOUND_DIFFERENT
  SMALL_HEADER: AAATAATAATCCTGG|CONSCOUNT=1|PRCONS=IGHG|PRFREQ=1.0
  LARGE_HEADER: AAATAATAATCCTGG|CONSCOUNT=2|PRCONS=IGHG|PRFREQ=1.0

- CACACGGTCTGGTCT
  STATUS: SAME_SEQUENCE
  SMALL_HEADER: CACACGGTCTGGTCT|CONSCOUNT=2|PRCONS=IGHG|PRFREQ=1.0
  LARGE_HEADER: CACACGGTCTGGTCT|CONSCOUNT=4|PRCONS=IGHG|PRFREQ=1.0

- AGATCACTGTACGCT
  STATUS: FOUND_DIFFERENT
  SMALL_HEADER: AGATCACTGTACGCT|CONSCOUNT=1|PRCONS=IGHG|PRFREQ=1.0
  LARGE_HEADER: AGATCACTGTACGCT|CONSCOUNT=11|PRCONS=IGHG|PRFREQ=1.0

- TCGCTACATTCGTGC
  STATUS: SAME_SEQUENCE
  SMALL_HEADER: TCGCTACATTCGTGC|CONSCOUNT=3|PRCONS=IGHG|PRFREQ=1.0
  LARGE_HEADER: TCGCTACATTCGTGC|CONSCOUNT=8|PRCONS=IGHG|PRFREQ=1.0

- CTCAAGTTTTCTCTG
  STATUS: SAME_SEQUENCE
  SMALL_HEADER: CTCAAGTTTTCTCTG|CONSCOUNT=2|PRCONS=IGHE|PRFREQ=1.0
  LARGE_HEADER: CTCAAGTTTTCTCTG|CONSCOUNT=13|PRCONS=IGHE|PRFREQ=1.0

- AGAGGGACGTGAAAG
  STATUS: SAME_SEQUENCE
  SMALL_HEADER: AGAGGGACGTGAAAG|CONSCOUNT=6|PRCONS=IGHG|PRFREQ=1.0
  LARGE_HEADER: AGAGGGACGTGAAAG|CONSCOUNT=25|PRCONS=IGHG|PRFREQ=1.0

- GAGTCTAGAGACGTA
  STATUS: SAME_SEQUENCE
  SMALL_HEADER: GAGTCTAGAGACGTA|CONSCOUNT=52|PRCONS=IGHG|PRFREQ=1.0
  LARGE_HEADER: GAGTCTAGAGACGTA|CONSCOUNT=231|PRCONS=IGHG|PRFREQ=1.0

- CAAATTTCTGAAACA
  STATUS: IDENTICAL
  SMALL_HEADER: CAAATTTCTGAAACA|CONSCOUNT=1|PRCONS=IGHG|PRFREQ=1.0
  LARGE_HEADER: CAAATTTCTGAAACA|CONSCOUNT=1|PRCONS=IGHG|PRFREQ=1.0

- TCGTAGGTACGTAAA
  STATUS: SAME_SEQUENCE
  SMALL_HEADER: TCGTAGGTACGTAAA|CONSCOUNT=89|PRCONS=IGHG|PRFREQ=1.0
  LARGE_HEADER: TCGTAGGTACGTAAA|CONSCOUNT=405|PRCONS=IGHG|PRFREQ=1.0

- ATGCTAATGTCAGTA
  STATUS: SAME_SEQUENCE
  SMALL_HEADER: ATGCTAATGTCAGTA|CONSCOUNT=15|PRCONS=IGHG|PRFREQ=1.0
  LARGE_HEADER: ATGCTAATGTCAGTA|CONSCOUNT=55|PRCONS=IGHG|PRFREQ=1.0

- TGATTCGGTGTTGGG
  STATUS: SAME_SEQUENCE
  SMALL_HEADER: TGATTCGGTGTTGGG|CONSCOUNT=1|PRCONS=IGHA|PRFREQ=1.0
  LARGE_HEADER: TGATTCGGTGTTGGG|CONSCOUNT=6|PRCONS=IGHA|PRFREQ=1.0

- AGCCTGTCAGCTCTG
  STATUS: SAME_SEQUENCE
  SMALL_HEADER: AGCCTGTCAGCTCTG|CONSCOUNT=5|PRCONS=IGHG|PRFREQ=1.0
  LARGE_HEADER: AGCCTGTCAGCTCTG|CONSCOUNT=16|PRCONS=IGHG|PRFREQ=1.0

- AGTCGTGTTACGCTT
  STATUS: SAME_SEQUENCE
  SMALL_HEADER: AGTCGTGTTACGCTT|CONSCOUNT=2|PRCONS=IGHA|PRFREQ=1.0
  LARGE_HEADER: AGTCGTGTTACGCTT|CONSCOUNT=12|PRCONS=IGHA|PRFREQ=1.0

- GTAGATGTGGTGGGA
  STATUS: SAME_SEQUENCE
  SMALL_HEADER: GTAGATGTGGTGGGA|CONSCOUNT=3|PRCONS=IGHG|PRFREQ=1.0
  LARGE_HEADER: GTAGATGTGGTGGGA|CONSCOUNT=5|PRCONS=IGHG|PRFREQ=1.0

- CTTAGAGATCTACTG
  STATUS: SAME_SEQUENCE
  SMALL_HEADER: CTTAGAGATCTACTG|CONSCOUNT=4|PRCONS=IGHA|PRFREQ=1.0
  LARGE_HEADER: CTTAGAGATCTACTG|CONSCOUNT=8|PRCONS=IGHA|PRFREQ=1.0

- TTCAACGATGTCTCA
  STATUS: FOUND_DIFFERENT
  SMALL_HEADER: TTCAACGATGTCTCA|CONSCOUNT=1|PRCONS=IGHA|PRFREQ=1.0
  LARGE_HEADER: TTCAACGATGTCTCA|CONSCOUNT=6|PRCONS=IGHA|PRFREQ=1.0

- TTCATTGACGTCGAT
  STATUS: SAME_SEQUENCE
  SMALL_HEADER: TTCATTGACGTCGAT|CONSCOUNT=17|PRCONS=IGHA|PRFREQ=1.0
  LARGE_HEADER: TTCATTGACGTCGAT|CONSCOUNT=49|PRCONS=IGHA|PRFREQ=1.0

- GTTACTGGTTTGGCG
  STATUS: SAME_SEQUENCE
  SMALL_HEADER: GTTACTGGTTTGGCG|CONSCOUNT=2|PRCONS=IGHD|PRFREQ=1.0
  LARGE_HEADER: GTTACTGGTTTGGCG|CONSCOUNT=4|PRCONS=IGHD|PRFREQ=1.0

- CGGCGGCGAAGTGTG
  STATUS: SAME_SEQUENCE
  SMALL_HEADER: CGGCGGCGAAGTGTG|CONSCOUNT=11|PRCONS=IGHG|PRFREQ=1.0
  LARGE_HEADER: CGGCGGCGAAGTGTG|CONSCOUNT=162|PRCONS=IGHG|PRFREQ=1.0

- CGCTCTCTAGTATAT
  STATUS: SAME_SEQUENCE
  SMALL_HEADER: CGCTCTCTAGTATAT|CONSCOUNT=10|PRCONS=IGHM|PRFREQ=1.0
  LARGE_HEADER: CGCTCTCTAGTATAT|CONSCOUNT=79|PRCONS=IGHM|PRFREQ=1.0

- CATATCCACGTAAAG
  STATUS: SAME_SEQUENCE
  SMALL_HEADER: CATATCCACGTAAAG|CONSCOUNT=13|PRCONS=IGHM|PRFREQ=1.0
  LARGE_HEADER: CATATCCACGTAAAG|CONSCOUNT=177|PRCONS=IGHM|PRFREQ=1.0

- AAGGCCCCAGGCAAG
  STATUS: SAME_SEQUENCE
  SMALL_HEADER: AAGGCCCCAGGCAAG|CONSCOUNT=1|PRCONS=IGHE|PRFREQ=1.0
  LARGE_HEADER: AAGGCCCCAGGCAAG|CONSCOUNT=2|PRCONS=IGHE|PRFREQ=1.0

- TCTAGCAAGCTTGGA
  STATUS: SAME_SEQUENCE
  SMALL_HEADER: TCTAGCAAGCTTGGA|CONSCOUNT=2|PRCONS=IGHA|PRFREQ=1.0
  LARGE_HEADER: TCTAGCAAGCTTGGA|CONSCOUNT=4|PRCONS=IGHA|PRFREQ=1.0

- GGGTTGGCCCTTACC
  STATUS: SAME_SEQUENCE
  SMALL_HEADER: GGGTTGGCCCTTACC|CONSCOUNT=4|PRCONS=IGHG|PRFREQ=1.0
  LARGE_HEADER: GGGTTGGCCCTTACC|CONSCOUNT=10|PRCONS=IGHG|PRFREQ=1.0

- GAAACATATGTGTGT
  STATUS: SAME_SEQUENCE
  SMALL_HEADER: GAAACATATGTGTGT|CONSCOUNT=14|PRCONS=IGHG|PRFREQ=1.0
  LARGE_HEADER: GAAACATATGTGTGT|CONSCOUNT=35|PRCONS=IGHG|PRFREQ=1.0

- CGATGTATATCTTTA
  STATUS: SAME_SEQUENCE
  SMALL_HEADER: CGATGTATATCTTTA|CONSCOUNT=2|PRCONS=IGHD|PRFREQ=1.0
  LARGE_HEADER: CGATGTATATCTTTA|CONSCOUNT=8|PRCONS=IGHD|PRFREQ=1.0

- TACGGTTCACCTCAC
  STATUS: SAME_SEQUENCE
  SMALL_HEADER: TACGGTTCACCTCAC|CONSCOUNT=4|PRCONS=IGHA|PRFREQ=1.0
  LARGE_HEADER: TACGGTTCACCTCAC|CONSCOUNT=6|PRCONS=IGHA|PRFREQ=1.0

- GCAGAGTTTTTGCAA
  STATUS: SAME_SEQUENCE
  SMALL_HEADER: GCAGAGTTTTTGCAA|CONSCOUNT=30|PRCONS=IGHA|PRFREQ=1.0
  LARGE_HEADER: GCAGAGTTTTTGCAA|CONSCOUNT=69|PRCONS=IGHA|PRFREQ=1.0

- TCTGGGGGGAGTGTG
  STATUS: IDENTICAL
  SMALL_HEADER: TCTGGGGGGAGTGTG|CONSCOUNT=2|PRCONS=IGHG|PRFREQ=1.0
  LARGE_HEADER: TCTGGGGGGAGTGTG|CONSCOUNT=2|PRCONS=IGHG|PRFREQ=1.0

- TCCGTCAAATTTTCG
  STATUS: SAME_SEQUENCE
  SMALL_HEADER: TCCGTCAAATTTTCG|CONSCOUNT=24|PRCONS=IGHG|PRFREQ=1.0
  LARGE_HEADER: TCCGTCAAATTTTCG|CONSCOUNT=36|PRCONS=IGHG|PRFREQ=1.0

- CATATTTACAGTGGT
  STATUS: FOUND_DIFFERENT
  SMALL_HEADER: CATATTTACAGTGGT|CONSCOUNT=2|PRCONS=IGHA|PRFREQ=1.0
  LARGE_HEADER: CATATTTACAGTGGT|CONSCOUNT=4|PRCONS=IGHA|PRFREQ=1.0

- AGTGATAACAATCTG
  STATUS: IDENTICAL
  SMALL_HEADER: AGTGATAACAATCTG|CONSCOUNT=1|PRCONS=IGHA|PRFREQ=1.0
  LARGE_HEADER: AGTGATAACAATCTG|CONSCOUNT=1|PRCONS=IGHA|PRFREQ=1.0

- GTGAGTGGAGGGCAA
  STATUS: IDENTICAL
  SMALL_HEADER: GTGAGTGGAGGGCAA|CONSCOUNT=1|PRCONS=IGHA|PRFREQ=1.0
  LARGE_HEADER: GTGAGTGGAGGGCAA|CONSCOUNT=1|PRCONS=IGHA|PRFREQ=1.0

- GGAGAAGGCGGGTAT
  STATUS: SAME_SEQUENCE
  SMALL_HEADER: GGAGAAGGCGGGTAT|CONSCOUNT=1|PRCONS=IGHA|PRFREQ=1.0
  LARGE_HEADER: GGAGAAGGCGGGTAT|CONSCOUNT=2|PRCONS=IGHA|PRFREQ=1.0

- TCATCGCTTCGTTGC
  STATUS: SAME_SEQUENCE
  SMALL_HEADER: TCATCGCTTCGTTGC|CONSCOUNT=43|PRCONS=IGHG|PRFREQ=1.0
  LARGE_HEADER: TCATCGCTTCGTTGC|CONSCOUNT=445|PRCONS=IGHG|PRFREQ=1.0

- TCCAATTCATGTCGC
  STATUS: SAME_SEQUENCE
  SMALL_HEADER: TCCAATTCATGTCGC|CONSCOUNT=4|PRCONS=IGHG|PRFREQ=1.0
  LARGE_HEADER: TCCAATTCATGTCGC|CONSCOUNT=14|PRCONS=IGHG|PRFREQ=1.0

- AGGTCTACAGATGCG
  STATUS: SAME_SEQUENCE
  SMALL_HEADER: AGGTCTACAGATGCG|CONSCOUNT=4|PRCONS=IGHA|PRFREQ=1.0
  LARGE_HEADER: AGGTCTACAGATGCG|CONSCOUNT=6|PRCONS=IGHA|PRFREQ=1.0

- TAGGATGTTCATCAC
  STATUS: SAME_SEQUENCE
  SMALL_HEADER: TAGGATGTTCATCAC|CONSCOUNT=8|PRCONS=IGHG|PRFREQ=1.0
  LARGE_HEADER: TAGGATGTTCATCAC|CONSCOUNT=26|PRCONS=IGHG|PRFREQ=1.0

- TCATCTCCTATGTCC
  STATUS: SAME_SEQUENCE
  SMALL_HEADER: TCATCTCCTATGTCC|CONSCOUNT=6|PRCONS=IGHG|PRFREQ=1.0
  LARGE_HEADER: TCATCTCCTATGTCC|CONSCOUNT=13|PRCONS=IGHG|PRFREQ=1.0

- CCCCGCGTTTTCCCT
  STATUS: SAME_SEQUENCE
  SMALL_HEADER: CCCCGCGTTTTCCCT|CONSCOUNT=57|PRCONS=IGHG|PRFREQ=1.0
  LARGE_HEADER: CCCCGCGTTTTCCCT|CONSCOUNT=274|PRCONS=IGHG|PRFREQ=1.0

- CTGCATCGTTCTCTC
  STATUS: SAME_SEQUENCE
  SMALL_HEADER: CTGCATCGTTCTCTC|CONSCOUNT=25|PRCONS=IGHM|PRFREQ=1.0
  LARGE_HEADER: CTGCATCGTTCTCTC|CONSCOUNT=201|PRCONS=IGHM|PRFREQ=1.0

- TGCGCCTGGAATCAG
  STATUS: SAME_SEQUENCE
  SMALL_HEADER: TGCGCCTGGAATCAG|CONSCOUNT=12|PRCONS=IGHG|PRFREQ=1.0
  LARGE_HEADER: TGCGCCTGGAATCAG|CONSCOUNT=101|PRCONS=IGHG|PRFREQ=1.0

- ATTTAAACCCGCTGT
  STATUS: SAME_SEQUENCE
  SMALL_HEADER: ATTTAAACCCGCTGT|CONSCOUNT=4|PRCONS=IGHG|PRFREQ=1.0
  LARGE_HEADER: ATTTAAACCCGCTGT|CONSCOUNT=10|PRCONS=IGHG|PRFREQ=1.0

- CAAGGGATACAGCGT
  STATUS: SAME_SEQUENCE
  SMALL_HEADER: CAAGGGATACAGCGT|CONSCOUNT=7|PRCONS=IGHG|PRFREQ=1.0
  LARGE_HEADER: CAAGGGATACAGCGT|CONSCOUNT=45|PRCONS=IGHG|PRFREQ=1.0

- TACATGCATCCCATA
  STATUS: FOUND_DIFFERENT
  SMALL_HEADER: TACATGCATCCCATA|CONSCOUNT=1|PRCONS=IGHD|PRFREQ=1.0
  LARGE_HEADER: TACATGCATCCCATA|CONSCOUNT=9|PRCONS=IGHD|PRFREQ=1.0

- CGAGCGGCGATTGAT
  STATUS: SAME_SEQUENCE
  SMALL_HEADER: CGAGCGGCGATTGAT|CONSCOUNT=19|PRCONS=IGHG|PRFREQ=1.0
  LARGE_HEADER: CGAGCGGCGATTGAT|CONSCOUNT=99|PRCONS=IGHG|PRFREQ=1.0

- AGAAGTGTTTGCTGG
  STATUS: SAME_SEQUENCE
  SMALL_HEADER: AGAAGTGTTTGCTGG|CONSCOUNT=22|PRCONS=IGHG|PRFREQ=1.0
  LARGE_HEADER: AGAAGTGTTTGCTGG|CONSCOUNT=38|PRCONS=IGHG|PRFREQ=1.0

- ATGTTTAACGTACGA
  STATUS: FOUND_DIFFERENT
  SMALL_HEADER: ATGTTTAACGTACGA|CONSCOUNT=1|PRCONS=IGHD|PRFREQ=1.0
  LARGE_HEADER: ATGTTTAACGTACGA|CONSCOUNT=3|PRCONS=IGHD|PRFREQ=1.0

- GGTGCGGTTACGATC
  STATUS: SAME_SEQUENCE
  SMALL_HEADER: GGTGCGGTTACGATC|CONSCOUNT=51|PRCONS=IGHM|PRFREQ=1.0
  LARGE_HEADER: GGTGCGGTTACGATC|CONSCOUNT=1109|PRCONS=IGHM|PRFREQ=1.0

- GGAGGGGGCGTTCCC
  STATUS: SAME_SEQUENCE
  SMALL_HEADER: GGAGGGGGCGTTCCC|CONSCOUNT=3|PRCONS=IGHG|PRFREQ=1.0
  LARGE_HEADER: GGAGGGGGCGTTCCC|CONSCOUNT=7|PRCONS=IGHG|PRFREQ=1.0

- CTTATAGTTGAACAG
  STATUS: SAME_SEQUENCE
  SMALL_HEADER: CTTATAGTTGAACAG|CONSCOUNT=6|PRCONS=IGHG|PRFREQ=1.0
  LARGE_HEADER: CTTATAGTTGAACAG|CONSCOUNT=71|PRCONS=IGHG|PRFREQ=1.0

- TACAGCGAGGCAGGG
  STATUS: SAME_SEQUENCE
  SMALL_HEADER: TACAGCGAGGCAGGG|CONSCOUNT=4|PRCONS=IGHA|PRFREQ=1.0
  LARGE_HEADER: TACAGCGAGGCAGGG|CONSCOUNT=24|PRCONS=IGHA|PRFREQ=1.0

- CTGGGGGAAGGAGTG
  STATUS: SAME_SEQUENCE
  SMALL_HEADER: CTGGGGGAAGGAGTG|CONSCOUNT=6|PRCONS=IGHG|PRFREQ=1.0
  LARGE_HEADER: CTGGGGGAAGGAGTG|CONSCOUNT=109|PRCONS=IGHG|PRFREQ=1.0

- GGCTGTATGTCGCTA
  STATUS: SAME_SEQUENCE
  SMALL_HEADER: GGCTGTATGTCGCTA|CONSCOUNT=7|PRCONS=IGHG|PRFREQ=1.0
  LARGE_HEADER: GGCTGTATGTCGCTA|CONSCOUNT=26|PRCONS=IGHG|PRFREQ=1.0

- TTTTCTCAATTGCTG
  STATUS: FOUND_DIFFERENT
  SMALL_HEADER: TTTTCTCAATTGCTG|CONSCOUNT=1|PRCONS=IGHA|PRFREQ=1.0
  LARGE_HEADER: TTTTCTCAATTGCTG|CONSCOUNT=4|PRCONS=IGHA|PRFREQ=1.0

- TCGCAAATTACCATA
  STATUS: FOUND_DIFFERENT
  SMALL_HEADER: TCGCAAATTACCATA|CONSCOUNT=2|PRCONS=IGHG|PRFREQ=1.0
  LARGE_HEADER: TCGCAAATTACCATA|CONSCOUNT=5|PRCONS=IGHG|PRFREQ=1.0

- ACTAGTCTACATAGG
  STATUS: IDENTICAL
  SMALL_HEADER: ACTAGTCTACATAGG|CONSCOUNT=1|PRCONS=IGHA|PRFREQ=1.0
  LARGE_HEADER: ACTAGTCTACATAGG|CONSCOUNT=1|PRCONS=IGHA|PRFREQ=1.0

- CTGTTGACACTCTTC
  STATUS: SAME_SEQUENCE
  SMALL_HEADER: CTGTTGACACTCTTC|CONSCOUNT=33|PRCONS=IGHM|PRFREQ=1.0
  LARGE_HEADER: CTGTTGACACTCTTC|CONSCOUNT=349|PRCONS=IGHM|PRFREQ=1.0

- ACATGGAATATTGAT
  STATUS: FOUND_DIFFERENT
  SMALL_HEADER: ACATGGAATATTGAT|CONSCOUNT=3|PRCONS=IGHD|PRFREQ=1.0
  LARGE_HEADER: ACATGGAATATTGAT|CONSCOUNT=5|PRCONS=IGHD|PRFREQ=1.0

- TTACACTTTTTGGTC
  STATUS: IDENTICAL
  SMALL_HEADER: TTACACTTTTTGGTC|CONSCOUNT=1|PRCONS=IGHD|PRFREQ=1.0
  LARGE_HEADER: TTACACTTTTTGGTC|CONSCOUNT=1|PRCONS=IGHD|PRFREQ=1.0

- GTCGGGATCACAGGG
  STATUS: SAME_SEQUENCE
  SMALL_HEADER: GTCGGGATCACAGGG|CONSCOUNT=2|PRCONS=IGHA|PRFREQ=1.0
  LARGE_HEADER: GTCGGGATCACAGGG|CONSCOUNT=3|PRCONS=IGHA|PRFREQ=1.0

- TCAAGTTCAACGTCA
  STATUS: IDENTICAL
  SMALL_HEADER: TCAAGTTCAACGTCA|CONSCOUNT=1|PRCONS=IGHG|PRFREQ=1.0
  LARGE_HEADER: TCAAGTTCAACGTCA|CONSCOUNT=1|PRCONS=IGHG|PRFREQ=1.0

- GGTTGTTCGACGCTT
  STATUS: SAME_SEQUENCE
  SMALL_HEADER: GGTTGTTCGACGCTT|CONSCOUNT=26|PRCONS=IGHM|PRFREQ=1.0
  LARGE_HEADER: GGTTGTTCGACGCTT|CONSCOUNT=101|PRCONS=IGHM|PRFREQ=1.0

- TATGTGTGCTTTTTT
  STATUS: SAME_SEQUENCE
  SMALL_HEADER: TATGTGTGCTTTTTT|CONSCOUNT=1|PRCONS=IGHA|PRFREQ=1.0
  LARGE_HEADER: TATGTGTGCTTTTTT|CONSCOUNT=5|PRCONS=IGHA|PRFREQ=1.0

- TTATCCCAACTGTCC
  STATUS: SAME_SEQUENCE
  SMALL_HEADER: TTATCCCAACTGTCC|CONSCOUNT=5|PRCONS=IGHA|PRFREQ=1.0
  LARGE_HEADER: TTATCCCAACTGTCC|CONSCOUNT=21|PRCONS=IGHA|PRFREQ=1.0

- ATAGGAATTGTTGTA
  STATUS: IDENTICAL
  SMALL_HEADER: ATAGGAATTGTTGTA|CONSCOUNT=2|PRCONS=IGHA|PRFREQ=1.0
  LARGE_HEADER: ATAGGAATTGTTGTA|CONSCOUNT=2|PRCONS=IGHA|PRFREQ=1.0

- TGGCGTAGTGACCGG
  STATUS: IDENTICAL
  SMALL_HEADER: TGGCGTAGTGACCGG|CONSCOUNT=1|PRCONS=IGHG|PRFREQ=1.0
  LARGE_HEADER: TGGCGTAGTGACCGG|CONSCOUNT=1|PRCONS=IGHG|PRFREQ=1.0

- CTGATTCCTGAACGC
  STATUS: SAME_SEQUENCE
  SMALL_HEADER: CTGATTCCTGAACGC|CONSCOUNT=3|PRCONS=IGHG|PRFREQ=1.0
  LARGE_HEADER: CTGATTCCTGAACGC|CONSCOUNT=9|PRCONS=IGHG|PRFREQ=1.0

- GCCGGCTTTCACTGT
  STATUS: FOUND_DIFFERENT
  SMALL_HEADER: GCCGGCTTTCACTGT|CONSCOUNT=2|PRCONS=IGHG|PRFREQ=1.0
  LARGE_HEADER: GCCGGCTTTCACTGT|CONSCOUNT=9|PRCONS=IGHG|PRFREQ=1.0

- ATTAGTTAATCTTGT
  STATUS: SAME_SEQUENCE
  SMALL_HEADER: ATTAGTTAATCTTGT|CONSCOUNT=10|PRCONS=IGHA|PRFREQ=1.0
  LARGE_HEADER: ATTAGTTAATCTTGT|CONSCOUNT=15|PRCONS=IGHA|PRFREQ=1.0

- ACCCTAGCATATCGA
  STATUS: SAME_SEQUENCE
  SMALL_HEADER: ACCCTAGCATATCGA|CONSCOUNT=1|PRCONS=IGHA|PRFREQ=1.0
  LARGE_HEADER: ACCCTAGCATATCGA|CONSCOUNT=4|PRCONS=IGHA|PRFREQ=1.0

- GAGTAGGGTCCTTGA
  STATUS: SAME_SEQUENCE
  SMALL_HEADER: GAGTAGGGTCCTTGA|CONSCOUNT=14|PRCONS=IGHM|PRFREQ=1.0
  LARGE_HEADER: GAGTAGGGTCCTTGA|CONSCOUNT=301|PRCONS=IGHM|PRFREQ=1.0

- GCGTTTTTGCACTTG
  STATUS: FOUND_DIFFERENT
  SMALL_HEADER: GCGTTTTTGCACTTG|CONSCOUNT=2|PRCONS=IGHA|PRFREQ=1.0
  LARGE_HEADER: GCGTTTTTGCACTTG|CONSCOUNT=8|PRCONS=IGHA|PRFREQ=1.0

- GACTTCAAGGGGGTG
  STATUS: SAME_SEQUENCE
  SMALL_HEADER: GACTTCAAGGGGGTG|CONSCOUNT=9|PRCONS=IGHE|PRFREQ=1.0
  LARGE_HEADER: GACTTCAAGGGGGTG|CONSCOUNT=33|PRCONS=IGHE|PRFREQ=1.0

- GGAAGGTAACGTGCA
  STATUS: SAME_SEQUENCE
  SMALL_HEADER: GGAAGGTAACGTGCA|CONSCOUNT=15|PRCONS=IGHA|PRFREQ=1.0
  LARGE_HEADER: GGAAGGTAACGTGCA|CONSCOUNT=30|PRCONS=IGHA|PRFREQ=1.0

- TGGCGCTGGTTTGAC
  STATUS: IDENTICAL
  SMALL_HEADER: TGGCGCTGGTTTGAC|CONSCOUNT=1|PRCONS=IGHA|PRFREQ=1.0
  LARGE_HEADER: TGGCGCTGGTTTGAC|CONSCOUNT=1|PRCONS=IGHA|PRFREQ=1.0

- TGTACGCAAACGTCA
  STATUS: IDENTICAL
  SMALL_HEADER: TGTACGCAAACGTCA|CONSCOUNT=1|PRCONS=IGHG|PRFREQ=1.0
  LARGE_HEADER: TGTACGCAAACGTCA|CONSCOUNT=1|PRCONS=IGHG|PRFREQ=1.0

- CAGGTTTCGGAAGTG
  STATUS: IDENTICAL
  SMALL_HEADER: CAGGTTTCGGAAGTG|CONSCOUNT=1|PRCONS=IGHA|PRFREQ=1.0
  LARGE_HEADER: CAGGTTTCGGAAGTG|CONSCOUNT=1|PRCONS=IGHA|PRFREQ=1.0

- ACTTTCAATGCGGAA
  STATUS: SAME_SEQUENCE
  SMALL_HEADER: ACTTTCAATGCGGAA|CONSCOUNT=13|PRCONS=IGHA|PRFREQ=1.0
  LARGE_HEADER: ACTTTCAATGCGGAA|CONSCOUNT=29|PRCONS=IGHA|PRFREQ=1.0

- GTCATTGTTCTACTT
  STATUS: FOUND_DIFFERENT
  SMALL_HEADER: GTCATTGTTCTACTT|CONSCOUNT=1|PRCONS=IGHA|PRFREQ=1.0
  LARGE_HEADER: GTCATTGTTCTACTT|CONSCOUNT=2|PRCONS=IGHA|PRFREQ=1.0

- CTAGAGGATGCGCAT
  STATUS: SAME_SEQUENCE
  SMALL_HEADER: CTAGAGGATGCGCAT|CONSCOUNT=21|PRCONS=IGHG|PRFREQ=1.0
  LARGE_HEADER: CTAGAGGATGCGCAT|CONSCOUNT=276|PRCONS=IGHG|PRFREQ=1.0

- CATGCGGGCGGGCGG
  STATUS: FOUND_DIFFERENT
  SMALL_HEADER: CATGCGGGCGGGCGG|CONSCOUNT=1|PRCONS=IGHA|PRFREQ=1.0
  LARGE_HEADER: CATGCGGGCGGGCGG|CONSCOUNT=2|PRCONS=IGHA|PRFREQ=1.0

- ATAACGAGAATGACC
  STATUS: SAME_SEQUENCE
  SMALL_HEADER: ATAACGAGAATGACC|CONSCOUNT=5|PRCONS=IGHG|PRFREQ=1.0
  LARGE_HEADER: ATAACGAGAATGACC|CONSCOUNT=13|PRCONS=IGHG|PRFREQ=1.0

- CTTCGTTCTACAATA
  STATUS: SAME_SEQUENCE
  SMALL_HEADER: CTTCGTTCTACAATA|CONSCOUNT=3|PRCONS=IGHD|PRFREQ=1.0
  LARGE_HEADER: CTTCGTTCTACAATA|CONSCOUNT=17|PRCONS=IGHD|PRFREQ=1.0

- TATTTCATTACTCGT
  STATUS: SAME_SEQUENCE
  SMALL_HEADER: TATTTCATTACTCGT|CONSCOUNT=7|PRCONS=IGHE|PRFREQ=1.0
  LARGE_HEADER: TATTTCATTACTCGT|CONSCOUNT=61|PRCONS=IGHE|PRFREQ=1.0

- ATTTATATCAGCTTG
  STATUS: FOUND_DIFFERENT
  SMALL_HEADER: ATTTATATCAGCTTG|CONSCOUNT=1|PRCONS=IGHA|PRFREQ=1.0
  LARGE_HEADER: ATTTATATCAGCTTG|CONSCOUNT=4|PRCONS=IGHA|PRFREQ=1.0

- CCGCACAATAAATTC
  STATUS: SAME_SEQUENCE
  SMALL_HEADER: CCGCACAATAAATTC|CONSCOUNT=7|PRCONS=IGHA|PRFREQ=1.0
  LARGE_HEADER: CCGCACAATAAATTC|CONSCOUNT=75|PRCONS=IGHA|PRFREQ=1.0

- TGTGTGTATGGAGGG
  STATUS: SAME_SEQUENCE
  SMALL_HEADER: TGTGTGTATGGAGGG|CONSCOUNT=121|PRCONS=IGHA|PRFREQ=1.0
  LARGE_HEADER: TGTGTGTATGGAGGG|CONSCOUNT=766|PRCONS=IGHA|PRFREQ=1.0

- TTCCTTCCCATATTG
  STATUS: SAME_SEQUENCE
  SMALL_HEADER: TTCCTTCCCATATTG|CONSCOUNT=1|PRCONS=IGHA|PRFREQ=1.0
  LARGE_HEADER: TTCCTTCCCATATTG|CONSCOUNT=5|PRCONS=IGHA|PRFREQ=1.0

- ACTTAGTGTGTATAC
  STATUS: SAME_SEQUENCE
  SMALL_HEADER: ACTTAGTGTGTATAC|CONSCOUNT=6|PRCONS=IGHA|PRFREQ=1.0
  LARGE_HEADER: ACTTAGTGTGTATAC|CONSCOUNT=99|PRCONS=IGHA|PRFREQ=1.0

- GATTACTTCAGTATA
  STATUS: SAME_SEQUENCE
  SMALL_HEADER: GATTACTTCAGTATA|CONSCOUNT=10|PRCONS=IGHA|PRFREQ=1.0
  LARGE_HEADER: GATTACTTCAGTATA|CONSCOUNT=31|PRCONS=IGHA|PRFREQ=1.0

- GTCTTATTCTTACTG
  STATUS: IDENTICAL
  SMALL_HEADER: GTCTTATTCTTACTG|CONSCOUNT=6|PRCONS=IGHD|PRFREQ=1.0
  LARGE_HEADER: GTCTTATTCTTACTG|CONSCOUNT=6|PRCONS=IGHD|PRFREQ=1.0

- ATTTTCACCCTGGCG
  STATUS: IDENTICAL
  SMALL_HEADER: ATTTTCACCCTGGCG|CONSCOUNT=1|PRCONS=IGHA|PRFREQ=1.0
  LARGE_HEADER: ATTTTCACCCTGGCG|CONSCOUNT=1|PRCONS=IGHA|PRFREQ=1.0

- CCAAGAAGTATTTTA
  STATUS: IDENTICAL
  SMALL_HEADER: CCAAGAAGTATTTTA|CONSCOUNT=1|PRCONS=IGHG|PRFREQ=1.0
  LARGE_HEADER: CCAAGAAGTATTTTA|CONSCOUNT=1|PRCONS=IGHG|PRFREQ=1.0

- TGTGTCTGTTGACAT
  STATUS: IDENTICAL
  SMALL_HEADER: TGTGTCTGTTGACAT|CONSCOUNT=2|PRCONS=IGHG|PRFREQ=1.0
  LARGE_HEADER: TGTGTCTGTTGACAT|CONSCOUNT=2|PRCONS=IGHG|PRFREQ=1.0

- TTCAGCCCTATCTTT
  STATUS: SAME_SEQUENCE
  SMALL_HEADER: TTCAGCCCTATCTTT|CONSCOUNT=3|PRCONS=IGHA|PRFREQ=1.0
  LARGE_HEADER: TTCAGCCCTATCTTT|CONSCOUNT=7|PRCONS=IGHA|PRFREQ=1.0

- TGAGCGATAGATAAT
  STATUS: SAME_SEQUENCE
  SMALL_HEADER: TGAGCGATAGATAAT|CONSCOUNT=1|PRCONS=IGHG|PRFREQ=1.0
  LARGE_HEADER: TGAGCGATAGATAAT|CONSCOUNT=4|PRCONS=IGHG|PRFREQ=1.0

- GGTCGTTTCGGAGGG
  STATUS: SAME_SEQUENCE
  SMALL_HEADER: GGTCGTTTCGGAGGG|CONSCOUNT=44|PRCONS=IGHM|PRFREQ=1.0
  LARGE_HEADER: GGTCGTTTCGGAGGG|CONSCOUNT=251|PRCONS=IGHM|PRFREQ=1.0

- TGGCTACGTATAAAC
  STATUS: SAME_SEQUENCE
  SMALL_HEADER: TGGCTACGTATAAAC|CONSCOUNT=2|PRCONS=IGHG|PRFREQ=1.0
  LARGE_HEADER: TGGCTACGTATAAAC|CONSCOUNT=4|PRCONS=IGHG|PRFREQ=1.0

- CATATGGGTATCCTA
  STATUS: FOUND_DIFFERENT
  SMALL_HEADER: CATATGGGTATCCTA|CONSCOUNT=1|PRCONS=IGHA|PRFREQ=1.0
  LARGE_HEADER: CATATGGGTATCCTA|CONSCOUNT=2|PRCONS=IGHA|PRFREQ=1.0

- CTTTCACTCATGACT
  STATUS: SAME_SEQUENCE
  SMALL_HEADER: CTTTCACTCATGACT|CONSCOUNT=12|PRCONS=IGHA|PRFREQ=1.0
  LARGE_HEADER: CTTTCACTCATGACT|CONSCOUNT=222|PRCONS=IGHA|PRFREQ=1.0

- TTTCCTGTTACTCCT
  STATUS: SAME_SEQUENCE
  SMALL_HEADER: TTTCCTGTTACTCCT|CONSCOUNT=3|PRCONS=IGHG|PRFREQ=1.0
  LARGE_HEADER: TTTCCTGTTACTCCT|CONSCOUNT=4|PRCONS=IGHG|PRFREQ=1.0

- GTATAAATTAAATTA
  STATUS: SAME_SEQUENCE
  SMALL_HEADER: GTATAAATTAAATTA|CONSCOUNT=3|PRCONS=IGHA|PRFREQ=1.0
  LARGE_HEADER: GTATAAATTAAATTA|CONSCOUNT=4|PRCONS=IGHA|PRFREQ=1.0

- TCATCCCGCGCACAC
  STATUS: SAME_SEQUENCE
  SMALL_HEADER: TCATCCCGCGCACAC|CONSCOUNT=68|PRCONS=IGHG|PRFREQ=1.0
  LARGE_HEADER: TCATCCCGCGCACAC|CONSCOUNT=574|PRCONS=IGHG|PRFREQ=1.0

- TCTTCGTATGAGTAT
  STATUS: SAME_SEQUENCE
  SMALL_HEADER: TCTTCGTATGAGTAT|CONSCOUNT=4|PRCONS=IGHG|PRFREQ=1.0
  LARGE_HEADER: TCTTCGTATGAGTAT|CONSCOUNT=9|PRCONS=IGHG|PRFREQ=1.0

- AATGGATATAAACGA
  STATUS: SAME_SEQUENCE
  SMALL_HEADER: AATGGATATAAACGA|CONSCOUNT=1|PRCONS=IGHA|PRFREQ=1.0
  LARGE_HEADER: AATGGATATAAACGA|CONSCOUNT=2|PRCONS=IGHA|PRFREQ=1.0

- TAAAATGGGACGGTC
  STATUS: FOUND_DIFFERENT
  SMALL_HEADER: TAAAATGGGACGGTC|CONSCOUNT=2|PRCONS=IGHA|PRFREQ=1.0
  LARGE_HEADER: TAAAATGGGACGGTC|CONSCOUNT=23|PRCONS=IGHA|PRFREQ=1.0

- TCCCGGATACGATTG
  STATUS: SAME_SEQUENCE
  SMALL_HEADER: TCCCGGATACGATTG|CONSCOUNT=18|PRCONS=IGHM|PRFREQ=1.0
  LARGE_HEADER: TCCCGGATACGATTG|CONSCOUNT=110|PRCONS=IGHM|PRFREQ=1.0

- AATACCGGTGACGGT
  STATUS: SAME_SEQUENCE
  SMALL_HEADER: AATACCGGTGACGGT|CONSCOUNT=1|PRCONS=IGHG|PRFREQ=1.0
  LARGE_HEADER: AATACCGGTGACGGT|CONSCOUNT=5|PRCONS=IGHG|PRFREQ=1.0

- GCAGGTTTTCGTAGT
  STATUS: SAME_SEQUENCE
  SMALL_HEADER: GCAGGTTTTCGTAGT|CONSCOUNT=7|PRCONS=IGHA|PRFREQ=1.0
  LARGE_HEADER: GCAGGTTTTCGTAGT|CONSCOUNT=47|PRCONS=IGHA|PRFREQ=1.0

- TGTCCCTAAAAGTCA
  STATUS: SAME_SEQUENCE
  SMALL_HEADER: TGTCCCTAAAAGTCA|CONSCOUNT=12|PRCONS=IGHA|PRFREQ=1.0
  LARGE_HEADER: TGTCCCTAAAAGTCA|CONSCOUNT=42|PRCONS=IGHA|PRFREQ=1.0

- TTGGTATGAAAATCT
  STATUS: SAME_SEQUENCE
  SMALL_HEADER: TTGGTATGAAAATCT|CONSCOUNT=6|PRCONS=IGHA|PRFREQ=1.0
  LARGE_HEADER: TTGGTATGAAAATCT|CONSCOUNT=25|PRCONS=IGHA|PRFREQ=1.0

- ATTACTTCGATACTC
  STATUS: SAME_SEQUENCE
  SMALL_HEADER: ATTACTTCGATACTC|CONSCOUNT=11|PRCONS=IGHG|PRFREQ=1.0
  LARGE_HEADER: ATTACTTCGATACTC|CONSCOUNT=18|PRCONS=IGHG|PRFREQ=1.0

- TGTGTTGGAAAATTA
  STATUS: SAME_SEQUENCE
  SMALL_HEADER: TGTGTTGGAAAATTA|CONSCOUNT=26|PRCONS=IGHA|PRFREQ=1.0
  LARGE_HEADER: TGTGTTGGAAAATTA|CONSCOUNT=47|PRCONS=IGHA|PRFREQ=1.0

- GTTTTTCTACTGCTC
  STATUS: SAME_SEQUENCE
  SMALL_HEADER: GTTTTTCTACTGCTC|CONSCOUNT=1|PRCONS=IGHA|PRFREQ=1.0
  LARGE_HEADER: GTTTTTCTACTGCTC|CONSCOUNT=4|PRCONS=IGHA|PRFREQ=1.0

- AACGAGTCGAATAGT
  STATUS: SAME_SEQUENCE
  SMALL_HEADER: AACGAGTCGAATAGT|CONSCOUNT=49|PRCONS=IGHG|PRFREQ=1.0
  LARGE_HEADER: AACGAGTCGAATAGT|CONSCOUNT=204|PRCONS=IGHG|PRFREQ=1.0

- GTTTCGAGATCGGGA
  STATUS: SAME_SEQUENCE
  SMALL_HEADER: GTTTCGAGATCGGGA|CONSCOUNT=4|PRCONS=IGHG|PRFREQ=1.0
  LARGE_HEADER: GTTTCGAGATCGGGA|CONSCOUNT=9|PRCONS=IGHG|PRFREQ=1.0

- AGAGTAGTGGGGATA
  STATUS: SAME_SEQUENCE
  SMALL_HEADER: AGAGTAGTGGGGATA|CONSCOUNT=2|PRCONS=IGHG|PRFREQ=1.0
  LARGE_HEADER: AGAGTAGTGGGGATA|CONSCOUNT=6|PRCONS=IGHG|PRFREQ=1.0

- GAGACAGGGTAGGTG
  STATUS: SAME_SEQUENCE
  SMALL_HEADER: GAGACAGGGTAGGTG|CONSCOUNT=5|PRCONS=IGHA|PRFREQ=1.0
  LARGE_HEADER: GAGACAGGGTAGGTG|CONSCOUNT=11|PRCONS=IGHA|PRFREQ=1.0

- GAGAGAGCTTTTCGC
  STATUS: SAME_SEQUENCE
  SMALL_HEADER: GAGAGAGCTTTTCGC|CONSCOUNT=5|PRCONS=IGHD|PRFREQ=1.0
  LARGE_HEADER: GAGAGAGCTTTTCGC|CONSCOUNT=10|PRCONS=IGHD|PRFREQ=1.0

- GGACCACTACTGATG
  STATUS: SAME_SEQUENCE
  SMALL_HEADER: GGACCACTACTGATG|CONSCOUNT=5|PRCONS=IGHG|PRFREQ=1.0
  LARGE_HEADER: GGACCACTACTGATG|CONSCOUNT=24|PRCONS=IGHG|PRFREQ=1.0

- CTATTACTTGCGACA
  STATUS: SAME_SEQUENCE
  SMALL_HEADER: CTATTACTTGCGACA|CONSCOUNT=3|PRCONS=IGHG|PRFREQ=1.0
  LARGE_HEADER: CTATTACTTGCGACA|CONSCOUNT=5|PRCONS=IGHG|PRFREQ=1.0

- TTATAGTACAGTTCC
  STATUS: SAME_SEQUENCE
  SMALL_HEADER: TTATAGTACAGTTCC|CONSCOUNT=13|PRCONS=IGHG|PRFREQ=1.0
  LARGE_HEADER: TTATAGTACAGTTCC|CONSCOUNT=64|PRCONS=IGHG|PRFREQ=1.0

- TAATTCGTTTCGCAA
  STATUS: SAME_SEQUENCE
  SMALL_HEADER: TAATTCGTTTCGCAA|CONSCOUNT=1|PRCONS=IGHA|PRFREQ=1.0
  LARGE_HEADER: TAATTCGTTTCGCAA|CONSCOUNT=2|PRCONS=IGHA|PRFREQ=1.0

- CGTTCAAGTTACTCT
  STATUS: SAME_SEQUENCE
  SMALL_HEADER: CGTTCAAGTTACTCT|CONSCOUNT=22|PRCONS=IGHG|PRFREQ=1.0
  LARGE_HEADER: CGTTCAAGTTACTCT|CONSCOUNT=148|PRCONS=IGHG|PRFREQ=1.0

- CTTGGTACTATGGAG
  STATUS: FOUND_DIFFERENT
  SMALL_HEADER: CTTGGTACTATGGAG|CONSCOUNT=1|PRCONS=IGHA|PRFREQ=1.0
  LARGE_HEADER: CTTGGTACTATGGAG|CONSCOUNT=3|PRCONS=IGHA|PRFREQ=1.0

- AGAGGGGCTGCGTGG
  STATUS: SAME_SEQUENCE
  SMALL_HEADER: AGAGGGGCTGCGTGG|CONSCOUNT=13|PRCONS=IGHG|PRFREQ=1.0
  LARGE_HEADER: AGAGGGGCTGCGTGG|CONSCOUNT=134|PRCONS=IGHG|PRFREQ=1.0

- CTTTAACGGTTCATA
  STATUS: SAME_SEQUENCE
  SMALL_HEADER: CTTTAACGGTTCATA|CONSCOUNT=4|PRCONS=IGHG|PRFREQ=1.0
  LARGE_HEADER: CTTTAACGGTTCATA|CONSCOUNT=9|PRCONS=IGHG|PRFREQ=1.0

- TCCTCGAAGCTTTTA
  STATUS: SAME_SEQUENCE
  SMALL_HEADER: TCCTCGAAGCTTTTA|CONSCOUNT=2|PRCONS=IGHG|PRFREQ=1.0
  LARGE_HEADER: TCCTCGAAGCTTTTA|CONSCOUNT=10|PRCONS=IGHG|PRFREQ=1.0

- ACAATACTTCCGACG
  STATUS: SAME_SEQUENCE
  SMALL_HEADER: ACAATACTTCCGACG|CONSCOUNT=4|PRCONS=IGHG|PRFREQ=1.0
  LARGE_HEADER: ACAATACTTCCGACG|CONSCOUNT=9|PRCONS=IGHG|PRFREQ=1.0

- GATGTCTGCATTTTT
  STATUS: SAME_SEQUENCE
  SMALL_HEADER: GATGTCTGCATTTTT|CONSCOUNT=3|PRCONS=IGHA|PRFREQ=1.0
  LARGE_HEADER: GATGTCTGCATTTTT|CONSCOUNT=122|PRCONS=IGHA|PRFREQ=1.0

- TGCCTACTACTCCGG
  STATUS: SAME_SEQUENCE
  SMALL_HEADER: TGCCTACTACTCCGG|CONSCOUNT=7|PRCONS=IGHG|PRFREQ=1.0
  LARGE_HEADER: TGCCTACTACTCCGG|CONSCOUNT=14|PRCONS=IGHG|PRFREQ=1.0

- TGGCGTAGTGGCCGG
  STATUS: SAME_SEQUENCE
  SMALL_HEADER: TGGCGTAGTGGCCGG|CONSCOUNT=61|PRCONS=IGHG|PRFREQ=1.0
  LARGE_HEADER: TGGCGTAGTGGCCGG|CONSCOUNT=242|PRCONS=IGHG|PRFREQ=1.0

- CCCCGTTAATGTATT
  STATUS: SAME_SEQUENCE
  SMALL_HEADER: CCCCGTTAATGTATT|CONSCOUNT=36|PRCONS=IGHG|PRFREQ=1.0
  LARGE_HEADER: CCCCGTTAATGTATT|CONSCOUNT=117|PRCONS=IGHG|PRFREQ=1.0

- CAATGTCAGTAATTT
  STATUS: SAME_SEQUENCE
  SMALL_HEADER: CAATGTCAGTAATTT|CONSCOUNT=2|PRCONS=IGHM|PRFREQ=1.0
  LARGE_HEADER: CAATGTCAGTAATTT|CONSCOUNT=4|PRCONS=IGHM|PRFREQ=1.0

- TTCAAACCAGCGTCG
  STATUS: SAME_SEQUENCE
  SMALL_HEADER: TTCAAACCAGCGTCG|CONSCOUNT=19|PRCONS=IGHG|PRFREQ=1.0
  LARGE_HEADER: TTCAAACCAGCGTCG|CONSCOUNT=202|PRCONS=IGHG|PRFREQ=1.0

- TTAATACATTTCATG
  STATUS: FOUND_DIFFERENT
  SMALL_HEADER: TTAATACATTTCATG|CONSCOUNT=1|PRCONS=IGHA|PRFREQ=1.0
  LARGE_HEADER: TTAATACATTTCATG|CONSCOUNT=12|PRCONS=IGHA|PRFREQ=1.0

- AGTGTTCTTACGCTT
  STATUS: FOUND_DIFFERENT
  SMALL_HEADER: AGTGTTCTTACGCTT|CONSCOUNT=2|PRCONS=IGHA|PRFREQ=1.0
  LARGE_HEADER: AGTGTTCTTACGCTT|CONSCOUNT=9|PRCONS=IGHA|PRFREQ=1.0

- GGAGTGTTGATTCAT
  STATUS: SAME_SEQUENCE
  SMALL_HEADER: GGAGTGTTGATTCAT|CONSCOUNT=7|PRCONS=IGHG|PRFREQ=1.0
  LARGE_HEADER: GGAGTGTTGATTCAT|CONSCOUNT=34|PRCONS=IGHG|PRFREQ=1.0

- TCTGCTCTGTTCCTT
  STATUS: SAME_SEQUENCE
  SMALL_HEADER: TCTGCTCTGTTCCTT|CONSCOUNT=1|PRCONS=IGHG|PRFREQ=1.0
  LARGE_HEADER: TCTGCTCTGTTCCTT|CONSCOUNT=2|PRCONS=IGHG|PRFREQ=1.0

- ATTCGCATCAGTTAG
  STATUS: SAME_SEQUENCE
  SMALL_HEADER: ATTCGCATCAGTTAG|CONSCOUNT=2|PRCONS=IGHA|PRFREQ=1.0
  LARGE_HEADER: ATTCGCATCAGTTAG|CONSCOUNT=5|PRCONS=IGHA|PRFREQ=1.0

- AGTCATGCCTGGATT
  STATUS: SAME_SEQUENCE
  SMALL_HEADER: AGTCATGCCTGGATT|CONSCOUNT=4|PRCONS=IGHA|PRFREQ=1.0
  LARGE_HEADER: AGTCATGCCTGGATT|CONSCOUNT=11|PRCONS=IGHA|PRFREQ=1.0

- AGTTCTATAAACCCA
  STATUS: SAME_SEQUENCE
  SMALL_HEADER: AGTTCTATAAACCCA|CONSCOUNT=4|PRCONS=IGHA|PRFREQ=1.0
  LARGE_HEADER: AGTTCTATAAACCCA|CONSCOUNT=5|PRCONS=IGHA|PRFREQ=1.0

- GCGTAAGACGAGATC
  STATUS: FOUND_DIFFERENT
  SMALL_HEADER: GCGTAAGACGAGATC|CONSCOUNT=1|PRCONS=IGHA|PRFREQ=1.0
  LARGE_HEADER: GCGTAAGACGAGATC|CONSCOUNT=3|PRCONS=IGHA|PRFREQ=1.0

- ATTGTTGATGCGAGG
  STATUS: SAME_SEQUENCE
  SMALL_HEADER: ATTGTTGATGCGAGG|CONSCOUNT=5|PRCONS=IGHG|PRFREQ=1.0
  LARGE_HEADER: ATTGTTGATGCGAGG|CONSCOUNT=166|PRCONS=IGHG|PRFREQ=1.0

- GGAGTCGCTAAATCA
  STATUS: SAME_SEQUENCE
  SMALL_HEADER: GGAGTCGCTAAATCA|CONSCOUNT=2|PRCONS=IGHA|PRFREQ=1.0
  LARGE_HEADER: GGAGTCGCTAAATCA|CONSCOUNT=85|PRCONS=IGHA|PRFREQ=1.0

- TTACGAATATTTCAT
  STATUS: SAME_SEQUENCE
  SMALL_HEADER: TTACGAATATTTCAT|CONSCOUNT=48|PRCONS=IGHG|PRFREQ=1.0
  LARGE_HEADER: TTACGAATATTTCAT|CONSCOUNT=333|PRCONS=IGHG|PRFREQ=1.0

- TTCCAATCGGGGGGT
  STATUS: SAME_SEQUENCE
  SMALL_HEADER: TTCCAATCGGGGGGT|CONSCOUNT=4|PRCONS=IGHG|PRFREQ=1.0
  LARGE_HEADER: TTCCAATCGGGGGGT|CONSCOUNT=9|PRCONS=IGHG|PRFREQ=1.0

- TTGCGATTAAGATTA
  STATUS: SAME_SEQUENCE
  SMALL_HEADER: TTGCGATTAAGATTA|CONSCOUNT=1|PRCONS=IGHD|PRFREQ=1.0
  LARGE_HEADER: TTGCGATTAAGATTA|CONSCOUNT=9|PRCONS=IGHD|PRFREQ=1.0

- AATGTCTCCGCTTTA
  STATUS: SAME_SEQUENCE
  SMALL_HEADER: AATGTCTCCGCTTTA|CONSCOUNT=6|PRCONS=IGHE|PRFREQ=1.0
  LARGE_HEADER: AATGTCTCCGCTTTA|CONSCOUNT=48|PRCONS=IGHE|PRFREQ=1.0

- CTACCCACATCCTTG
  STATUS: SAME_SEQUENCE
  SMALL_HEADER: CTACCCACATCCTTG|CONSCOUNT=7|PRCONS=IGHA|PRFREQ=1.0
  LARGE_HEADER: CTACCCACATCCTTG|CONSCOUNT=30|PRCONS=IGHA|PRFREQ=1.0

- TTAATCAGATCCACG
  STATUS: SAME_SEQUENCE
  SMALL_HEADER: TTAATCAGATCCACG|CONSCOUNT=30|PRCONS=IGHG|PRFREQ=1.0
  LARGE_HEADER: TTAATCAGATCCACG|CONSCOUNT=108|PRCONS=IGHG|PRFREQ=1.0

- AGAGTATGTTACATT
  STATUS: SAME_SEQUENCE
  SMALL_HEADER: AGAGTATGTTACATT|CONSCOUNT=4|PRCONS=IGHG|PRFREQ=1.0
  LARGE_HEADER: AGAGTATGTTACATT|CONSCOUNT=10|PRCONS=IGHG|PRFREQ=1.0

- AAAGTTAAATGTTTT
  STATUS: FOUND_DIFFERENT
  SMALL_HEADER: AAAGTTAAATGTTTT|CONSCOUNT=1|PRCONS=IGHA|PRFREQ=1.0
  LARGE_HEADER: AAAGTTAAATGTTTT|CONSCOUNT=4|PRCONS=IGHA|PRFREQ=1.0

- ATCTGGAAGCCGGAT
  STATUS: SAME_SEQUENCE
  SMALL_HEADER: ATCTGGAAGCCGGAT|CONSCOUNT=2|PRCONS=IGHG|PRFREQ=1.0
  LARGE_HEADER: ATCTGGAAGCCGGAT|CONSCOUNT=25|PRCONS=IGHG|PRFREQ=1.0

- AGATTAACGTAACTG
  STATUS: FOUND_DIFFERENT
  SMALL_HEADER: AGATTAACGTAACTG|CONSCOUNT=2|PRCONS=IGHA|PRFREQ=1.0
  LARGE_HEADER: AGATTAACGTAACTG|CONSCOUNT=6|PRCONS=IGHA|PRFREQ=1.0

- GCTATGTTATTTGTA
  STATUS: FOUND_DIFFERENT
  SMALL_HEADER: GCTATGTTATTTGTA|CONSCOUNT=1|PRCONS=IGHA|PRFREQ=1.0
  LARGE_HEADER: GCTATGTTATTTGTA|CONSCOUNT=2|PRCONS=IGHA|PRFREQ=1.0

- GTCGCAGGCGACAGG
  STATUS: SAME_SEQUENCE
  SMALL_HEADER: GTCGCAGGCGACAGG|CONSCOUNT=1|PRCONS=IGHG|PRFREQ=1.0
  LARGE_HEADER: GTCGCAGGCGACAGG|CONSCOUNT=7|PRCONS=IGHG|PRFREQ=1.0

- GGAGTTGAGCTATGA
  STATUS: SAME_SEQUENCE
  SMALL_HEADER: GGAGTTGAGCTATGA|CONSCOUNT=1|PRCONS=IGHA|PRFREQ=1.0
  LARGE_HEADER: GGAGTTGAGCTATGA|CONSCOUNT=3|PRCONS=IGHA|PRFREQ=1.0

- GGTAAAGGGATGTAG
  STATUS: SAME_SEQUENCE
  SMALL_HEADER: GGTAAAGGGATGTAG|CONSCOUNT=1|PRCONS=IGHG|PRFREQ=1.0
  LARGE_HEADER: GGTAAAGGGATGTAG|CONSCOUNT=25|PRCONS=IGHG|PRFREQ=1.0

- TGGATCACATAACCC
  STATUS: SAME_SEQUENCE
  SMALL_HEADER: TGGATCACATAACCC|CONSCOUNT=3|PRCONS=IGHG|PRFREQ=1.0
  LARGE_HEADER: TGGATCACATAACCC|CONSCOUNT=4|PRCONS=IGHG|PRFREQ=1.0

- CCCTACTAGTCTACC
  STATUS: FOUND_DIFFERENT
  SMALL_HEADER: CCCTACTAGTCTACC|CONSCOUNT=4|PRCONS=IGHD|PRFREQ=1.0
  LARGE_HEADER: CCCTACTAGTCTACC|CONSCOUNT=7|PRCONS=IGHD|PRFREQ=1.0

- GAGAGATGTATTGGC
  STATUS: FOUND_DIFFERENT
  SMALL_HEADER: GAGAGATGTATTGGC|CONSCOUNT=2|PRCONS=IGHA|PRFREQ=1.0
  LARGE_HEADER: GAGAGATGTATTGGC|CONSCOUNT=7|PRCONS=IGHA|PRFREQ=1.0

- CTCCATAAAGGTCTT
  STATUS: FOUND_DIFFERENT
  SMALL_HEADER: CTCCATAAAGGTCTT|CONSCOUNT=1|PRCONS=IGHG|PRFREQ=1.0
  LARGE_HEADER: CTCCATAAAGGTCTT|CONSCOUNT=10|PRCONS=IGHG|PRFREQ=1.0

- TTAGGGTTGGTTCTC
  STATUS: SAME_SEQUENCE
  SMALL_HEADER: TTAGGGTTGGTTCTC|CONSCOUNT=28|PRCONS=IGHG|PRFREQ=1.0
  LARGE_HEADER: TTAGGGTTGGTTCTC|CONSCOUNT=564|PRCONS=IGHG|PRFREQ=1.0

- GTCGGTTTAACAACT
  STATUS: SAME_SEQUENCE
  SMALL_HEADER: GTCGGTTTAACAACT|CONSCOUNT=6|PRCONS=IGHG|PRFREQ=1.0
  LARGE_HEADER: GTCGGTTTAACAACT|CONSCOUNT=15|PRCONS=IGHG|PRFREQ=1.0

- TGTTGAACCCGGCTT
  STATUS: SAME_SEQUENCE
  SMALL_HEADER: TGTTGAACCCGGCTT|CONSCOUNT=1|PRCONS=IGHD|PRFREQ=1.0
  LARGE_HEADER: TGTTGAACCCGGCTT|CONSCOUNT=4|PRCONS=IGHD|PRFREQ=1.0

- ATCGTGGAGCCATCA
  STATUS: SAME_SEQUENCE
  SMALL_HEADER: ATCGTGGAGCCATCA|CONSCOUNT=3|PRCONS=IGHG|PRFREQ=1.0
  LARGE_HEADER: ATCGTGGAGCCATCA|CONSCOUNT=10|PRCONS=IGHG|PRFREQ=1.0

- TGCTTAGAATGTGTG
  STATUS: IDENTICAL
  SMALL_HEADER: TGCTTAGAATGTGTG|CONSCOUNT=1|PRCONS=IGHA|PRFREQ=1.0
  LARGE_HEADER: TGCTTAGAATGTGTG|CONSCOUNT=1|PRCONS=IGHA|PRFREQ=1.0

- GGATTTCACCTTTAT
  STATUS: SAME_SEQUENCE
  SMALL_HEADER: GGATTTCACCTTTAT|CONSCOUNT=3|PRCONS=IGHG|PRFREQ=1.0
  LARGE_HEADER: GGATTTCACCTTTAT|CONSCOUNT=19|PRCONS=IGHG|PRFREQ=1.0

- GGTAGGGGGAGTGGT
  STATUS: SAME_SEQUENCE
  SMALL_HEADER: GGTAGGGGGAGTGGT|CONSCOUNT=6|PRCONS=IGHA|PRFREQ=1.0
  LARGE_HEADER: GGTAGGGGGAGTGGT|CONSCOUNT=36|PRCONS=IGHA|PRFREQ=1.0

- CTGTACGTGGCGCCA
  STATUS: SAME_SEQUENCE
  SMALL_HEADER: CTGTACGTGGCGCCA|CONSCOUNT=1|PRCONS=IGHG|PRFREQ=1.0
  LARGE_HEADER: CTGTACGTGGCGCCA|CONSCOUNT=3|PRCONS=IGHG|PRFREQ=1.0

- TATCCGATCTAAATA
  STATUS: FOUND_DIFFERENT
  SMALL_HEADER: TATCCGATCTAAATA|CONSCOUNT=1|PRCONS=IGHA|PRFREQ=1.0
  LARGE_HEADER: TATCCGATCTAAATA|CONSCOUNT=6|PRCONS=IGHA|PRFREQ=1.0

- GGACTGTGATTGTGG
  STATUS: SAME_SEQUENCE
  SMALL_HEADER: GGACTGTGATTGTGG|CONSCOUNT=3|PRCONS=IGHG|PRFREQ=1.0
  LARGE_HEADER: GGACTGTGATTGTGG|CONSCOUNT=15|PRCONS=IGHG|PRFREQ=1.0

- TGGGTGTGGCGATGT
  STATUS: IDENTICAL
  SMALL_HEADER: TGGGTGTGGCGATGT|CONSCOUNT=1|PRCONS=IGHG|PRFREQ=1.0
  LARGE_HEADER: TGGGTGTGGCGATGT|CONSCOUNT=1|PRCONS=IGHG|PRFREQ=1.0

- CTACAGGGCTCTTAG
  STATUS: SAME_SEQUENCE
  SMALL_HEADER: CTACAGGGCTCTTAG|CONSCOUNT=32|PRCONS=IGHM|PRFREQ=1.0
  LARGE_HEADER: CTACAGGGCTCTTAG|CONSCOUNT=211|PRCONS=IGHM|PRFREQ=1.0

- AAAAAGTTAGCAATA
  STATUS: SAME_SEQUENCE
  SMALL_HEADER: AAAAAGTTAGCAATA|CONSCOUNT=6|PRCONS=IGHA|PRFREQ=1.0
  LARGE_HEADER: AAAAAGTTAGCAATA|CONSCOUNT=127|PRCONS=IGHA|PRFREQ=1.0

- AGTCCAGAGACTGGA
  STATUS: SAME_SEQUENCE
  SMALL_HEADER: AGTCCAGAGACTGGA|CONSCOUNT=59|PRCONS=IGHG|PRFREQ=1.0
  LARGE_HEADER: AGTCCAGAGACTGGA|CONSCOUNT=259|PRCONS=IGHG|PRFREQ=1.0

- TGTGGCAGATCACGT
  STATUS: SAME_SEQUENCE
  SMALL_HEADER: TGTGGCAGATCACGT|CONSCOUNT=20|PRCONS=IGHA|PRFREQ=1.0
  LARGE_HEADER: TGTGGCAGATCACGT|CONSCOUNT=107|PRCONS=IGHA|PRFREQ=1.0

- TATGCAGGTAATTAA
  STATUS: SAME_SEQUENCE
  SMALL_HEADER: TATGCAGGTAATTAA|CONSCOUNT=3|PRCONS=IGHG|PRFREQ=1.0
  LARGE_HEADER: TATGCAGGTAATTAA|CONSCOUNT=9|PRCONS=IGHG|PRFREQ=1.0

- TTACGCGGGTTGGTT
  STATUS: SAME_SEQUENCE
  SMALL_HEADER: TTACGCGGGTTGGTT|CONSCOUNT=4|PRCONS=IGHG|PRFREQ=1.0
  LARGE_HEADER: TTACGCGGGTTGGTT|CONSCOUNT=17|PRCONS=IGHG|PRFREQ=1.0

- GCCTCAACTCCTTGA
  STATUS: SAME_SEQUENCE
  SMALL_HEADER: GCCTCAACTCCTTGA|CONSCOUNT=8|PRCONS=IGHG|PRFREQ=1.0
  LARGE_HEADER: GCCTCAACTCCTTGA|CONSCOUNT=156|PRCONS=IGHG|PRFREQ=1.0

- CTTGTTGCAGTGGTC
  STATUS: SAME_SEQUENCE
  SMALL_HEADER: CTTGTTGCAGTGGTC|CONSCOUNT=12|PRCONS=IGHG|PRFREQ=1.0
  LARGE_HEADER: CTTGTTGCAGTGGTC|CONSCOUNT=232|PRCONS=IGHG|PRFREQ=1.0

- CCTGCTATCCATGAA
  STATUS: SAME_SEQUENCE
  SMALL_HEADER: CCTGCTATCCATGAA|CONSCOUNT=2|PRCONS=IGHE|PRFREQ=1.0
  LARGE_HEADER: CCTGCTATCCATGAA|CONSCOUNT=32|PRCONS=IGHE|PRFREQ=1.0

- TCGAAGCATGTCAAG
  STATUS: FOUND_DIFFERENT
  SMALL_HEADER: TCGAAGCATGTCAAG|CONSCOUNT=1|PRCONS=IGHG|PRFREQ=1.0
  LARGE_HEADER: TCGAAGCATGTCAAG|CONSCOUNT=4|PRCONS=IGHG|PRFREQ=1.0

- GCTTCGATACGGCGT
  STATUS: SAME_SEQUENCE
  SMALL_HEADER: GCTTCGATACGGCGT|CONSCOUNT=15|PRCONS=IGHG|PRFREQ=1.0
  LARGE_HEADER: GCTTCGATACGGCGT|CONSCOUNT=193|PRCONS=IGHG|PRFREQ=1.0

- TGCGCAAAGTGGGTG
  STATUS: FOUND_DIFFERENT
  SMALL_HEADER: TGCGCAAAGTGGGTG|CONSCOUNT=2|PRCONS=IGHG|PRFREQ=1.0
  LARGE_HEADER: TGCGCAAAGTGGGTG|CONSCOUNT=5|PRCONS=IGHG|PRFREQ=1.0

- GATACGTACTACCCG
  STATUS: SAME_SEQUENCE
  SMALL_HEADER: GATACGTACTACCCG|CONSCOUNT=4|PRCONS=IGHG|PRFREQ=1.0
  LARGE_HEADER: GATACGTACTACCCG|CONSCOUNT=11|PRCONS=IGHG|PRFREQ=1.0

- AGAGCGGTGGGGGTG
  STATUS: SAME_SEQUENCE
  SMALL_HEADER: AGAGCGGTGGGGGTG|CONSCOUNT=4|PRCONS=IGHG|PRFREQ=1.0
  LARGE_HEADER: AGAGCGGTGGGGGTG|CONSCOUNT=8|PRCONS=IGHG|PRFREQ=1.0

- TTTGGATGTAGCCAT
  STATUS: SAME_SEQUENCE
  SMALL_HEADER: TTTGGATGTAGCCAT|CONSCOUNT=1|PRCONS=IGHA|PRFREQ=1.0
  LARGE_HEADER: TTTGGATGTAGCCAT|CONSCOUNT=3|PRCONS=IGHA|PRFREQ=1.0

- TTTCTAACACTGTTT
  STATUS: SAME_SEQUENCE
  SMALL_HEADER: TTTCTAACACTGTTT|CONSCOUNT=8|PRCONS=IGHA|PRFREQ=1.0
  LARGE_HEADER: TTTCTAACACTGTTT|CONSCOUNT=56|PRCONS=IGHA|PRFREQ=1.0

- GACGTGGAGGGGCGT
  STATUS: FOUND_DIFFERENT
  SMALL_HEADER: GACGTGGAGGGGCGT|CONSCOUNT=2|PRCONS=IGHG|PRFREQ=1.0
  LARGE_HEADER: GACGTGGAGGGGCGT|CONSCOUNT=6|PRCONS=IGHG|PRFREQ=1.0

- CTCACAAACCTCGTA
  STATUS: FOUND_DIFFERENT
  SMALL_HEADER: CTCACAAACCTCGTA|CONSCOUNT=1|PRCONS=IGHA|PRFREQ=1.0
  LARGE_HEADER: CTCACAAACCTCGTA|CONSCOUNT=4|PRCONS=IGHA|PRFREQ=1.0

- TGTACAGTGAGCTCG
  STATUS: SAME_SEQUENCE
  SMALL_HEADER: TGTACAGTGAGCTCG|CONSCOUNT=3|PRCONS=IGHA|PRFREQ=1.0
  LARGE_HEADER: TGTACAGTGAGCTCG|CONSCOUNT=191|PRCONS=IGHA|PRFREQ=1.0

- ATTTTGGGTGGGGTA
  STATUS: SAME_SEQUENCE
  SMALL_HEADER: ATTTTGGGTGGGGTA|CONSCOUNT=3|PRCONS=IGHD|PRFREQ=1.0
  LARGE_HEADER: ATTTTGGGTGGGGTA|CONSCOUNT=8|PRCONS=IGHD|PRFREQ=1.0

- TAATTTTTTAACGCA
  STATUS: SAME_SEQUENCE
  SMALL_HEADER: TAATTTTTTAACGCA|CONSCOUNT=6|PRCONS=IGHG|PRFREQ=1.0
  LARGE_HEADER: TAATTTTTTAACGCA|CONSCOUNT=12|PRCONS=IGHG|PRFREQ=1.0

- ATAGAGCCTTGTTCA
  STATUS: SAME_SEQUENCE
  SMALL_HEADER: ATAGAGCCTTGTTCA|CONSCOUNT=3|PRCONS=IGHG|PRFREQ=1.0
  LARGE_HEADER: ATAGAGCCTTGTTCA|CONSCOUNT=12|PRCONS=IGHG|PRFREQ=1.0

- AGTCCAGAGACTTGA
  STATUS: IDENTICAL
  SMALL_HEADER: AGTCCAGAGACTTGA|CONSCOUNT=1|PRCONS=IGHG|PRFREQ=1.0
  LARGE_HEADER: AGTCCAGAGACTTGA|CONSCOUNT=1|PRCONS=IGHG|PRFREQ=1.0

- TAATTCGGTTAGCCT
  STATUS: SAME_SEQUENCE
  SMALL_HEADER: TAATTCGGTTAGCCT|CONSCOUNT=3|PRCONS=IGHG|PRFREQ=1.0
  LARGE_HEADER: TAATTCGGTTAGCCT|CONSCOUNT=9|PRCONS=IGHG|PRFREQ=1.0

- TCTAGTGCGTATTCC
  STATUS: SAME_SEQUENCE
  SMALL_HEADER: TCTAGTGCGTATTCC|CONSCOUNT=10|PRCONS=IGHG|PRFREQ=1.0
  LARGE_HEADER: TCTAGTGCGTATTCC|CONSCOUNT=301|PRCONS=IGHG|PRFREQ=1.0

- AGTCAAGCACTAAGT
  STATUS: SAME_SEQUENCE
  SMALL_HEADER: AGTCAAGCACTAAGT|CONSCOUNT=4|PRCONS=IGHD|PRFREQ=1.0
  LARGE_HEADER: AGTCAAGCACTAAGT|CONSCOUNT=13|PRCONS=IGHD|PRFREQ=1.0

- GGCATTGTAGAGGAG
  STATUS: SAME_SEQUENCE
  SMALL_HEADER: GGCATTGTAGAGGAG|CONSCOUNT=5|PRCONS=IGHG|PRFREQ=1.0
  LARGE_HEADER: GGCATTGTAGAGGAG|CONSCOUNT=10|PRCONS=IGHG|PRFREQ=1.0

- TGCGTTGAGTAGGGG
  STATUS: SAME_SEQUENCE
  SMALL_HEADER: TGCGTTGAGTAGGGG|CONSCOUNT=5|PRCONS=IGHG|PRFREQ=1.0
  LARGE_HEADER: TGCGTTGAGTAGGGG|CONSCOUNT=12|PRCONS=IGHG|PRFREQ=1.0

- CGCGTGGGGGCACCC
  STATUS: SAME_SEQUENCE
  SMALL_HEADER: CGCGTGGGGGCACCC|CONSCOUNT=4|PRCONS=IGHG|PRFREQ=1.0
  LARGE_HEADER: CGCGTGGGGGCACCC|CONSCOUNT=17|PRCONS=IGHG|PRFREQ=1.0

- GACAAGGTCTAAGTA
  STATUS: SAME_SEQUENCE
  SMALL_HEADER: GACAAGGTCTAAGTA|CONSCOUNT=3|PRCONS=IGHG|PRFREQ=1.0
  LARGE_HEADER: GACAAGGTCTAAGTA|CONSCOUNT=9|PRCONS=IGHG|PRFREQ=1.0

- TTAGTAAAGATCTTT
  STATUS: FOUND_DIFFERENT
  SMALL_HEADER: TTAGTAAAGATCTTT|CONSCOUNT=2|PRCONS=IGHG|PRFREQ=1.0
  LARGE_HEADER: TTAGTAAAGATCTTT|CONSCOUNT=9|PRCONS=IGHG|PRFREQ=1.0

- AGATGCACAGTGGAC
  STATUS: SAME_SEQUENCE
  SMALL_HEADER: AGATGCACAGTGGAC|CONSCOUNT=1|PRCONS=IGHG|PRFREQ=1.0
  LARGE_HEADER: AGATGCACAGTGGAC|CONSCOUNT=55|PRCONS=IGHG|PRFREQ=1.0

- GCCTTTGATCTAGTT
  STATUS: FOUND_DIFFERENT
  SMALL_HEADER: GCCTTTGATCTAGTT|CONSCOUNT=1|PRCONS=IGHA|PRFREQ=1.0
  LARGE_HEADER: GCCTTTGATCTAGTT|CONSCOUNT=2|PRCONS=IGHA|PRFREQ=1.0

- CTATCTGATGTATAA
  STATUS: FOUND_DIFFERENT
  SMALL_HEADER: CTATCTGATGTATAA|CONSCOUNT=1|PRCONS=IGHA|PRFREQ=1.0
  LARGE_HEADER: CTATCTGATGTATAA|CONSCOUNT=2|PRCONS=IGHA|PRFREQ=1.0

- AGAGGGGGTGGAGAA
  STATUS: SAME_SEQUENCE
  SMALL_HEADER: AGAGGGGGTGGAGAA|CONSCOUNT=3|PRCONS=IGHD|PRFREQ=1.0
  LARGE_HEADER: AGAGGGGGTGGAGAA|CONSCOUNT=6|PRCONS=IGHD|PRFREQ=1.0

- CCAAGTCTACTCATA
  STATUS: SAME_SEQUENCE
  SMALL_HEADER: CCAAGTCTACTCATA|CONSCOUNT=1|PRCONS=IGHG|PRFREQ=1.0
  LARGE_HEADER: CCAAGTCTACTCATA|CONSCOUNT=5|PRCONS=IGHG|PRFREQ=1.0

- GCGGCGTTTTGAGGG
  STATUS: SAME_SEQUENCE
  SMALL_HEADER: GCGGCGTTTTGAGGG|CONSCOUNT=16|PRCONS=IGHA|PRFREQ=1.0
  LARGE_HEADER: GCGGCGTTTTGAGGG|CONSCOUNT=139|PRCONS=IGHA|PRFREQ=1.0

- ACGGTAATCAGGCAT
  STATUS: SAME_SEQUENCE
  SMALL_HEADER: ACGGTAATCAGGCAT|CONSCOUNT=5|PRCONS=IGHG|PRFREQ=1.0
  LARGE_HEADER: ACGGTAATCAGGCAT|CONSCOUNT=8|PRCONS=IGHG|PRFREQ=1.0

- TCAGTGTCTATTGAT
  STATUS: FOUND_DIFFERENT
  SMALL_HEADER: TCAGTGTCTATTGAT|CONSCOUNT=2|PRCONS=IGHA|PRFREQ=1.0
  LARGE_HEADER: TCAGTGTCTATTGAT|CONSCOUNT=5|PRCONS=IGHA|PRFREQ=1.0

- GCCAGGGATCGTTAT
  STATUS: FOUND_DIFFERENT
  SMALL_HEADER: GCCAGGGATCGTTAT|CONSCOUNT=1|PRCONS=IGHA|PRFREQ=1.0
  LARGE_HEADER: GCCAGGGATCGTTAT|CONSCOUNT=10|PRCONS=IGHA|PRFREQ=1.0

- AATGTGTCATTGTAT
  STATUS: SAME_SEQUENCE
  SMALL_HEADER: AATGTGTCATTGTAT|CONSCOUNT=4|PRCONS=IGHG|PRFREQ=1.0
  LARGE_HEADER: AATGTGTCATTGTAT|CONSCOUNT=13|PRCONS=IGHG|PRFREQ=1.0

- CTCAAAAACTACGAA
  STATUS: SAME_SEQUENCE
  SMALL_HEADER: CTCAAAAACTACGAA|CONSCOUNT=10|PRCONS=IGHA|PRFREQ=1.0
  LARGE_HEADER: CTCAAAAACTACGAA|CONSCOUNT=48|PRCONS=IGHA|PRFREQ=1.0

- AACTTTAGTTTTCTC
  STATUS: IDENTICAL
  SMALL_HEADER: AACTTTAGTTTTCTC|CONSCOUNT=1|PRCONS=IGHA|PRFREQ=1.0
  LARGE_HEADER: AACTTTAGTTTTCTC|CONSCOUNT=1|PRCONS=IGHA|PRFREQ=1.0

- GGACTTAAGCTAGCG
  STATUS: SAME_SEQUENCE
  SMALL_HEADER: GGACTTAAGCTAGCG|CONSCOUNT=3|PRCONS=IGHA|PRFREQ=1.0
  LARGE_HEADER: GGACTTAAGCTAGCG|CONSCOUNT=65|PRCONS=IGHA|PRFREQ=1.0

- TGGTGGTAATTTCGC
  STATUS: SAME_SEQUENCE
  SMALL_HEADER: TGGTGGTAATTTCGC|CONSCOUNT=6|PRCONS=IGHD|PRFREQ=1.0
  LARGE_HEADER: TGGTGGTAATTTCGC|CONSCOUNT=14|PRCONS=IGHD|PRFREQ=1.0

- TTGCAGAGACACATG
  STATUS: FOUND_DIFFERENT
  SMALL_HEADER: TTGCAGAGACACATG|CONSCOUNT=2|PRCONS=IGHG|PRFREQ=1.0
  LARGE_HEADER: TTGCAGAGACACATG|CONSCOUNT=10|PRCONS=IGHG|PRFREQ=1.0

- CCAGCAAAGTATATG
  STATUS: SAME_SEQUENCE
  SMALL_HEADER: CCAGCAAAGTATATG|CONSCOUNT=4|PRCONS=IGHG|PRFREQ=1.0
  LARGE_HEADER: CCAGCAAAGTATATG|CONSCOUNT=9|PRCONS=IGHG|PRFREQ=1.0

- ATATTTATGGTTGTC
  STATUS: SAME_SEQUENCE
  SMALL_HEADER: ATATTTATGGTTGTC|CONSCOUNT=8|PRCONS=IGHA|PRFREQ=1.0
  LARGE_HEADER: ATATTTATGGTTGTC|CONSCOUNT=106|PRCONS=IGHA|PRFREQ=1.0

- CTCCCACTGTTCTTT
  STATUS: SAME_SEQUENCE
  SMALL_HEADER: CTCCCACTGTTCTTT|CONSCOUNT=3|PRCONS=IGHD|PRFREQ=1.0
  LARGE_HEADER: CTCCCACTGTTCTTT|CONSCOUNT=74|PRCONS=IGHD|PRFREQ=1.0

- AGAAGTTTGTAGGGA
  STATUS: IDENTICAL
  SMALL_HEADER: AGAAGTTTGTAGGGA|CONSCOUNT=1|PRCONS=IGHD|PRFREQ=1.0
  LARGE_HEADER: AGAAGTTTGTAGGGA|CONSCOUNT=1|PRCONS=IGHD|PRFREQ=1.0

- TTCGGAATTGACGAT
  STATUS: SAME_SEQUENCE
  SMALL_HEADER: TTCGGAATTGACGAT|CONSCOUNT=5|PRCONS=IGHG|PRFREQ=1.0
  LARGE_HEADER: TTCGGAATTGACGAT|CONSCOUNT=11|PRCONS=IGHG|PRFREQ=1.0

- GAATTCCATTGACTT
  STATUS: SAME_SEQUENCE
  SMALL_HEADER: GAATTCCATTGACTT|CONSCOUNT=2|PRCONS=IGHD|PRFREQ=1.0
  LARGE_HEADER: GAATTCCATTGACTT|CONSCOUNT=10|PRCONS=IGHD|PRFREQ=1.0

- ATTGAGGGGCGAATA
  STATUS: SAME_SEQUENCE
  SMALL_HEADER: ATTGAGGGGCGAATA|CONSCOUNT=6|PRCONS=IGHG|PRFREQ=1.0
  LARGE_HEADER: ATTGAGGGGCGAATA|CONSCOUNT=36|PRCONS=IGHG|PRFREQ=1.0

- ATCCAAGCTAACTTC
  STATUS: FOUND_DIFFERENT
  SMALL_HEADER: ATCCAAGCTAACTTC|CONSCOUNT=1|PRCONS=IGHA|PRFREQ=1.0
  LARGE_HEADER: ATCCAAGCTAACTTC|CONSCOUNT=12|PRCONS=IGHA|PRFREQ=1.0

- AAATTGCCAATTGAC
  STATUS: SAME_SEQUENCE
  SMALL_HEADER: AAATTGCCAATTGAC|CONSCOUNT=5|PRCONS=IGHD|PRFREQ=1.0
  LARGE_HEADER: AAATTGCCAATTGAC|CONSCOUNT=11|PRCONS=IGHD|PRFREQ=1.0

- CTTATCTCAATATTT
  STATUS: FOUND_DIFFERENT
  SMALL_HEADER: CTTATCTCAATATTT|CONSCOUNT=2|PRCONS=IGHG|PRFREQ=1.0
  LARGE_HEADER: CTTATCTCAATATTT|CONSCOUNT=6|PRCONS=IGHG|PRFREQ=1.0

- TTATTGTATACCGTG
  STATUS: SAME_SEQUENCE
  SMALL_HEADER: TTATTGTATACCGTG|CONSCOUNT=3|PRCONS=IGHG|PRFREQ=1.0
  LARGE_HEADER: TTATTGTATACCGTG|CONSCOUNT=10|PRCONS=IGHG|PRFREQ=1.0

- TTACGCCCCCTTTTT
  STATUS: SAME_SEQUENCE
  SMALL_HEADER: TTACGCCCCCTTTTT|CONSCOUNT=3|PRCONS=IGHG|PRFREQ=1.0
  LARGE_HEADER: TTACGCCCCCTTTTT|CONSCOUNT=10|PRCONS=IGHG|PRFREQ=1.0

- AGCCTTTTTTAGGAT
  STATUS: SAME_SEQUENCE
  SMALL_HEADER: AGCCTTTTTTAGGAT|CONSCOUNT=3|PRCONS=IGHG|PRFREQ=1.0
  LARGE_HEADER: AGCCTTTTTTAGGAT|CONSCOUNT=8|PRCONS=IGHG|PRFREQ=1.0

- TTCATCTGTTTCTTT
  STATUS: SAME_SEQUENCE
  SMALL_HEADER: TTCATCTGTTTCTTT|CONSCOUNT=40|PRCONS=IGHA|PRFREQ=1.0
  LARGE_HEADER: TTCATCTGTTTCTTT|CONSCOUNT=199|PRCONS=IGHA|PRFREQ=1.0

- ATGGCAATCTCCTAC
  STATUS: FOUND_DIFFERENT
  SMALL_HEADER: ATGGCAATCTCCTAC|CONSCOUNT=1|PRCONS=IGHD|PRFREQ=1.0
  LARGE_HEADER: ATGGCAATCTCCTAC|CONSCOUNT=6|PRCONS=IGHD|PRFREQ=1.0

- TACAGGTTGCGACAT
  STATUS: SAME_SEQUENCE
  SMALL_HEADER: TACAGGTTGCGACAT|CONSCOUNT=19|PRCONS=IGHA|PRFREQ=1.0
  LARGE_HEADER: TACAGGTTGCGACAT|CONSCOUNT=185|PRCONS=IGHA|PRFREQ=1.0

- TTCCAGGGGACAGGG
  STATUS: SAME_SEQUENCE
  SMALL_HEADER: TTCCAGGGGACAGGG|CONSCOUNT=13|PRCONS=IGHG|PRFREQ=1.0
  LARGE_HEADER: TTCCAGGGGACAGGG|CONSCOUNT=45|PRCONS=IGHG|PRFREQ=1.0

- TATCTACAGCGCGGA
  STATUS: SAME_SEQUENCE
  SMALL_HEADER: TATCTACAGCGCGGA|CONSCOUNT=4|PRCONS=IGHG|PRFREQ=1.0
  LARGE_HEADER: TATCTACAGCGCGGA|CONSCOUNT=5|PRCONS=IGHG|PRFREQ=1.0

- TCAGACATTTTTGTT
  STATUS: FOUND_DIFFERENT
  SMALL_HEADER: TCAGACATTTTTGTT|CONSCOUNT=2|PRCONS=IGHA|PRFREQ=1.0
  LARGE_HEADER: TCAGACATTTTTGTT|CONSCOUNT=3|PRCONS=IGHA|PRFREQ=1.0

- TACCAAAGAGGTATT
  STATUS: FOUND_DIFFERENT
  SMALL_HEADER: TACCAAAGAGGTATT|CONSCOUNT=1|PRCONS=IGHA|PRFREQ=1.0
  LARGE_HEADER: TACCAAAGAGGTATT|CONSCOUNT=6|PRCONS=IGHA|PRFREQ=1.0

- CCACTAAACTCACTT
  STATUS: FOUND_DIFFERENT
  SMALL_HEADER: CCACTAAACTCACTT|CONSCOUNT=1|PRCONS=IGHA|PRFREQ=1.0
  LARGE_HEADER: CCACTAAACTCACTT|CONSCOUNT=2|PRCONS=IGHA|PRFREQ=1.0

- GGTCACAGGTTTAGT
  STATUS: SAME_SEQUENCE
  SMALL_HEADER: GGTCACAGGTTTAGT|CONSCOUNT=3|PRCONS=IGHG|PRFREQ=1.0
  LARGE_HEADER: GGTCACAGGTTTAGT|CONSCOUNT=18|PRCONS=IGHG|PRFREQ=1.0

- ACGGCAGTTATCTGG
  STATUS: SAME_SEQUENCE
  SMALL_HEADER: ACGGCAGTTATCTGG|CONSCOUNT=4|PRCONS=IGHA|PRFREQ=1.0
  LARGE_HEADER: ACGGCAGTTATCTGG|CONSCOUNT=64|PRCONS=IGHA|PRFREQ=1.0

- CTTGTGGCAACTGTT
  STATUS: SAME_SEQUENCE
  SMALL_HEADER: CTTGTGGCAACTGTT|CONSCOUNT=8|PRCONS=IGHG|PRFREQ=1.0
  LARGE_HEADER: CTTGTGGCAACTGTT|CONSCOUNT=14|PRCONS=IGHG|PRFREQ=1.0

- CCCTCAAGTTTGTCT
  STATUS: FOUND_DIFFERENT
  SMALL_HEADER: CCCTCAAGTTTGTCT|CONSCOUNT=1|PRCONS=IGHG|PRFREQ=1.0
  LARGE_HEADER: CCCTCAAGTTTGTCT|CONSCOUNT=6|PRCONS=IGHG|PRFREQ=1.0

- TTCAAGGGCATATAT
  STATUS: SAME_SEQUENCE
  SMALL_HEADER: TTCAAGGGCATATAT|CONSCOUNT=3|PRCONS=IGHG|PRFREQ=1.0
  LARGE_HEADER: TTCAAGGGCATATAT|CONSCOUNT=17|PRCONS=IGHG|PRFREQ=1.0

- TCCGTAGGGGGTCGA
  STATUS: SAME_SEQUENCE
  SMALL_HEADER: TCCGTAGGGGGTCGA|CONSCOUNT=2|PRCONS=IGHG|PRFREQ=1.0
  LARGE_HEADER: TCCGTAGGGGGTCGA|CONSCOUNT=19|PRCONS=IGHG|PRFREQ=1.0

- TTGGCTGGCATCTAT
  STATUS: SAME_SEQUENCE
  SMALL_HEADER: TTGGCTGGCATCTAT|CONSCOUNT=1|PRCONS=IGHG|PRFREQ=1.0
  LARGE_HEADER: TTGGCTGGCATCTAT|CONSCOUNT=3|PRCONS=IGHG|PRFREQ=1.0

- CCATAGTCTCCGCTT
  STATUS: SAME_SEQUENCE
  SMALL_HEADER: CCATAGTCTCCGCTT|CONSCOUNT=14|PRCONS=IGHA|PRFREQ=1.0
  LARGE_HEADER: CCATAGTCTCCGCTT|CONSCOUNT=290|PRCONS=IGHA|PRFREQ=1.0

- TTTATGTTAACCGTT
  STATUS: SAME_SEQUENCE
  SMALL_HEADER: TTTATGTTAACCGTT|CONSCOUNT=8|PRCONS=IGHG|PRFREQ=1.0
  LARGE_HEADER: TTTATGTTAACCGTT|CONSCOUNT=115|PRCONS=IGHG|PRFREQ=1.0

- ATTGGATAAGGATGT
  STATUS: SAME_SEQUENCE
  SMALL_HEADER: ATTGGATAAGGATGT|CONSCOUNT=4|PRCONS=IGHG|PRFREQ=1.0
  LARGE_HEADER: ATTGGATAAGGATGT|CONSCOUNT=11|PRCONS=IGHG|PRFREQ=1.0

- GTACGACTGGGGCAG
  STATUS: SAME_SEQUENCE
  SMALL_HEADER: GTACGACTGGGGCAG|CONSCOUNT=5|PRCONS=IGHG|PRFREQ=1.0
  LARGE_HEADER: GTACGACTGGGGCAG|CONSCOUNT=16|PRCONS=IGHG|PRFREQ=1.0

- TCTCTATGATCAGGT
  STATUS: SAME_SEQUENCE
  SMALL_HEADER: TCTCTATGATCAGGT|CONSCOUNT=3|PRCONS=IGHD|PRFREQ=1.0
  LARGE_HEADER: TCTCTATGATCAGGT|CONSCOUNT=11|PRCONS=IGHD|PRFREQ=1.0

- TTTTTGTGCCCCGAG
  STATUS: SAME_SEQUENCE
  SMALL_HEADER: TTTTTGTGCCCCGAG|CONSCOUNT=25|PRCONS=IGHG|PRFREQ=1.0
  LARGE_HEADER: TTTTTGTGCCCCGAG|CONSCOUNT=109|PRCONS=IGHG|PRFREQ=1.0

- TTAATACATCGGAAA
  STATUS: SAME_SEQUENCE
  SMALL_HEADER: TTAATACATCGGAAA|CONSCOUNT=4|PRCONS=IGHG|PRFREQ=1.0
  LARGE_HEADER: TTAATACATCGGAAA|CONSCOUNT=14|PRCONS=IGHG|PRFREQ=1.0

- GACAATCTAGCCATG
  STATUS: SAME_SEQUENCE
  SMALL_HEADER: GACAATCTAGCCATG|CONSCOUNT=8|PRCONS=IGHD|PRFREQ=1.0
  LARGE_HEADER: GACAATCTAGCCATG|CONSCOUNT=73|PRCONS=IGHD|PRFREQ=1.0

- AAACATATTCCAGGT
  STATUS: SAME_SEQUENCE
  SMALL_HEADER: AAACATATTCCAGGT|CONSCOUNT=1|PRCONS=IGHA|PRFREQ=1.0
  LARGE_HEADER: AAACATATTCCAGGT|CONSCOUNT=4|PRCONS=IGHA|PRFREQ=1.0

- TCCTAAGTTATCGTT
  STATUS: SAME_SEQUENCE
  SMALL_HEADER: TCCTAAGTTATCGTT|CONSCOUNT=5|PRCONS=IGHG|PRFREQ=1.0
  LARGE_HEADER: TCCTAAGTTATCGTT|CONSCOUNT=15|PRCONS=IGHG|PRFREQ=1.0

- AGCGGGAGACAGACA
  STATUS: SAME_SEQUENCE
  SMALL_HEADER: AGCGGGAGACAGACA|CONSCOUNT=2|PRCONS=IGHG|PRFREQ=1.0
  LARGE_HEADER: AGCGGGAGACAGACA|CONSCOUNT=4|PRCONS=IGHG|PRFREQ=1.0

- TAAGCCGCGGATAGT
  STATUS: SAME_SEQUENCE
  SMALL_HEADER: TAAGCCGCGGATAGT|CONSCOUNT=5|PRCONS=IGHD|PRFREQ=1.0
  LARGE_HEADER: TAAGCCGCGGATAGT|CONSCOUNT=14|PRCONS=IGHD|PRFREQ=1.0

- TATCAGTAACAATGC
  STATUS: SAME_SEQUENCE
  SMALL_HEADER: TATCAGTAACAATGC|CONSCOUNT=3|PRCONS=IGHG|PRFREQ=1.0
  LARGE_HEADER: TATCAGTAACAATGC|CONSCOUNT=10|PRCONS=IGHG|PRFREQ=1.0

- CCATGGGGCTGGAGG
  STATUS: SAME_SEQUENCE
  SMALL_HEADER: CCATGGGGCTGGAGG|CONSCOUNT=38|PRCONS=IGHG|PRFREQ=1.0
  LARGE_HEADER: CCATGGGGCTGGAGG|CONSCOUNT=357|PRCONS=IGHG|PRFREQ=1.0

- AAAAGCGCCGAACAC
  STATUS: FOUND_DIFFERENT
  SMALL_HEADER: AAAAGCGCCGAACAC|CONSCOUNT=1|PRCONS=IGHG|PRFREQ=1.0
  LARGE_HEADER: AAAAGCGCCGAACAC|CONSCOUNT=2|PRCONS=IGHG|PRFREQ=1.0

- GTATGATCATTCCAT
  STATUS: SAME_SEQUENCE
  SMALL_HEADER: GTATGATCATTCCAT|CONSCOUNT=4|PRCONS=IGHG|PRFREQ=1.0
  LARGE_HEADER: GTATGATCATTCCAT|CONSCOUNT=6|PRCONS=IGHG|PRFREQ=1.0

- GTCATTTACAAGATC
  STATUS: SAME_SEQUENCE
  SMALL_HEADER: GTCATTTACAAGATC|CONSCOUNT=1|PRCONS=IGHM|PRFREQ=1.0
  LARGE_HEADER: GTCATTTACAAGATC|CONSCOUNT=2|PRCONS=IGHM|PRFREQ=1.0

- TTTTCCTTAGTCTCT
  STATUS: SAME_SEQUENCE
  SMALL_HEADER: TTTTCCTTAGTCTCT|CONSCOUNT=16|PRCONS=IGHA|PRFREQ=1.0
  LARGE_HEADER: TTTTCCTTAGTCTCT|CONSCOUNT=123|PRCONS=IGHA|PRFREQ=1.0

- TTACCATGCGGTAAA
  STATUS: IDENTICAL
  SMALL_HEADER: TTACCATGCGGTAAA|CONSCOUNT=1|PRCONS=IGHG|PRFREQ=1.0
  LARGE_HEADER: TTACCATGCGGTAAA|CONSCOUNT=1|PRCONS=IGHG|PRFREQ=1.0

- AATCGGAGCCAGCAC
  STATUS: SAME_SEQUENCE
  SMALL_HEADER: AATCGGAGCCAGCAC|CONSCOUNT=4|PRCONS=IGHG|PRFREQ=1.0
  LARGE_HEADER: AATCGGAGCCAGCAC|CONSCOUNT=15|PRCONS=IGHG|PRFREQ=1.0

- GGGGGGTAGACGTCA
  STATUS: SAME_SEQUENCE
  SMALL_HEADER: GGGGGGTAGACGTCA|CONSCOUNT=2|PRCONS=IGHG|PRFREQ=1.0
  LARGE_HEADER: GGGGGGTAGACGTCA|CONSCOUNT=6|PRCONS=IGHG|PRFREQ=1.0

- TGAGTGCCGCGTAAT
  STATUS: SAME_SEQUENCE
  SMALL_HEADER: TGAGTGCCGCGTAAT|CONSCOUNT=2|PRCONS=IGHG|PRFREQ=1.0
  LARGE_HEADER: TGAGTGCCGCGTAAT|CONSCOUNT=4|PRCONS=IGHG|PRFREQ=1.0

- GTAAGACAAACCAGA
  STATUS: SAME_SEQUENCE
  SMALL_HEADER: GTAAGACAAACCAGA|CONSCOUNT=7|PRCONS=IGHD|PRFREQ=1.0
  LARGE_HEADER: GTAAGACAAACCAGA|CONSCOUNT=14|PRCONS=IGHD|PRFREQ=1.0

- GTATAGAATTCGTTC
  STATUS: SAME_SEQUENCE
  SMALL_HEADER: GTATAGAATTCGTTC|CONSCOUNT=3|PRCONS=IGHG|PRFREQ=1.0
  LARGE_HEADER: GTATAGAATTCGTTC|CONSCOUNT=12|PRCONS=IGHG|PRFREQ=1.0

- GGGGGCGCGCGGCCG
  STATUS: SAME_SEQUENCE
  SMALL_HEADER: GGGGGCGCGCGGCCG|CONSCOUNT=2|PRCONS=IGHD|PRFREQ=1.0
  LARGE_HEADER: GGGGGCGCGCGGCCG|CONSCOUNT=4|PRCONS=IGHD|PRFREQ=1.0

- TTGGCGCATGATTAA
  STATUS: SAME_SEQUENCE
  SMALL_HEADER: TTGGCGCATGATTAA|CONSCOUNT=3|PRCONS=IGHA|PRFREQ=1.0
  LARGE_HEADER: TTGGCGCATGATTAA|CONSCOUNT=27|PRCONS=IGHA|PRFREQ=1.0

- CATTACCACTTGTCA
  STATUS: FOUND_DIFFERENT
  SMALL_HEADER: CATTACCACTTGTCA|CONSCOUNT=1|PRCONS=IGHG|PRFREQ=1.0
  LARGE_HEADER: CATTACCACTTGTCA|CONSCOUNT=2|PRCONS=IGHG|PRFREQ=1.0

- CGCAACTAGCTAACC
  STATUS: SAME_SEQUENCE
  SMALL_HEADER: CGCAACTAGCTAACC|CONSCOUNT=4|PRCONS=IGHG|PRFREQ=1.0
  LARGE_HEADER: CGCAACTAGCTAACC|CONSCOUNT=13|PRCONS=IGHG|PRFREQ=1.0

- TCATTCATTTACAGA
  STATUS: SAME_SEQUENCE
  SMALL_HEADER: TCATTCATTTACAGA|CONSCOUNT=1|PRCONS=IGHG|PRFREQ=1.0
  LARGE_HEADER: TCATTCATTTACAGA|CONSCOUNT=4|PRCONS=IGHG|PRFREQ=1.0

- TTTGTTTGAGTGGCT
  STATUS: SAME_SEQUENCE
  SMALL_HEADER: TTTGTTTGAGTGGCT|CONSCOUNT=5|PRCONS=IGHG|PRFREQ=1.0
  LARGE_HEADER: TTTGTTTGAGTGGCT|CONSCOUNT=47|PRCONS=IGHG|PRFREQ=1.0

- CATTAGTCTCTTTGC
  STATUS: IDENTICAL
  SMALL_HEADER: CATTAGTCTCTTTGC|CONSCOUNT=3|PRCONS=IGHE|PRFREQ=1.0
  LARGE_HEADER: CATTAGTCTCTTTGC|CONSCOUNT=3|PRCONS=IGHE|PRFREQ=1.0

- TAACTCCTCTATCAT
  STATUS: SAME_SEQUENCE
  SMALL_HEADER: TAACTCCTCTATCAT|CONSCOUNT=4|PRCONS=IGHG|PRFREQ=1.0
  LARGE_HEADER: TAACTCCTCTATCAT|CONSCOUNT=13|PRCONS=IGHG|PRFREQ=1.0

- GAGAAATTGTAGATG
  STATUS: FOUND_DIFFERENT
  SMALL_HEADER: GAGAAATTGTAGATG|CONSCOUNT=2|PRCONS=IGHG|PRFREQ=1.0
  LARGE_HEADER: GAGAAATTGTAGATG|CONSCOUNT=18|PRCONS=IGHG|PRFREQ=1.0

- TAGGGAGGGTGCGTG
  STATUS: SAME_SEQUENCE
  SMALL_HEADER: TAGGGAGGGTGCGTG|CONSCOUNT=9|PRCONS=IGHE|PRFREQ=1.0
  LARGE_HEADER: TAGGGAGGGTGCGTG|CONSCOUNT=39|PRCONS=IGHE|PRFREQ=1.0

- ACAAATCTAAAGTTG
  STATUS: SAME_SEQUENCE
  SMALL_HEADER: ACAAATCTAAAGTTG|CONSCOUNT=1|PRCONS=IGHA|PRFREQ=1.0
  LARGE_HEADER: ACAAATCTAAAGTTG|CONSCOUNT=3|PRCONS=IGHA|PRFREQ=1.0

- TATAAGCGTTACGTG
  STATUS: SAME_SEQUENCE
  SMALL_HEADER: TATAAGCGTTACGTG|CONSCOUNT=3|PRCONS=IGHG|PRFREQ=1.0
  LARGE_HEADER: TATAAGCGTTACGTG|CONSCOUNT=9|PRCONS=IGHG|PRFREQ=1.0

- CCGCCGAGATTTAAT
  STATUS: FOUND_DIFFERENT
  SMALL_HEADER: CCGCCGAGATTTAAT|CONSCOUNT=1|PRCONS=IGHA|PRFREQ=1.0
  LARGE_HEADER: CCGCCGAGATTTAAT|CONSCOUNT=2|PRCONS=IGHA|PRFREQ=1.0

- GCCGTGTTGTACCAT
  STATUS: SAME_SEQUENCE
  SMALL_HEADER: GCCGTGTTGTACCAT|CONSCOUNT=7|PRCONS=IGHG|PRFREQ=1.0
  LARGE_HEADER: GCCGTGTTGTACCAT|CONSCOUNT=16|PRCONS=IGHG|PRFREQ=1.0

- AATCGATGGTTCTTT
  STATUS: SAME_SEQUENCE
  SMALL_HEADER: AATCGATGGTTCTTT|CONSCOUNT=3|PRCONS=IGHG|PRFREQ=1.0
  LARGE_HEADER: AATCGATGGTTCTTT|CONSCOUNT=6|PRCONS=IGHG|PRFREQ=1.0

- TAGTTTAATAGTTTG
  STATUS: FOUND_DIFFERENT
  SMALL_HEADER: TAGTTTAATAGTTTG|CONSCOUNT=3|PRCONS=IGHG|PRFREQ=1.0
  LARGE_HEADER: TAGTTTAATAGTTTG|CONSCOUNT=7|PRCONS=IGHG|PRFREQ=1.0

- TCTTCATAACATAAT
  STATUS: SAME_SEQUENCE
  SMALL_HEADER: TCTTCATAACATAAT|CONSCOUNT=1|PRCONS=IGHG|PRFREQ=1.0
  LARGE_HEADER: TCTTCATAACATAAT|CONSCOUNT=7|PRCONS=IGHG|PRFREQ=1.0

- AACATGACGTCTGTT
  STATUS: IDENTICAL
  SMALL_HEADER: AACATGACGTCTGTT|CONSCOUNT=1|PRCONS=IGHA|PRFREQ=1.0
  LARGE_HEADER: AACATGACGTCTGTT|CONSCOUNT=1|PRCONS=IGHA|PRFREQ=1.0

- CGGGAGAGTGGAAGC
  STATUS: IDENTICAL
  SMALL_HEADER: CGGGAGAGTGGAAGC|CONSCOUNT=1|PRCONS=IGHG|PRFREQ=1.0
  LARGE_HEADER: CGGGAGAGTGGAAGC|CONSCOUNT=1|PRCONS=IGHG|PRFREQ=1.0

- CTATTCACGATCGGT
  STATUS: SAME_SEQUENCE
  SMALL_HEADER: CTATTCACGATCGGT|CONSCOUNT=3|PRCONS=IGHG|PRFREQ=1.0
  LARGE_HEADER: CTATTCACGATCGGT|CONSCOUNT=4|PRCONS=IGHG|PRFREQ=1.0

- CAGCCTAGGGGATGG
  STATUS: SAME_SEQUENCE
  SMALL_HEADER: CAGCCTAGGGGATGG|CONSCOUNT=4|PRCONS=IGHE|PRFREQ=1.0
  LARGE_HEADER: CAGCCTAGGGGATGG|CONSCOUNT=179|PRCONS=IGHE|PRFREQ=1.0

- TCTGCTGAGGTCGGC
  STATUS: SAME_SEQUENCE
  SMALL_HEADER: TCTGCTGAGGTCGGC|CONSCOUNT=1|PRCONS=IGHG|PRFREQ=1.0
  LARGE_HEADER: TCTGCTGAGGTCGGC|CONSCOUNT=3|PRCONS=IGHG|PRFREQ=1.0

- AAGTTTGGGTGGCAG
  STATUS: FOUND_DIFFERENT
  SMALL_HEADER: AAGTTTGGGTGGCAG|CONSCOUNT=2|PRCONS=IGHG|PRFREQ=1.0
  LARGE_HEADER: AAGTTTGGGTGGCAG|CONSCOUNT=7|PRCONS=IGHG|PRFREQ=1.0

- GGGCGCATGGGCATA
  STATUS: SAME_SEQUENCE
  SMALL_HEADER: GGGCGCATGGGCATA|CONSCOUNT=30|PRCONS=IGHA|PRFREQ=1.0
  LARGE_HEADER: GGGCGCATGGGCATA|CONSCOUNT=199|PRCONS=IGHA|PRFREQ=1.0

- AATTGTCTACAGCTT
  STATUS: SAME_SEQUENCE
  SMALL_HEADER: AATTGTCTACAGCTT|CONSCOUNT=3|PRCONS=IGHA|PRFREQ=1.0
  LARGE_HEADER: AATTGTCTACAGCTT|CONSCOUNT=25|PRCONS=IGHA|PRFREQ=1.0

- AAGAGCACGTTTCGT
  STATUS: SAME_SEQUENCE
  SMALL_HEADER: AAGAGCACGTTTCGT|CONSCOUNT=2|PRCONS=IGHA|PRFREQ=1.0
  LARGE_HEADER: AAGAGCACGTTTCGT|CONSCOUNT=35|PRCONS=IGHA|PRFREQ=1.0

- ACGCCTCGAGACGCG
  STATUS: SAME_SEQUENCE
  SMALL_HEADER: ACGCCTCGAGACGCG|CONSCOUNT=9|PRCONS=IGHG|PRFREQ=1.0
  LARGE_HEADER: ACGCCTCGAGACGCG|CONSCOUNT=19|PRCONS=IGHG|PRFREQ=1.0

- CAAATTACGCATGTT
  STATUS: IDENTICAL
  SMALL_HEADER: CAAATTACGCATGTT|CONSCOUNT=2|PRCONS=IGHD|PRFREQ=1.0
  LARGE_HEADER: CAAATTACGCATGTT|CONSCOUNT=2|PRCONS=IGHD|PRFREQ=1.0

- GACGCAATGGTCCTC
  STATUS: SAME_SEQUENCE
  SMALL_HEADER: GACGCAATGGTCCTC|CONSCOUNT=1|PRCONS=IGHA|PRFREQ=1.0
  LARGE_HEADER: GACGCAATGGTCCTC|CONSCOUNT=3|PRCONS=IGHA|PRFREQ=1.0

- CAACCTTGTCACATT
  STATUS: FOUND_DIFFERENT
  SMALL_HEADER: CAACCTTGTCACATT|CONSCOUNT=2|PRCONS=IGHM|PRFREQ=1.0
  LARGE_HEADER: CAACCTTGTCACATT|CONSCOUNT=7|PRCONS=IGHM|PRFREQ=1.0

- TGATGCATTTCCTTT
  STATUS: IDENTICAL
  SMALL_HEADER: TGATGCATTTCCTTT|CONSCOUNT=1|PRCONS=IGHA|PRFREQ=1.0
  LARGE_HEADER: TGATGCATTTCCTTT|CONSCOUNT=1|PRCONS=IGHA|PRFREQ=1.0

- CCTGCGGAGACAACC
  STATUS: SAME_SEQUENCE
  SMALL_HEADER: CCTGCGGAGACAACC|CONSCOUNT=12|PRCONS=IGHD|PRFREQ=1.0
  LARGE_HEADER: CCTGCGGAGACAACC|CONSCOUNT=73|PRCONS=IGHD|PRFREQ=1.0

- ATTATCGCCCTTTCT
  STATUS: SAME_SEQUENCE
  SMALL_HEADER: ATTATCGCCCTTTCT|CONSCOUNT=3|PRCONS=IGHG|PRFREQ=1.0
  LARGE_HEADER: ATTATCGCCCTTTCT|CONSCOUNT=8|PRCONS=IGHG|PRFREQ=1.0

- TAAATTTATGTGGCT
  STATUS: SAME_SEQUENCE
  SMALL_HEADER: TAAATTTATGTGGCT|CONSCOUNT=2|PRCONS=IGHG|PRFREQ=1.0
  LARGE_HEADER: TAAATTTATGTGGCT|CONSCOUNT=10|PRCONS=IGHG|PRFREQ=1.0

- TTTATACCATATGGA
  STATUS: IDENTICAL
  SMALL_HEADER: TTTATACCATATGGA|CONSCOUNT=1|PRCONS=IGHA|PRFREQ=1.0
  LARGE_HEADER: TTTATACCATATGGA|CONSCOUNT=1|PRCONS=IGHA|PRFREQ=1.0

- TGGCTGTGTGAGATT
  STATUS: SAME_SEQUENCE
  SMALL_HEADER: TGGCTGTGTGAGATT|CONSCOUNT=7|PRCONS=IGHG|PRFREQ=1.0
  LARGE_HEADER: TGGCTGTGTGAGATT|CONSCOUNT=24|PRCONS=IGHG|PRFREQ=1.0

- CAAAGCGATCGTCTG
  STATUS: FOUND_DIFFERENT
  SMALL_HEADER: CAAAGCGATCGTCTG|CONSCOUNT=2|PRCONS=IGHE|PRFREQ=1.0
  LARGE_HEADER: CAAAGCGATCGTCTG|CONSCOUNT=15|PRCONS=IGHE|PRFREQ=1.0

- CTAGCGGTGGGGTGG
  STATUS: SAME_SEQUENCE
  SMALL_HEADER: CTAGCGGTGGGGTGG|CONSCOUNT=1|PRCONS=IGHG|PRFREQ=1.0
  LARGE_HEADER: CTAGCGGTGGGGTGG|CONSCOUNT=5|PRCONS=IGHG|PRFREQ=1.0

- AGAAACTGTTGAGGC
  STATUS: FOUND_DIFFERENT
  SMALL_HEADER: AGAAACTGTTGAGGC|CONSCOUNT=2|PRCONS=IGHG|PRFREQ=1.0
  LARGE_HEADER: AGAAACTGTTGAGGC|CONSCOUNT=14|PRCONS=IGHG|PRFREQ=1.0

- GGGTATGGAAAAGTT
  STATUS: SAME_SEQUENCE
  SMALL_HEADER: GGGTATGGAAAAGTT|CONSCOUNT=12|PRCONS=IGHA|PRFREQ=1.0
  LARGE_HEADER: GGGTATGGAAAAGTT|CONSCOUNT=34|PRCONS=IGHA|PRFREQ=1.0

- TTGTTAGACTTTCTC
  STATUS: IDENTICAL
  SMALL_HEADER: TTGTTAGACTTTCTC|CONSCOUNT=1|PRCONS=IGHG|PRFREQ=1.0
  LARGE_HEADER: TTGTTAGACTTTCTC|CONSCOUNT=1|PRCONS=IGHG|PRFREQ=1.0

- TAAAATCGGATCCGA
  STATUS: FOUND_DIFFERENT
  SMALL_HEADER: TAAAATCGGATCCGA|CONSCOUNT=2|PRCONS=IGHG|PRFREQ=1.0
  LARGE_HEADER: TAAAATCGGATCCGA|CONSCOUNT=6|PRCONS=IGHG|PRFREQ=1.0

- AACTATCCCATGTTA
  STATUS: SAME_SEQUENCE
  SMALL_HEADER: AACTATCCCATGTTA|CONSCOUNT=3|PRCONS=IGHE|PRFREQ=1.0
  LARGE_HEADER: AACTATCCCATGTTA|CONSCOUNT=24|PRCONS=IGHE|PRFREQ=1.0

- TCGTCGCGTGATTAC
  STATUS: FOUND_DIFFERENT
  SMALL_HEADER: TCGTCGCGTGATTAC|CONSCOUNT=1|PRCONS=IGHA|PRFREQ=1.0
  LARGE_HEADER: TCGTCGCGTGATTAC|CONSCOUNT=6|PRCONS=IGHA|PRFREQ=1.0

- TACCAGCTTAATCTC
  STATUS: SAME_SEQUENCE
  SMALL_HEADER: TACCAGCTTAATCTC|CONSCOUNT=4|PRCONS=IGHA|PRFREQ=1.0
  LARGE_HEADER: TACCAGCTTAATCTC|CONSCOUNT=60|PRCONS=IGHA|PRFREQ=1.0

- GGTAAGGTACCGTAA
  STATUS: SAME_SEQUENCE
  SMALL_HEADER: GGTAAGGTACCGTAA|CONSCOUNT=7|PRCONS=IGHG|PRFREQ=1.0
  LARGE_HEADER: GGTAAGGTACCGTAA|CONSCOUNT=14|PRCONS=IGHG|PRFREQ=1.0

- CGTTTACCAAGTATG
  STATUS: SAME_SEQUENCE
  SMALL_HEADER: CGTTTACCAAGTATG|CONSCOUNT=2|PRCONS=IGHG|PRFREQ=1.0
  LARGE_HEADER: CGTTTACCAAGTATG|CONSCOUNT=16|PRCONS=IGHG|PRFREQ=1.0

- TTATTGTCACTCCGA
  STATUS: SAME_SEQUENCE
  SMALL_HEADER: TTATTGTCACTCCGA|CONSCOUNT=2|PRCONS=IGHG|PRFREQ=1.0
  LARGE_HEADER: TTATTGTCACTCCGA|CONSCOUNT=9|PRCONS=IGHG|PRFREQ=1.0

- CGTTTTTTCATCGAC
  STATUS: SAME_SEQUENCE
  SMALL_HEADER: CGTTTTTTCATCGAC|CONSCOUNT=5|PRCONS=IGHA|PRFREQ=1.0
  LARGE_HEADER: CGTTTTTTCATCGAC|CONSCOUNT=60|PRCONS=IGHA|PRFREQ=1.0

- TACAGGGGGGGGTAG
  STATUS: SAME_SEQUENCE
  SMALL_HEADER: TACAGGGGGGGGTAG|CONSCOUNT=6|PRCONS=IGHD|PRFREQ=1.0
  LARGE_HEADER: TACAGGGGGGGGTAG|CONSCOUNT=16|PRCONS=IGHD|PRFREQ=1.0

- TATAGCTCTGTGTGG
  STATUS: SAME_SEQUENCE
  SMALL_HEADER: TATAGCTCTGTGTGG|CONSCOUNT=2|PRCONS=IGHG|PRFREQ=1.0
  LARGE_HEADER: TATAGCTCTGTGTGG|CONSCOUNT=7|PRCONS=IGHG|PRFREQ=1.0

- CAAAGAACATAGAGC
  STATUS: SAME_SEQUENCE
  SMALL_HEADER: CAAAGAACATAGAGC|CONSCOUNT=1|PRCONS=IGHG|PRFREQ=1.0
  LARGE_HEADER: CAAAGAACATAGAGC|CONSCOUNT=34|PRCONS=IGHG|PRFREQ=1.0

- ATTGTTAGCACTTAA
  STATUS: SAME_SEQUENCE
  SMALL_HEADER: ATTGTTAGCACTTAA|CONSCOUNT=7|PRCONS=IGHG|PRFREQ=1.0
  LARGE_HEADER: ATTGTTAGCACTTAA|CONSCOUNT=23|PRCONS=IGHG|PRFREQ=1.0

- TTTGAGGGGGGGCCG
  STATUS: FOUND_DIFFERENT
  SMALL_HEADER: TTTGAGGGGGGGCCG|CONSCOUNT=1|PRCONS=IGHD|PRFREQ=1.0
  LARGE_HEADER: TTTGAGGGGGGGCCG|CONSCOUNT=6|PRCONS=IGHD|PRFREQ=1.0

- CCGGTCTTCTTCTTT
  STATUS: SAME_SEQUENCE
  SMALL_HEADER: CCGGTCTTCTTCTTT|CONSCOUNT=1|PRCONS=IGHG|PRFREQ=1.0
  LARGE_HEADER: CCGGTCTTCTTCTTT|CONSCOUNT=4|PRCONS=IGHG|PRFREQ=1.0

- GTAACTGGCGTCGGG
  STATUS: SAME_SEQUENCE
  SMALL_HEADER: GTAACTGGCGTCGGG|CONSCOUNT=1|PRCONS=IGHG|PRFREQ=1.0
  LARGE_HEADER: GTAACTGGCGTCGGG|CONSCOUNT=11|PRCONS=IGHG|PRFREQ=1.0

- CTTAATTAGAATTCT
  STATUS: FOUND_DIFFERENT
  SMALL_HEADER: CTTAATTAGAATTCT|CONSCOUNT=2|PRCONS=IGHA|PRFREQ=1.0
  LARGE_HEADER: CTTAATTAGAATTCT|CONSCOUNT=3|PRCONS=IGHA|PRFREQ=1.0

- GCCGAGGCGCGTTGG
  STATUS: IDENTICAL
  SMALL_HEADER: GCCGAGGCGCGTTGG|CONSCOUNT=1|PRCONS=IGHG|PRFREQ=1.0
  LARGE_HEADER: GCCGAGGCGCGTTGG|CONSCOUNT=1|PRCONS=IGHG|PRFREQ=1.0

- TCTAAGTGTATAAGT
  STATUS: SAME_SEQUENCE
  SMALL_HEADER: TCTAAGTGTATAAGT|CONSCOUNT=9|PRCONS=IGHG|PRFREQ=1.0
  LARGE_HEADER: TCTAAGTGTATAAGT|CONSCOUNT=22|PRCONS=IGHG|PRFREQ=1.0

- ACGATACACAAACTG
  STATUS: IDENTICAL
  SMALL_HEADER: ACGATACACAAACTG|CONSCOUNT=1|PRCONS=IGHG|PRFREQ=1.0
  LARGE_HEADER: ACGATACACAAACTG|CONSCOUNT=1|PRCONS=IGHG|PRFREQ=1.0

- TAACACCACATCAAT
  STATUS: SAME_SEQUENCE
  SMALL_HEADER: TAACACCACATCAAT|CONSCOUNT=10|PRCONS=IGHA|PRFREQ=1.0
  LARGE_HEADER: TAACACCACATCAAT|CONSCOUNT=75|PRCONS=IGHA|PRFREQ=1.0

- AATAGTAGCTACTGT
  STATUS: IDENTICAL
  SMALL_HEADER: AATAGTAGCTACTGT|CONSCOUNT=2|PRCONS=IGHD|PRFREQ=1.0
  LARGE_HEADER: AATAGTAGCTACTGT|CONSCOUNT=2|PRCONS=IGHD|PRFREQ=1.0

- CACCGCCCTTTTAAG
  STATUS: SAME_SEQUENCE
  SMALL_HEADER: CACCGCCCTTTTAAG|CONSCOUNT=4|PRCONS=IGHG|PRFREQ=1.0
  LARGE_HEADER: CACCGCCCTTTTAAG|CONSCOUNT=13|PRCONS=IGHG|PRFREQ=1.0

- GACATCATCGAATTG
  STATUS: FOUND_DIFFERENT
  SMALL_HEADER: GACATCATCGAATTG|CONSCOUNT=2|PRCONS=IGHG|PRFREQ=1.0
  LARGE_HEADER: GACATCATCGAATTG|CONSCOUNT=3|PRCONS=IGHG|PRFREQ=1.0

- TGATTGTGCAGGGGG
  STATUS: SAME_SEQUENCE
  SMALL_HEADER: TGATTGTGCAGGGGG|CONSCOUNT=3|PRCONS=IGHG|PRFREQ=1.0
  LARGE_HEADER: TGATTGTGCAGGGGG|CONSCOUNT=113|PRCONS=IGHG|PRFREQ=1.0

- ACATCATCTTAGAGT
  STATUS: SAME_SEQUENCE
  SMALL_HEADER: ACATCATCTTAGAGT|CONSCOUNT=1|PRCONS=IGHG|PRFREQ=1.0
  LARGE_HEADER: ACATCATCTTAGAGT|CONSCOUNT=15|PRCONS=IGHG|PRFREQ=1.0

- TACGGGCAGGGCGAG
  STATUS: SAME_SEQUENCE
  SMALL_HEADER: TACGGGCAGGGCGAG|CONSCOUNT=2|PRCONS=IGHG|PRFREQ=1.0
  LARGE_HEADER: TACGGGCAGGGCGAG|CONSCOUNT=5|PRCONS=IGHG|PRFREQ=1.0

- TAAATGGCCGTCAAT
  STATUS: SAME_SEQUENCE
  SMALL_HEADER: TAAATGGCCGTCAAT|CONSCOUNT=1|PRCONS=IGHA|PRFREQ=1.0
  LARGE_HEADER: TAAATGGCCGTCAAT|CONSCOUNT=3|PRCONS=IGHA|PRFREQ=1.0

- CTCTGTTGGAGCTAA
  STATUS: SAME_SEQUENCE
  SMALL_HEADER: CTCTGTTGGAGCTAA|CONSCOUNT=3|PRCONS=IGHA|PRFREQ=1.0
  LARGE_HEADER: CTCTGTTGGAGCTAA|CONSCOUNT=6|PRCONS=IGHA|PRFREQ=1.0

- GGAAGCCGGGGCTGG
  STATUS: SAME_SEQUENCE
  SMALL_HEADER: GGAAGCCGGGGCTGG|CONSCOUNT=1|PRCONS=IGHG|PRFREQ=1.0
  LARGE_HEADER: GGAAGCCGGGGCTGG|CONSCOUNT=2|PRCONS=IGHG|PRFREQ=1.0

- ACATTAGGAAGGTGG
  STATUS: SAME_SEQUENCE
  SMALL_HEADER: ACATTAGGAAGGTGG|CONSCOUNT=9|PRCONS=IGHA|PRFREQ=1.0
  LARGE_HEADER: ACATTAGGAAGGTGG|CONSCOUNT=35|PRCONS=IGHA|PRFREQ=1.0

- TCCTAAAGCTGAACC
  STATUS: IDENTICAL
  SMALL_HEADER: TCCTAAAGCTGAACC|CONSCOUNT=2|PRCONS=IGHA|PRFREQ=1.0
  LARGE_HEADER: TCCTAAAGCTGAACC|CONSCOUNT=2|PRCONS=IGHA|PRFREQ=1.0

- CTTCGTGTATGTACA
  STATUS: SAME_SEQUENCE
  SMALL_HEADER: CTTCGTGTATGTACA|CONSCOUNT=2|PRCONS=IGHG|PRFREQ=1.0
  LARGE_HEADER: CTTCGTGTATGTACA|CONSCOUNT=5|PRCONS=IGHG|PRFREQ=1.0

- TTCAGGCTCGATTCG
  STATUS: SAME_SEQUENCE
  SMALL_HEADER: TTCAGGCTCGATTCG|CONSCOUNT=2|PRCONS=IGHG|PRFREQ=1.0
  LARGE_HEADER: TTCAGGCTCGATTCG|CONSCOUNT=7|PRCONS=IGHG|PRFREQ=1.0

- ATCACTCTTCATGAA
  STATUS: FOUND_DIFFERENT
  SMALL_HEADER: ATCACTCTTCATGAA|CONSCOUNT=1|PRCONS=IGHA|PRFREQ=1.0
  LARGE_HEADER: ATCACTCTTCATGAA|CONSCOUNT=3|PRCONS=IGHA|PRFREQ=1.0

- TTGTCTAGCTGCGAC
  STATUS: SAME_SEQUENCE
  SMALL_HEADER: TTGTCTAGCTGCGAC|CONSCOUNT=3|PRCONS=IGHG|PRFREQ=1.0
  LARGE_HEADER: TTGTCTAGCTGCGAC|CONSCOUNT=86|PRCONS=IGHG|PRFREQ=1.0

- GGATGGTAATTGTAC
  STATUS: SAME_SEQUENCE
  SMALL_HEADER: GGATGGTAATTGTAC|CONSCOUNT=1|PRCONS=IGHA|PRFREQ=1.0
  LARGE_HEADER: GGATGGTAATTGTAC|CONSCOUNT=42|PRCONS=IGHA|PRFREQ=1.0

- TTAGTTCCGTAACTT
  STATUS: SAME_SEQUENCE
  SMALL_HEADER: TTAGTTCCGTAACTT|CONSCOUNT=4|PRCONS=IGHG|PRFREQ=1.0
  LARGE_HEADER: TTAGTTCCGTAACTT|CONSCOUNT=11|PRCONS=IGHG|PRFREQ=1.0

- CGCCAACAGAAACGT
  STATUS: SAME_SEQUENCE
  SMALL_HEADER: CGCCAACAGAAACGT|CONSCOUNT=5|PRCONS=IGHA|PRFREQ=1.0
  LARGE_HEADER: CGCCAACAGAAACGT|CONSCOUNT=84|PRCONS=IGHA|PRFREQ=1.0

- GCATAGTCATTAGGT
  STATUS: FOUND_DIFFERENT
  SMALL_HEADER: GCATAGTCATTAGGT|CONSCOUNT=1|PRCONS=IGHA|PRFREQ=1.0
  LARGE_HEADER: GCATAGTCATTAGGT|CONSCOUNT=2|PRCONS=IGHA|PRFREQ=1.0

- GTACTAGGCGATCCT
  STATUS: SAME_SEQUENCE
  SMALL_HEADER: GTACTAGGCGATCCT|CONSCOUNT=1|PRCONS=IGHG|PRFREQ=1.0
  LARGE_HEADER: GTACTAGGCGATCCT|CONSCOUNT=5|PRCONS=IGHG|PRFREQ=1.0

- TAGTTGTTGTTTTAG
  STATUS: SAME_SEQUENCE
  SMALL_HEADER: TAGTTGTTGTTTTAG|CONSCOUNT=1|PRCONS=IGHG|PRFREQ=1.0
  LARGE_HEADER: TAGTTGTTGTTTTAG|CONSCOUNT=59|PRCONS=IGHG|PRFREQ=1.0

- CGAAACCGGAATATG
  STATUS: IDENTICAL
  SMALL_HEADER: CGAAACCGGAATATG|CONSCOUNT=2|PRCONS=IGHG|PRFREQ=1.0
  LARGE_HEADER: CGAAACCGGAATATG|CONSCOUNT=2|PRCONS=IGHG|PRFREQ=1.0

- ACTAATTTTGCAAAT
  STATUS: SAME_SEQUENCE
  SMALL_HEADER: ACTAATTTTGCAAAT|CONSCOUNT=2|PRCONS=IGHA|PRFREQ=1.0
  LARGE_HEADER: ACTAATTTTGCAAAT|CONSCOUNT=5|PRCONS=IGHA|PRFREQ=1.0

- TTTATTTGTCACAAA
  STATUS: SAME_SEQUENCE
  SMALL_HEADER: TTTATTTGTCACAAA|CONSCOUNT=1|PRCONS=IGHD|PRFREQ=1.0
  LARGE_HEADER: TTTATTTGTCACAAA|CONSCOUNT=5|PRCONS=IGHD|PRFREQ=1.0

- CTTGGGTAAAATCGT
  STATUS: SAME_SEQUENCE
  SMALL_HEADER: CTTGGGTAAAATCGT|CONSCOUNT=2|PRCONS=IGHA|PRFREQ=1.0
  LARGE_HEADER: CTTGGGTAAAATCGT|CONSCOUNT=8|PRCONS=IGHA|PRFREQ=1.0

- TGAGAGCTCCCCCAG
  STATUS: SAME_SEQUENCE
  SMALL_HEADER: TGAGAGCTCCCCCAG|CONSCOUNT=11|PRCONS=IGHG|PRFREQ=1.0
  LARGE_HEADER: TGAGAGCTCCCCCAG|CONSCOUNT=80|PRCONS=IGHG|PRFREQ=1.0

- TTGTAGTTCACGTCT
  STATUS: FOUND_DIFFERENT
  SMALL_HEADER: TTGTAGTTCACGTCT|CONSCOUNT=1|PRCONS=IGHA|PRFREQ=1.0
  LARGE_HEADER: TTGTAGTTCACGTCT|CONSCOUNT=2|PRCONS=IGHA|PRFREQ=1.0

- GTTGTTGGTCGTGTC
  STATUS: SAME_SEQUENCE
  SMALL_HEADER: GTTGTTGGTCGTGTC|CONSCOUNT=7|PRCONS=IGHG|PRFREQ=1.0
  LARGE_HEADER: GTTGTTGGTCGTGTC|CONSCOUNT=26|PRCONS=IGHG|PRFREQ=1.0

- GTCGATGCTAAAGTA
  STATUS: FOUND_DIFFERENT
  SMALL_HEADER: GTCGATGCTAAAGTA|CONSCOUNT=2|PRCONS=IGHE|PRFREQ=1.0
  LARGE_HEADER: GTCGATGCTAAAGTA|CONSCOUNT=9|PRCONS=IGHE|PRFREQ=1.0

- TAACTGCTTGCTGTA
  STATUS: SAME_SEQUENCE
  SMALL_HEADER: TAACTGCTTGCTGTA|CONSCOUNT=3|PRCONS=IGHG|PRFREQ=1.0
  LARGE_HEADER: TAACTGCTTGCTGTA|CONSCOUNT=5|PRCONS=IGHG|PRFREQ=1.0

- CTTGTCGATTTTGTA
  STATUS: IDENTICAL
  SMALL_HEADER: CTTGTCGATTTTGTA|CONSCOUNT=1|PRCONS=IGHA|PRFREQ=1.0
  LARGE_HEADER: CTTGTCGATTTTGTA|CONSCOUNT=1|PRCONS=IGHA|PRFREQ=1.0

- GGACATAACTATGTT
  STATUS: IDENTICAL
  SMALL_HEADER: GGACATAACTATGTT|CONSCOUNT=1|PRCONS=IGHA|PRFREQ=1.0
  LARGE_HEADER: GGACATAACTATGTT|CONSCOUNT=1|PRCONS=IGHA|PRFREQ=1.0

- AATTTACAGTTGGTC
  STATUS: SAME_SEQUENCE
  SMALL_HEADER: AATTTACAGTTGGTC|CONSCOUNT=19|PRCONS=IGHG|PRFREQ=1.0
  LARGE_HEADER: AATTTACAGTTGGTC|CONSCOUNT=79|PRCONS=IGHG|PRFREQ=1.0

- ATATCGAGGGCGGCT
  STATUS: FOUND_DIFFERENT
  SMALL_HEADER: ATATCGAGGGCGGCT|CONSCOUNT=1|PRCONS=IGHG|PRFREQ=1.0
  LARGE_HEADER: ATATCGAGGGCGGCT|CONSCOUNT=2|PRCONS=IGHG|PRFREQ=1.0

- TACGTGCGCGCATAT
  STATUS: SAME_SEQUENCE
  SMALL_HEADER: TACGTGCGCGCATAT|CONSCOUNT=2|PRCONS=IGHA|PRFREQ=1.0
  LARGE_HEADER: TACGTGCGCGCATAT|CONSCOUNT=8|PRCONS=IGHA|PRFREQ=1.0

- CACACGCGCGTGTAT
  STATUS: IDENTICAL
  SMALL_HEADER: CACACGCGCGTGTAT|CONSCOUNT=1|PRCONS=IGHA|PRFREQ=1.0
  LARGE_HEADER: CACACGCGCGTGTAT|CONSCOUNT=1|PRCONS=IGHA|PRFREQ=1.0

- TTGGTGCAGCTTGAG
  STATUS: SAME_SEQUENCE
  SMALL_HEADER: TTGGTGCAGCTTGAG|CONSCOUNT=7|PRCONS=IGHG|PRFREQ=1.0
  LARGE_HEADER: TTGGTGCAGCTTGAG|CONSCOUNT=283|PRCONS=IGHG|PRFREQ=1.0

- TATCAGGCATACGTG
  STATUS: SAME_SEQUENCE
  SMALL_HEADER: TATCAGGCATACGTG|CONSCOUNT=5|PRCONS=IGHG|PRFREQ=1.0
  LARGE_HEADER: TATCAGGCATACGTG|CONSCOUNT=12|PRCONS=IGHG|PRFREQ=1.0

- ATAGCGTGTGTGGCG
  STATUS: SAME_SEQUENCE
  SMALL_HEADER: ATAGCGTGTGTGGCG|CONSCOUNT=6|PRCONS=IGHG|PRFREQ=1.0
  LARGE_HEADER: ATAGCGTGTGTGGCG|CONSCOUNT=258|PRCONS=IGHG|PRFREQ=1.0

- CGGAAAGTTCTGGAT
  STATUS: IDENTICAL
  SMALL_HEADER: CGGAAAGTTCTGGAT|CONSCOUNT=1|PRCONS=IGHA|PRFREQ=1.0
  LARGE_HEADER: CGGAAAGTTCTGGAT|CONSCOUNT=1|PRCONS=IGHA|PRFREQ=1.0

- CAAATATTCCCGGTG
  STATUS: SAME_SEQUENCE
  SMALL_HEADER: CAAATATTCCCGGTG|CONSCOUNT=2|PRCONS=IGHG|PRFREQ=1.0
  LARGE_HEADER: CAAATATTCCCGGTG|CONSCOUNT=4|PRCONS=IGHG|PRFREQ=1.0

- TAATCGTTCATAATA
  STATUS: SAME_SEQUENCE
  SMALL_HEADER: TAATCGTTCATAATA|CONSCOUNT=6|PRCONS=IGHG|PRFREQ=1.0
  LARGE_HEADER: TAATCGTTCATAATA|CONSCOUNT=29|PRCONS=IGHG|PRFREQ=1.0

- CTATATTTCTCGTCA
  STATUS: SAME_SEQUENCE
  SMALL_HEADER: CTATATTTCTCGTCA|CONSCOUNT=5|PRCONS=IGHD|PRFREQ=1.0
  LARGE_HEADER: CTATATTTCTCGTCA|CONSCOUNT=12|PRCONS=IGHD|PRFREQ=1.0

- AGTAGCAGCGAAGAG
  STATUS: SAME_SEQUENCE
  SMALL_HEADER: AGTAGCAGCGAAGAG|CONSCOUNT=3|PRCONS=IGHG|PRFREQ=1.0
  LARGE_HEADER: AGTAGCAGCGAAGAG|CONSCOUNT=11|PRCONS=IGHG|PRFREQ=1.0

- ACTGCACACATTCTA
  STATUS: FOUND_DIFFERENT
  SMALL_HEADER: ACTGCACACATTCTA|CONSCOUNT=1|PRCONS=IGHA|PRFREQ=1.0
  LARGE_HEADER: ACTGCACACATTCTA|CONSCOUNT=2|PRCONS=IGHA|PRFREQ=1.0

- GTTGGTATGTATCGA
  STATUS: SAME_SEQUENCE
  SMALL_HEADER: GTTGGTATGTATCGA|CONSCOUNT=2|PRCONS=IGHG|PRFREQ=1.0
  LARGE_HEADER: GTTGGTATGTATCGA|CONSCOUNT=4|PRCONS=IGHG|PRFREQ=1.0

- AAGGAAAGATTGCCA
  STATUS: SAME_SEQUENCE
  SMALL_HEADER: AAGGAAAGATTGCCA|CONSCOUNT=2|PRCONS=IGHG|PRFREQ=1.0
  LARGE_HEADER: AAGGAAAGATTGCCA|CONSCOUNT=4|PRCONS=IGHG|PRFREQ=1.0

- AACGGCGACGCGTTT
  STATUS: SAME_SEQUENCE
  SMALL_HEADER: AACGGCGACGCGTTT|CONSCOUNT=1|PRCONS=IGHG|PRFREQ=1.0
  LARGE_HEADER: AACGGCGACGCGTTT|CONSCOUNT=5|PRCONS=IGHG|PRFREQ=1.0

- GGAGTAACAATGTTA
  STATUS: SAME_SEQUENCE
  SMALL_HEADER: GGAGTAACAATGTTA|CONSCOUNT=3|PRCONS=IGHA|PRFREQ=1.0
  LARGE_HEADER: GGAGTAACAATGTTA|CONSCOUNT=32|PRCONS=IGHA|PRFREQ=1.0

- CTAATGTTAGGGTAA
  STATUS: FOUND_DIFFERENT
  SMALL_HEADER: CTAATGTTAGGGTAA|CONSCOUNT=1|PRCONS=IGHG|PRFREQ=1.0
  LARGE_HEADER: CTAATGTTAGGGTAA|CONSCOUNT=3|PRCONS=IGHG|PRFREQ=1.0

- ATAGCGATTTCTTGT
  STATUS: FOUND_DIFFERENT
  SMALL_HEADER: ATAGCGATTTCTTGT|CONSCOUNT=3|PRCONS=IGHA|PRFREQ=1.0
  LARGE_HEADER: ATAGCGATTTCTTGT|CONSCOUNT=12|PRCONS=IGHA|PRFREQ=1.0

- TTCTGTACATCTAGT
  STATUS: SAME_SEQUENCE
  SMALL_HEADER: TTCTGTACATCTAGT|CONSCOUNT=1|PRCONS=IGHA|PRFREQ=1.0
  LARGE_HEADER: TTCTGTACATCTAGT|CONSCOUNT=2|PRCONS=IGHA|PRFREQ=1.0

- CTAGGGATCTACATG
  STATUS: FOUND_DIFFERENT
  SMALL_HEADER: CTAGGGATCTACATG|CONSCOUNT=1|PRCONS=IGHA|PRFREQ=1.0
  LARGE_HEADER: CTAGGGATCTACATG|CONSCOUNT=2|PRCONS=IGHA|PRFREQ=1.0

- ACCCGCGAAGTTAAA
  STATUS: SAME_SEQUENCE
  SMALL_HEADER: ACCCGCGAAGTTAAA|CONSCOUNT=1|PRCONS=IGHA|PRFREQ=1.0
  LARGE_HEADER: ACCCGCGAAGTTAAA|CONSCOUNT=4|PRCONS=IGHA|PRFREQ=1.0

- TCGCATACCGCATCT
  STATUS: SAME_SEQUENCE
  SMALL_HEADER: TCGCATACCGCATCT|CONSCOUNT=5|PRCONS=IGHA|PRFREQ=1.0
  LARGE_HEADER: TCGCATACCGCATCT|CONSCOUNT=11|PRCONS=IGHA|PRFREQ=1.0

- ACTTTTGTCCCGCAG
  STATUS: SAME_SEQUENCE
  SMALL_HEADER: ACTTTTGTCCCGCAG|CONSCOUNT=2|PRCONS=IGHG|PRFREQ=1.0
  LARGE_HEADER: ACTTTTGTCCCGCAG|CONSCOUNT=6|PRCONS=IGHG|PRFREQ=1.0

- GAGGGCCGGATGGGG
  STATUS: SAME_SEQUENCE
  SMALL_HEADER: GAGGGCCGGATGGGG|CONSCOUNT=7|PRCONS=IGHG|PRFREQ=1.0
  LARGE_HEADER: GAGGGCCGGATGGGG|CONSCOUNT=19|PRCONS=IGHG|PRFREQ=1.0

- CGGTGCGCGGTGGGA
  STATUS: SAME_SEQUENCE
  SMALL_HEADER: CGGTGCGCGGTGGGA|CONSCOUNT=1|PRCONS=IGHG|PRFREQ=1.0
  LARGE_HEADER: CGGTGCGCGGTGGGA|CONSCOUNT=10|PRCONS=IGHG|PRFREQ=1.0

- TTCGGGCGTGCTGGA
  STATUS: SAME_SEQUENCE
  SMALL_HEADER: TTCGGGCGTGCTGGA|CONSCOUNT=16|PRCONS=IGHG|PRFREQ=1.0
  LARGE_HEADER: TTCGGGCGTGCTGGA|CONSCOUNT=56|PRCONS=IGHG|PRFREQ=1.0

- TTACTCGTTTTTAGT
  STATUS: IDENTICAL
  SMALL_HEADER: TTACTCGTTTTTAGT|CONSCOUNT=1|PRCONS=IGHA|PRFREQ=1.0
  LARGE_HEADER: TTACTCGTTTTTAGT|CONSCOUNT=1|PRCONS=IGHA|PRFREQ=1.0

- CATTGGATGACGGTG
  STATUS: SAME_SEQUENCE
  SMALL_HEADER: CATTGGATGACGGTG|CONSCOUNT=6|PRCONS=IGHG|PRFREQ=1.0
  LARGE_HEADER: CATTGGATGACGGTG|CONSCOUNT=74|PRCONS=IGHG|PRFREQ=1.0

- GGTACGACAATAGTA
  STATUS: IDENTICAL
  SMALL_HEADER: GGTACGACAATAGTA|CONSCOUNT=1|PRCONS=IGHA|PRFREQ=1.0
  LARGE_HEADER: GGTACGACAATAGTA|CONSCOUNT=1|PRCONS=IGHA|PRFREQ=1.0

- TTTTGTACTTTACTT
  STATUS: FOUND_DIFFERENT
  SMALL_HEADER: TTTTGTACTTTACTT|CONSCOUNT=2|PRCONS=IGHA|PRFREQ=1.0
  LARGE_HEADER: TTTTGTACTTTACTT|CONSCOUNT=4|PRCONS=IGHA|PRFREQ=1.0

- GGTCAACCGTAGGTG
  STATUS: IDENTICAL
  SMALL_HEADER: GGTCAACCGTAGGTG|CONSCOUNT=1|PRCONS=IGHA|PRFREQ=1.0
  LARGE_HEADER: GGTCAACCGTAGGTG|CONSCOUNT=1|PRCONS=IGHA|PRFREQ=1.0

- GTCGGAAAGGGTGTG
  STATUS: FOUND_DIFFERENT
  SMALL_HEADER: GTCGGAAAGGGTGTG|CONSCOUNT=1|PRCONS=IGHA|PRFREQ=1.0
  LARGE_HEADER: GTCGGAAAGGGTGTG|CONSCOUNT=2|PRCONS=IGHA|PRFREQ=1.0

- CTTAGTACCTACCTC
  STATUS: IDENTICAL
  SMALL_HEADER: CTTAGTACCTACCTC|CONSCOUNT=1|PRCONS=IGHG|PRFREQ=1.0
  LARGE_HEADER: CTTAGTACCTACCTC|CONSCOUNT=1|PRCONS=IGHG|PRFREQ=1.0

- AGGAGGGGGGTCCCC
  STATUS: SAME_SEQUENCE
  SMALL_HEADER: AGGAGGGGGGTCCCC|CONSCOUNT=5|PRCONS=IGHG|PRFREQ=1.0
  LARGE_HEADER: AGGAGGGGGGTCCCC|CONSCOUNT=12|PRCONS=IGHG|PRFREQ=1.0

- GTACAAGTGGGACCT
  STATUS: SAME_SEQUENCE
  SMALL_HEADER: GTACAAGTGGGACCT|CONSCOUNT=2|PRCONS=IGHA|PRFREQ=1.0
  LARGE_HEADER: GTACAAGTGGGACCT|CONSCOUNT=3|PRCONS=IGHA|PRFREQ=1.0

- GGAGCGGTGCATCGG
  STATUS: SAME_SEQUENCE
  SMALL_HEADER: GGAGCGGTGCATCGG|CONSCOUNT=2|PRCONS=IGHD|PRFREQ=1.0
  LARGE_HEADER: GGAGCGGTGCATCGG|CONSCOUNT=6|PRCONS=IGHD|PRFREQ=1.0

- TGCTTTACAATTGGT
  STATUS: FOUND_DIFFERENT
  SMALL_HEADER: TGCTTTACAATTGGT|CONSCOUNT=3|PRCONS=IGHG|PRFREQ=1.0
  LARGE_HEADER: TGCTTTACAATTGGT|CONSCOUNT=6|PRCONS=IGHG|PRFREQ=1.0

- TACCTTTGTAAATAC
  STATUS: SAME_SEQUENCE
  SMALL_HEADER: TACCTTTGTAAATAC|CONSCOUNT=2|PRCONS=IGHG|PRFREQ=1.0
  LARGE_HEADER: TACCTTTGTAAATAC|CONSCOUNT=8|PRCONS=IGHG|PRFREQ=1.0

- CTTAACCCTTAACCT
  STATUS: IDENTICAL
  SMALL_HEADER: CTTAACCCTTAACCT|CONSCOUNT=1|PRCONS=IGHA|PRFREQ=1.0
  LARGE_HEADER: CTTAACCCTTAACCT|CONSCOUNT=1|PRCONS=IGHA|PRFREQ=1.0

- GCTCGTTTGTAGCAT
  STATUS: SAME_SEQUENCE
  SMALL_HEADER: GCTCGTTTGTAGCAT|CONSCOUNT=2|PRCONS=IGHG|PRFREQ=1.0
  LARGE_HEADER: GCTCGTTTGTAGCAT|CONSCOUNT=5|PRCONS=IGHG|PRFREQ=1.0

- CCCAAGTAAATCTAG
  STATUS: SAME_SEQUENCE
  SMALL_HEADER: CCCAAGTAAATCTAG|CONSCOUNT=10|PRCONS=IGHG|PRFREQ=1.0
  LARGE_HEADER: CCCAAGTAAATCTAG|CONSCOUNT=19|PRCONS=IGHG|PRFREQ=1.0

- TCTGCCCTGATGTTT
  STATUS: SAME_SEQUENCE
  SMALL_HEADER: TCTGCCCTGATGTTT|CONSCOUNT=2|PRCONS=IGHG|PRFREQ=1.0
  LARGE_HEADER: TCTGCCCTGATGTTT|CONSCOUNT=5|PRCONS=IGHG|PRFREQ=1.0

- GTCGTAAGGGGGAAG
  STATUS: SAME_SEQUENCE
  SMALL_HEADER: GTCGTAAGGGGGAAG|CONSCOUNT=3|PRCONS=IGHG|PRFREQ=1.0
  LARGE_HEADER: GTCGTAAGGGGGAAG|CONSCOUNT=13|PRCONS=IGHG|PRFREQ=1.0

- GGCTCTTGTCTCTGA
  STATUS: FOUND_DIFFERENT
  SMALL_HEADER: GGCTCTTGTCTCTGA|CONSCOUNT=1|PRCONS=IGHA|PRFREQ=1.0
  LARGE_HEADER: GGCTCTTGTCTCTGA|CONSCOUNT=11|PRCONS=IGHA|PRFREQ=1.0

- AATTGAAAGTTACTT
  STATUS: IDENTICAL
  SMALL_HEADER: AATTGAAAGTTACTT|CONSCOUNT=1|PRCONS=IGHA|PRFREQ=1.0
  LARGE_HEADER: AATTGAAAGTTACTT|CONSCOUNT=1|PRCONS=IGHA|PRFREQ=1.0

- AAGAACGTGCCTCCG
  STATUS: SAME_SEQUENCE
  SMALL_HEADER: AAGAACGTGCCTCCG|CONSCOUNT=3|PRCONS=IGHG|PRFREQ=1.0
  LARGE_HEADER: AAGAACGTGCCTCCG|CONSCOUNT=12|PRCONS=IGHG|PRFREQ=1.0

- AAGTGTCTGCTGTTT
  STATUS: SAME_SEQUENCE
  SMALL_HEADER: AAGTGTCTGCTGTTT|CONSCOUNT=4|PRCONS=IGHA|PRFREQ=1.0
  LARGE_HEADER: AAGTGTCTGCTGTTT|CONSCOUNT=107|PRCONS=IGHA|PRFREQ=1.0

- CGTTTAGGCAAGCGA
  STATUS: SAME_SEQUENCE
  SMALL_HEADER: CGTTTAGGCAAGCGA|CONSCOUNT=2|PRCONS=IGHG|PRFREQ=1.0
  LARGE_HEADER: CGTTTAGGCAAGCGA|CONSCOUNT=4|PRCONS=IGHG|PRFREQ=1.0

- GTCGTTAATCAATGT
  STATUS: FOUND_DIFFERENT
  SMALL_HEADER: GTCGTTAATCAATGT|CONSCOUNT=1|PRCONS=IGHA|PRFREQ=1.0
  LARGE_HEADER: GTCGTTAATCAATGT|CONSCOUNT=2|PRCONS=IGHA|PRFREQ=1.0

- AAATATCCTGGAAAA
  STATUS: SAME_SEQUENCE
  SMALL_HEADER: AAATATCCTGGAAAA|CONSCOUNT=1|PRCONS=IGHA|PRFREQ=1.0
  LARGE_HEADER: AAATATCCTGGAAAA|CONSCOUNT=6|PRCONS=IGHA|PRFREQ=1.0

- CTTGAGAAATTCGTG
  STATUS: SAME_SEQUENCE
  SMALL_HEADER: CTTGAGAAATTCGTG|CONSCOUNT=1|PRCONS=IGHG|PRFREQ=1.0
  LARGE_HEADER: CTTGAGAAATTCGTG|CONSCOUNT=3|PRCONS=IGHG|PRFREQ=1.0

- TTTCTGCGTGTTTTC
  STATUS: FOUND_DIFFERENT
  SMALL_HEADER: TTTCTGCGTGTTTTC|CONSCOUNT=1|PRCONS=IGHG|PRFREQ=1.0
  LARGE_HEADER: TTTCTGCGTGTTTTC|CONSCOUNT=2|PRCONS=IGHG|PRFREQ=1.0

- TCAGGAAACTAGTCC
  STATUS: FOUND_DIFFERENT
  SMALL_HEADER: TCAGGAAACTAGTCC|CONSCOUNT=1|PRCONS=IGHA|PRFREQ=1.0
  LARGE_HEADER: TCAGGAAACTAGTCC|CONSCOUNT=3|PRCONS=IGHA|PRFREQ=1.0

- GACACAATTAATTGC
  STATUS: SAME_SEQUENCE
  SMALL_HEADER: GACACAATTAATTGC|CONSCOUNT=1|PRCONS=IGHA|PRFREQ=1.0
  LARGE_HEADER: GACACAATTAATTGC|CONSCOUNT=3|PRCONS=IGHA|PRFREQ=1.0

- TGTATGTGAATTAAA
  STATUS: SAME_SEQUENCE
  SMALL_HEADER: TGTATGTGAATTAAA|CONSCOUNT=3|PRCONS=IGHG|PRFREQ=1.0
  LARGE_HEADER: TGTATGTGAATTAAA|CONSCOUNT=5|PRCONS=IGHG|PRFREQ=1.0

- CTTATAAGAACGTCT
  STATUS: SAME_SEQUENCE
  SMALL_HEADER: CTTATAAGAACGTCT|CONSCOUNT=1|PRCONS=IGHG|PRFREQ=1.0
  LARGE_HEADER: CTTATAAGAACGTCT|CONSCOUNT=5|PRCONS=IGHG|PRFREQ=1.0

- AAGTCTAAGTTCCTT
  STATUS: FOUND_DIFFERENT
  SMALL_HEADER: AAGTCTAAGTTCCTT|CONSCOUNT=1|PRCONS=IGHA|PRFREQ=1.0
  LARGE_HEADER: AAGTCTAAGTTCCTT|CONSCOUNT=2|PRCONS=IGHA|PRFREQ=1.0

- TTTTTAAAATAGATT
  STATUS: FOUND_DIFFERENT
  SMALL_HEADER: TTTTTAAAATAGATT|CONSCOUNT=1|PRCONS=IGHA|PRFREQ=1.0
  LARGE_HEADER: TTTTTAAAATAGATT|CONSCOUNT=3|PRCONS=IGHA|PRFREQ=1.0

- TATCAGAAAGATTTT
  STATUS: IDENTICAL
  SMALL_HEADER: TATCAGAAAGATTTT|CONSCOUNT=1|PRCONS=IGHD|PRFREQ=1.0
  LARGE_HEADER: TATCAGAAAGATTTT|CONSCOUNT=1|PRCONS=IGHD|PRFREQ=1.0

- GTAATCTAGGAGCAA
  STATUS: SAME_SEQUENCE
  SMALL_HEADER: GTAATCTAGGAGCAA|CONSCOUNT=2|PRCONS=IGHG|PRFREQ=1.0
  LARGE_HEADER: GTAATCTAGGAGCAA|CONSCOUNT=10|PRCONS=IGHG|PRFREQ=1.0

- CTTAGTCACCTCCTC
  STATUS: FOUND_DIFFERENT
  SMALL_HEADER: CTTAGTCACCTCCTC|CONSCOUNT=2|PRCONS=IGHG|PRFREQ=1.0
  LARGE_HEADER: CTTAGTCACCTCCTC|CONSCOUNT=6|PRCONS=IGHG|PRFREQ=1.0

- GGGATTTTCGGTCAA
  STATUS: FOUND_DIFFERENT
  SMALL_HEADER: GGGATTTTCGGTCAA|CONSCOUNT=1|PRCONS=IGHA|PRFREQ=1.0
  LARGE_HEADER: GGGATTTTCGGTCAA|CONSCOUNT=16|PRCONS=IGHA|PRFREQ=1.0

- AATCCGCTACCATTA
  STATUS: FOUND_DIFFERENT
  SMALL_HEADER: AATCCGCTACCATTA|CONSCOUNT=2|PRCONS=IGHG|PRFREQ=1.0
  LARGE_HEADER: AATCCGCTACCATTA|CONSCOUNT=5|PRCONS=IGHG|PRFREQ=1.0

- ATTGACTAAATGTTT
  STATUS: FOUND_DIFFERENT
  SMALL_HEADER: ATTGACTAAATGTTT|CONSCOUNT=1|PRCONS=IGHA|PRFREQ=1.0
  LARGE_HEADER: ATTGACTAAATGTTT|CONSCOUNT=2|PRCONS=IGHA|PRFREQ=1.0

- ATTATGCACCTCTCA
  STATUS: SAME_SEQUENCE
  SMALL_HEADER: ATTATGCACCTCTCA|CONSCOUNT=1|PRCONS=IGHA|PRFREQ=1.0
  LARGE_HEADER: ATTATGCACCTCTCA|CONSCOUNT=4|PRCONS=IGHA|PRFREQ=1.0

- ACTGATCCAGGAAAA
  STATUS: SAME_SEQUENCE
  SMALL_HEADER: ACTGATCCAGGAAAA|CONSCOUNT=3|PRCONS=IGHG|PRFREQ=1.0
  LARGE_HEADER: ACTGATCCAGGAAAA|CONSCOUNT=7|PRCONS=IGHG|PRFREQ=1.0

- TCCCGTGCGCCTAGA
  STATUS: SAME_SEQUENCE
  SMALL_HEADER: TCCCGTGCGCCTAGA|CONSCOUNT=4|PRCONS=IGHG|PRFREQ=1.0
  LARGE_HEADER: TCCCGTGCGCCTAGA|CONSCOUNT=25|PRCONS=IGHG|PRFREQ=1.0

- TAGCCTTTGTTTTTT
  STATUS: FOUND_DIFFERENT
  SMALL_HEADER: TAGCCTTTGTTTTTT|CONSCOUNT=1|PRCONS=IGHA|PRFREQ=1.0
  LARGE_HEADER: TAGCCTTTGTTTTTT|CONSCOUNT=2|PRCONS=IGHA|PRFREQ=1.0

- ACTTATTTTAATCCT
  STATUS: SAME_SEQUENCE
  SMALL_HEADER: ACTTATTTTAATCCT|CONSCOUNT=1|PRCONS=IGHA|PRFREQ=1.0
  LARGE_HEADER: ACTTATTTTAATCCT|CONSCOUNT=5|PRCONS=IGHA|PRFREQ=1.0

- TCGTGGTTTAATCGT
  STATUS: SAME_SEQUENCE
  SMALL_HEADER: TCGTGGTTTAATCGT|CONSCOUNT=3|PRCONS=IGHG|PRFREQ=1.0
  LARGE_HEADER: TCGTGGTTTAATCGT|CONSCOUNT=13|PRCONS=IGHG|PRFREQ=1.0

- TCGATCGGGTACCTC
  STATUS: SAME_SEQUENCE
  SMALL_HEADER: TCGATCGGGTACCTC|CONSCOUNT=1|PRCONS=IGHA|PRFREQ=1.0
  LARGE_HEADER: TCGATCGGGTACCTC|CONSCOUNT=12|PRCONS=IGHA|PRFREQ=1.0

- TTACGGGCGAAAAGG
  STATUS: SAME_SEQUENCE
  SMALL_HEADER: TTACGGGCGAAAAGG|CONSCOUNT=5|PRCONS=IGHG|PRFREQ=1.0
  LARGE_HEADER: TTACGGGCGAAAAGG|CONSCOUNT=10|PRCONS=IGHG|PRFREQ=1.0

- GCATACCGTATCCTT
  STATUS: FOUND_DIFFERENT
  SMALL_HEADER: GCATACCGTATCCTT|CONSCOUNT=1|PRCONS=IGHA|PRFREQ=1.0
  LARGE_HEADER: GCATACCGTATCCTT|CONSCOUNT=2|PRCONS=IGHA|PRFREQ=1.0

- CGCTTCTCGGAATGT
  STATUS: SAME_SEQUENCE
  SMALL_HEADER: CGCTTCTCGGAATGT|CONSCOUNT=1|PRCONS=IGHA|PRFREQ=1.0
  LARGE_HEADER: CGCTTCTCGGAATGT|CONSCOUNT=4|PRCONS=IGHA|PRFREQ=1.0

- CCATAAGTTGTCTTC
  STATUS: SAME_SEQUENCE
  SMALL_HEADER: CCATAAGTTGTCTTC|CONSCOUNT=5|PRCONS=IGHG|PRFREQ=1.0
  LARGE_HEADER: CCATAAGTTGTCTTC|CONSCOUNT=9|PRCONS=IGHG|PRFREQ=1.0

- ATATCAAAGACCCAA
  STATUS: SAME_SEQUENCE
  SMALL_HEADER: ATATCAAAGACCCAA|CONSCOUNT=3|PRCONS=IGHG|PRFREQ=1.0
  LARGE_HEADER: ATATCAAAGACCCAA|CONSCOUNT=11|PRCONS=IGHG|PRFREQ=1.0

- GTGGTTTTAAATAAT
  STATUS: SAME_SEQUENCE
  SMALL_HEADER: GTGGTTTTAAATAAT|CONSCOUNT=1|PRCONS=IGHG|PRFREQ=1.0
  LARGE_HEADER: GTGGTTTTAAATAAT|CONSCOUNT=3|PRCONS=IGHG|PRFREQ=1.0

- TAAAACCATGACATA
  STATUS: SAME_SEQUENCE
  SMALL_HEADER: TAAAACCATGACATA|CONSCOUNT=1|PRCONS=IGHA|PRFREQ=1.0
  LARGE_HEADER: TAAAACCATGACATA|CONSCOUNT=27|PRCONS=IGHA|PRFREQ=1.0

- TTTGAAAGCAATCCT
  STATUS: SAME_SEQUENCE
  SMALL_HEADER: TTTGAAAGCAATCCT|CONSCOUNT=1|PRCONS=IGHA|PRFREQ=1.0
  LARGE_HEADER: TTTGAAAGCAATCCT|CONSCOUNT=3|PRCONS=IGHA|PRFREQ=1.0

- TCTGCAACCTTTGCC
  STATUS: FOUND_DIFFERENT
  SMALL_HEADER: TCTGCAACCTTTGCC|CONSCOUNT=1|PRCONS=IGHA|PRFREQ=1.0
  LARGE_HEADER: TCTGCAACCTTTGCC|CONSCOUNT=3|PRCONS=IGHA|PRFREQ=1.0

- CGTTGGTATTTTGTT
  STATUS: IDENTICAL
  SMALL_HEADER: CGTTGGTATTTTGTT|CONSCOUNT=1|PRCONS=IGHA|PRFREQ=1.0
  LARGE_HEADER: CGTTGGTATTTTGTT|CONSCOUNT=1|PRCONS=IGHA|PRFREQ=1.0

- ATTACATGCGCTCTT
  STATUS: SAME_SEQUENCE
  SMALL_HEADER: ATTACATGCGCTCTT|CONSCOUNT=1|PRCONS=IGHA|PRFREQ=1.0
  LARGE_HEADER: ATTACATGCGCTCTT|CONSCOUNT=3|PRCONS=IGHA|PRFREQ=1.0

- TTTTCAGTGAGTCAA
  STATUS: IDENTICAL
  SMALL_HEADER: TTTTCAGTGAGTCAA|CONSCOUNT=1|PRCONS=IGHG|PRFREQ=1.0
  LARGE_HEADER: TTTTCAGTGAGTCAA|CONSCOUNT=1|PRCONS=IGHG|PRFREQ=1.0

- TTGGCCCTAGTTTTG
  STATUS: IDENTICAL
  SMALL_HEADER: TTGGCCCTAGTTTTG|CONSCOUNT=1|PRCONS=IGHG|PRFREQ=1.0
  LARGE_HEADER: TTGGCCCTAGTTTTG|CONSCOUNT=1|PRCONS=IGHG|PRFREQ=1.0

- CATAAGACTAATTAG
  STATUS: FOUND_DIFFERENT
  SMALL_HEADER: CATAAGACTAATTAG|CONSCOUNT=1|PRCONS=IGHG|PRFREQ=1.0
  LARGE_HEADER: CATAAGACTAATTAG|CONSCOUNT=2|PRCONS=IGHG|PRFREQ=1.0

- GGGCAGTCTGGGTAG
  STATUS: IDENTICAL
  SMALL_HEADER: GGGCAGTCTGGGTAG|CONSCOUNT=1|PRCONS=IGHG|PRFREQ=1.0
  LARGE_HEADER: GGGCAGTCTGGGTAG|CONSCOUNT=1|PRCONS=IGHG|PRFREQ=1.0

- GCTGTCGTCTCGATC
  STATUS: FOUND_DIFFERENT
  SMALL_HEADER: GCTGTCGTCTCGATC|CONSCOUNT=1|PRCONS=IGHM|PRFREQ=1.0
  LARGE_HEADER: GCTGTCGTCTCGATC|CONSCOUNT=2|PRCONS=IGHM|PRFREQ=1.0

- CATCTCGTTGCCGAC
  STATUS: SAME_SEQUENCE
  SMALL_HEADER: CATCTCGTTGCCGAC|CONSCOUNT=1|PRCONS=IGHG|PRFREQ=1.0
  LARGE_HEADER: CATCTCGTTGCCGAC|CONSCOUNT=3|PRCONS=IGHG|PRFREQ=1.0

- GTTGGTGTATTTCTC
  STATUS: FOUND_DIFFERENT
  SMALL_HEADER: GTTGGTGTATTTCTC|CONSCOUNT=2|PRCONS=IGHD|PRFREQ=1.0
  LARGE_HEADER: GTTGGTGTATTTCTC|CONSCOUNT=6|PRCONS=IGHD|PRFREQ=1.0

- ATAACCCATGTTTCG
  STATUS: FOUND_DIFFERENT
  SMALL_HEADER: ATAACCCATGTTTCG|CONSCOUNT=2|PRCONS=IGHA|PRFREQ=1.0
  LARGE_HEADER: ATAACCCATGTTTCG|CONSCOUNT=5|PRCONS=IGHA|PRFREQ=1.0

- TTTTCTCTGGGTGTT
  STATUS: IDENTICAL
  SMALL_HEADER: TTTTCTCTGGGTGTT|CONSCOUNT=2|PRCONS=IGHM|PRFREQ=1.0
  LARGE_HEADER: TTTTCTCTGGGTGTT|CONSCOUNT=2|PRCONS=IGHM|PRFREQ=1.0

- GAGCGTCCTGATGAG
  STATUS: IDENTICAL
  SMALL_HEADER: GAGCGTCCTGATGAG|CONSCOUNT=1|PRCONS=IGHG|PRFREQ=1.0
  LARGE_HEADER: GAGCGTCCTGATGAG|CONSCOUNT=1|PRCONS=IGHG|PRFREQ=1.0

- ATGTCTAATACCATT
  STATUS: IDENTICAL
  SMALL_HEADER: ATGTCTAATACCATT|CONSCOUNT=1|PRCONS=IGHA|PRFREQ=1.0
  LARGE_HEADER: ATGTCTAATACCATT|CONSCOUNT=1|PRCONS=IGHA|PRFREQ=1.0

- GTCATTGTGTGGAGT
  STATUS: SAME_SEQUENCE
  SMALL_HEADER: GTCATTGTGTGGAGT|CONSCOUNT=8|PRCONS=IGHD|PRFREQ=1.0
  LARGE_HEADER: GTCATTGTGTGGAGT|CONSCOUNT=41|PRCONS=IGHD|PRFREQ=1.0

- GTCTGAGGCGCGTAC
  STATUS: SAME_SEQUENCE
  SMALL_HEADER: GTCTGAGGCGCGTAC|CONSCOUNT=1|PRCONS=IGHD|PRFREQ=1.0
  LARGE_HEADER: GTCTGAGGCGCGTAC|CONSCOUNT=5|PRCONS=IGHD|PRFREQ=1.0

- TATATAAGCCTTATC
  STATUS: SAME_SEQUENCE
  SMALL_HEADER: TATATAAGCCTTATC|CONSCOUNT=3|PRCONS=IGHG|PRFREQ=1.0
  LARGE_HEADER: TATATAAGCCTTATC|CONSCOUNT=11|PRCONS=IGHG|PRFREQ=1.0

- TAATCTCGGCTCATA
  STATUS: FOUND_DIFFERENT
  SMALL_HEADER: TAATCTCGGCTCATA|CONSCOUNT=1|PRCONS=IGHG|PRFREQ=1.0
  LARGE_HEADER: TAATCTCGGCTCATA|CONSCOUNT=2|PRCONS=IGHG|PRFREQ=1.0

- AAAGCAGTGCGTGGC
  STATUS: IDENTICAL
  SMALL_HEADER: AAAGCAGTGCGTGGC|CONSCOUNT=1|PRCONS=IGHA|PRFREQ=1.0
  LARGE_HEADER: AAAGCAGTGCGTGGC|CONSCOUNT=1|PRCONS=IGHA|PRFREQ=1.0

- CCCACTTTTTCTTTC
  STATUS: IDENTICAL
  SMALL_HEADER: CCCACTTTTTCTTTC|CONSCOUNT=1|PRCONS=IGHG|PRFREQ=1.0
  LARGE_HEADER: CCCACTTTTTCTTTC|CONSCOUNT=1|PRCONS=IGHG|PRFREQ=1.0

- GCCATAGTTAAATAA
  STATUS: SAME_SEQUENCE
  SMALL_HEADER: GCCATAGTTAAATAA|CONSCOUNT=3|PRCONS=IGHA|PRFREQ=1.0
  LARGE_HEADER: GCCATAGTTAAATAA|CONSCOUNT=11|PRCONS=IGHA|PRFREQ=1.0

- GTATAAGGTGTCGTC
  STATUS: SAME_SEQUENCE
  SMALL_HEADER: GTATAAGGTGTCGTC|CONSCOUNT=5|PRCONS=IGHG|PRFREQ=1.0
  LARGE_HEADER: GTATAAGGTGTCGTC|CONSCOUNT=13|PRCONS=IGHG|PRFREQ=1.0

- ATAGGTCTGTACTAT
  STATUS: SAME_SEQUENCE
  SMALL_HEADER: ATAGGTCTGTACTAT|CONSCOUNT=2|PRCONS=IGHD|PRFREQ=1.0
  LARGE_HEADER: ATAGGTCTGTACTAT|CONSCOUNT=5|PRCONS=IGHD|PRFREQ=1.0

- ATACGTATCTAACCA
  STATUS: FOUND_DIFFERENT
  SMALL_HEADER: ATACGTATCTAACCA|CONSCOUNT=1|PRCONS=IGHA|PRFREQ=1.0
  LARGE_HEADER: ATACGTATCTAACCA|CONSCOUNT=2|PRCONS=IGHA|PRFREQ=1.0

- CTTGAAAGGTATGTT
  STATUS: FOUND_DIFFERENT
  SMALL_HEADER: CTTGAAAGGTATGTT|CONSCOUNT=2|PRCONS=IGHG|PRFREQ=1.0
  LARGE_HEADER: CTTGAAAGGTATGTT|CONSCOUNT=6|PRCONS=IGHG|PRFREQ=1.0

- CATCGAGGCGCTGTG
  STATUS: FOUND_DIFFERENT
  SMALL_HEADER: CATCGAGGCGCTGTG|CONSCOUNT=2|PRCONS=IGHG|PRFREQ=1.0
  LARGE_HEADER: CATCGAGGCGCTGTG|CONSCOUNT=5|PRCONS=IGHG|PRFREQ=1.0

- TTCAGTTCCACAGTC
  STATUS: SAME_SEQUENCE
  SMALL_HEADER: TTCAGTTCCACAGTC|CONSCOUNT=5|PRCONS=IGHG|PRFREQ=1.0
  LARGE_HEADER: TTCAGTTCCACAGTC|CONSCOUNT=48|PRCONS=IGHG|PRFREQ=1.0

- GACGTTGAGCAAGTC
  STATUS: FOUND_DIFFERENT
  SMALL_HEADER: GACGTTGAGCAAGTC|CONSCOUNT=1|PRCONS=IGHD|PRFREQ=1.0
  LARGE_HEADER: GACGTTGAGCAAGTC|CONSCOUNT=2|PRCONS=IGHD|PRFREQ=1.0

- CTTTGGTGGGGCAGG
  STATUS: SAME_SEQUENCE
  SMALL_HEADER: CTTTGGTGGGGCAGG|CONSCOUNT=1|PRCONS=IGHD|PRFREQ=1.0
  LARGE_HEADER: CTTTGGTGGGGCAGG|CONSCOUNT=3|PRCONS=IGHD|PRFREQ=1.0

- AGCCTATGTATTGTA
  STATUS: IDENTICAL
  SMALL_HEADER: AGCCTATGTATTGTA|CONSCOUNT=1|PRCONS=IGHA|PRFREQ=1.0
  LARGE_HEADER: AGCCTATGTATTGTA|CONSCOUNT=1|PRCONS=IGHA|PRFREQ=1.0

- ACTGTGAATATAAAT
  STATUS: SAME_SEQUENCE
  SMALL_HEADER: ACTGTGAATATAAAT|CONSCOUNT=5|PRCONS=IGHG|PRFREQ=1.0
  LARGE_HEADER: ACTGTGAATATAAAT|CONSCOUNT=10|PRCONS=IGHG|PRFREQ=1.0

- TACCGGTTAGTAGCG
  STATUS: FOUND_DIFFERENT
  SMALL_HEADER: TACCGGTTAGTAGCG|CONSCOUNT=7|PRCONS=IGHG|PRFREQ=1.0
  LARGE_HEADER: TACCGGTTAGTAGCG|CONSCOUNT=70|PRCONS=IGHG|PRFREQ=1.0

- TAAAAGTATTATTCA
  STATUS: IDENTICAL
  SMALL_HEADER: TAAAAGTATTATTCA|CONSCOUNT=1|PRCONS=IGHA|PRFREQ=1.0
  LARGE_HEADER: TAAAAGTATTATTCA|CONSCOUNT=1|PRCONS=IGHA|PRFREQ=1.0

- ACGTATGTGCGTGCT
  STATUS: SAME_SEQUENCE
  SMALL_HEADER: ACGTATGTGCGTGCT|CONSCOUNT=3|PRCONS=IGHA|PRFREQ=1.0
  LARGE_HEADER: ACGTATGTGCGTGCT|CONSCOUNT=9|PRCONS=IGHA|PRFREQ=1.0

- ACAGTCCTGCAGATT
  STATUS: SAME_SEQUENCE
  SMALL_HEADER: ACAGTCCTGCAGATT|CONSCOUNT=2|PRCONS=IGHG|PRFREQ=1.0
  LARGE_HEADER: ACAGTCCTGCAGATT|CONSCOUNT=6|PRCONS=IGHG|PRFREQ=1.0

- CTGTGTCTATTTGGT
  STATUS: SAME_SEQUENCE
  SMALL_HEADER: CTGTGTCTATTTGGT|CONSCOUNT=5|PRCONS=IGHG|PRFREQ=1.0
  LARGE_HEADER: CTGTGTCTATTTGGT|CONSCOUNT=10|PRCONS=IGHG|PRFREQ=1.0

- GAGATCGGTCACACT
  STATUS: SAME_SEQUENCE
  SMALL_HEADER: GAGATCGGTCACACT|CONSCOUNT=1|PRCONS=IGHA|PRFREQ=1.0
  LARGE_HEADER: GAGATCGGTCACACT|CONSCOUNT=4|PRCONS=IGHA|PRFREQ=1.0

- TCCCCAGTCCTCAGG
  STATUS: SAME_SEQUENCE
  SMALL_HEADER: TCCCCAGTCCTCAGG|CONSCOUNT=4|PRCONS=IGHD|PRFREQ=1.0
  LARGE_HEADER: TCCCCAGTCCTCAGG|CONSCOUNT=13|PRCONS=IGHD|PRFREQ=1.0

- GCGTTGGGAGTACAC
  STATUS: SAME_SEQUENCE
  SMALL_HEADER: GCGTTGGGAGTACAC|CONSCOUNT=1|PRCONS=IGHA|PRFREQ=1.0
  LARGE_HEADER: GCGTTGGGAGTACAC|CONSCOUNT=6|PRCONS=IGHA|PRFREQ=1.0

- TCTGGGGTGTTGAGT
  STATUS: FOUND_DIFFERENT
  SMALL_HEADER: TCTGGGGTGTTGAGT|CONSCOUNT=2|PRCONS=IGHA|PRFREQ=1.0
  LARGE_HEADER: TCTGGGGTGTTGAGT|CONSCOUNT=3|PRCONS=IGHA|PRFREQ=1.0

- GAAAGGACTCTTCTG
  STATUS: SAME_SEQUENCE
  SMALL_HEADER: GAAAGGACTCTTCTG|CONSCOUNT=1|PRCONS=IGHA|PRFREQ=1.0
  LARGE_HEADER: GAAAGGACTCTTCTG|CONSCOUNT=5|PRCONS=IGHA|PRFREQ=1.0

- GAACTCACGACGACG
  STATUS: SAME_SEQUENCE
  SMALL_HEADER: GAACTCACGACGACG|CONSCOUNT=5|PRCONS=IGHG|PRFREQ=1.0
  LARGE_HEADER: GAACTCACGACGACG|CONSCOUNT=9|PRCONS=IGHG|PRFREQ=1.0

- CATGTCTGCACGGGA
  STATUS: SAME_SEQUENCE
  SMALL_HEADER: CATGTCTGCACGGGA|CONSCOUNT=2|PRCONS=IGHA|PRFREQ=1.0
  LARGE_HEADER: CATGTCTGCACGGGA|CONSCOUNT=32|PRCONS=IGHA|PRFREQ=1.0

- TGGATTTCTACTCGG
  STATUS: SAME_SEQUENCE
  SMALL_HEADER: TGGATTTCTACTCGG|CONSCOUNT=17|PRCONS=IGHA|PRFREQ=1.0
  LARGE_HEADER: TGGATTTCTACTCGG|CONSCOUNT=42|PRCONS=IGHA|PRFREQ=1.0

- ATTGTGTTAGTTCAA
  STATUS: SAME_SEQUENCE
  SMALL_HEADER: ATTGTGTTAGTTCAA|CONSCOUNT=2|PRCONS=IGHA|PRFREQ=1.0
  LARGE_HEADER: ATTGTGTTAGTTCAA|CONSCOUNT=3|PRCONS=IGHA|PRFREQ=1.0

- GTATCCGGCCAGACG
  STATUS: IDENTICAL
  SMALL_HEADER: GTATCCGGCCAGACG|CONSCOUNT=1|PRCONS=IGHG|PRFREQ=1.0
  LARGE_HEADER: GTATCCGGCCAGACG|CONSCOUNT=1|PRCONS=IGHG|PRFREQ=1.0

- CCCAAAGATTCATTT
  STATUS: SAME_SEQUENCE
  SMALL_HEADER: CCCAAAGATTCATTT|CONSCOUNT=1|PRCONS=IGHA|PRFREQ=1.0
  LARGE_HEADER: CCCAAAGATTCATTT|CONSCOUNT=3|PRCONS=IGHA|PRFREQ=1.0

- GACAAGGGTTTTCAA
  STATUS: IDENTICAL
  SMALL_HEADER: GACAAGGGTTTTCAA|CONSCOUNT=1|PRCONS=IGHA|PRFREQ=1.0
  LARGE_HEADER: GACAAGGGTTTTCAA|CONSCOUNT=1|PRCONS=IGHA|PRFREQ=1.0

- TACGCTGCGTGATCT
  STATUS: SAME_SEQUENCE
  SMALL_HEADER: TACGCTGCGTGATCT|CONSCOUNT=2|PRCONS=IGHA|PRFREQ=1.0
  LARGE_HEADER: TACGCTGCGTGATCT|CONSCOUNT=6|PRCONS=IGHA|PRFREQ=1.0

- GTTGGTGTGGCCGAG
  STATUS: FOUND_DIFFERENT
  SMALL_HEADER: GTTGGTGTGGCCGAG|CONSCOUNT=1|PRCONS=IGHG|PRFREQ=1.0
  LARGE_HEADER: GTTGGTGTGGCCGAG|CONSCOUNT=2|PRCONS=IGHG|PRFREQ=1.0

- TACGAGGTGGATAGT
  STATUS: SAME_SEQUENCE
  SMALL_HEADER: TACGAGGTGGATAGT|CONSCOUNT=4|PRCONS=IGHG|PRFREQ=1.0
  LARGE_HEADER: TACGAGGTGGATAGT|CONSCOUNT=7|PRCONS=IGHG|PRFREQ=1.0

- GTGGGTGGGGTGACG
  STATUS: IDENTICAL
  SMALL_HEADER: GTGGGTGGGGTGACG|CONSCOUNT=1|PRCONS=IGHA|PRFREQ=1.0
  LARGE_HEADER: GTGGGTGGGGTGACG|CONSCOUNT=1|PRCONS=IGHA|PRFREQ=1.0

- ATGGTAAGTGGTGGT
  STATUS: SAME_SEQUENCE
  SMALL_HEADER: ATGGTAAGTGGTGGT|CONSCOUNT=3|PRCONS=IGHG|PRFREQ=1.0
  LARGE_HEADER: ATGGTAAGTGGTGGT|CONSCOUNT=8|PRCONS=IGHG|PRFREQ=1.0

- CCACTGTCATTGGAA
  STATUS: SAME_SEQUENCE
  SMALL_HEADER: CCACTGTCATTGGAA|CONSCOUNT=2|PRCONS=IGHA|PRFREQ=1.0
  LARGE_HEADER: CCACTGTCATTGGAA|CONSCOUNT=8|PRCONS=IGHA|PRFREQ=1.0

- GATTCTTAGTACCGG
  STATUS: FOUND_DIFFERENT
  SMALL_HEADER: GATTCTTAGTACCGG|CONSCOUNT=2|PRCONS=IGHG|PRFREQ=1.0
  LARGE_HEADER: GATTCTTAGTACCGG|CONSCOUNT=9|PRCONS=IGHG|PRFREQ=1.0

- TTTAAAGAACGTCAC
  STATUS: FOUND_DIFFERENT
  SMALL_HEADER: TTTAAAGAACGTCAC|CONSCOUNT=2|PRCONS=IGHD|PRFREQ=1.0
  LARGE_HEADER: TTTAAAGAACGTCAC|CONSCOUNT=7|PRCONS=IGHD|PRFREQ=1.0

- CGAATATCGCCTGCA
  STATUS: SAME_SEQUENCE
  SMALL_HEADER: CGAATATCGCCTGCA|CONSCOUNT=1|PRCONS=IGHG|PRFREQ=1.0
  LARGE_HEADER: CGAATATCGCCTGCA|CONSCOUNT=6|PRCONS=IGHG|PRFREQ=1.0

- CTTACATAATTCGTC
  STATUS: SAME_SEQUENCE
  SMALL_HEADER: CTTACATAATTCGTC|CONSCOUNT=4|PRCONS=IGHG|PRFREQ=1.0
  LARGE_HEADER: CTTACATAATTCGTC|CONSCOUNT=8|PRCONS=IGHG|PRFREQ=1.0

- GGGGTCCTGGGAGCG
  STATUS: SAME_SEQUENCE
  SMALL_HEADER: GGGGTCCTGGGAGCG|CONSCOUNT=1|PRCONS=IGHG|PRFREQ=1.0
  LARGE_HEADER: GGGGTCCTGGGAGCG|CONSCOUNT=3|PRCONS=IGHG|PRFREQ=1.0

- ATTCCATAAATAATC
  STATUS: FOUND_DIFFERENT
  SMALL_HEADER: ATTCCATAAATAATC|CONSCOUNT=2|PRCONS=IGHA|PRFREQ=1.0
  LARGE_HEADER: ATTCCATAAATAATC|CONSCOUNT=6|PRCONS=IGHA|PRFREQ=1.0

- CTTAACAGGGGTAAA
  STATUS: IDENTICAL
  SMALL_HEADER: CTTAACAGGGGTAAA|CONSCOUNT=1|PRCONS=IGHG|PRFREQ=1.0
  LARGE_HEADER: CTTAACAGGGGTAAA|CONSCOUNT=1|PRCONS=IGHG|PRFREQ=1.0

- TAATCCCAACGCCTT
  STATUS: IDENTICAL
  SMALL_HEADER: TAATCCCAACGCCTT|CONSCOUNT=1|PRCONS=IGHG|PRFREQ=1.0
  LARGE_HEADER: TAATCCCAACGCCTT|CONSCOUNT=1|PRCONS=IGHG|PRFREQ=1.0

- CATAGTCTTTACGTG
  STATUS: SAME_SEQUENCE
  SMALL_HEADER: CATAGTCTTTACGTG|CONSCOUNT=1|PRCONS=IGHA|PRFREQ=1.0
  LARGE_HEADER: CATAGTCTTTACGTG|CONSCOUNT=6|PRCONS=IGHA|PRFREQ=1.0

- GGGATTGGTCTGAAT
  STATUS: SAME_SEQUENCE
  SMALL_HEADER: GGGATTGGTCTGAAT|CONSCOUNT=4|PRCONS=IGHG|PRFREQ=1.0
  LARGE_HEADER: GGGATTGGTCTGAAT|CONSCOUNT=5|PRCONS=IGHG|PRFREQ=1.0

- TGTATTTCTTCGTAA
  STATUS: SAME_SEQUENCE
  SMALL_HEADER: TGTATTTCTTCGTAA|CONSCOUNT=1|PRCONS=IGHG|PRFREQ=1.0
  LARGE_HEADER: TGTATTTCTTCGTAA|CONSCOUNT=5|PRCONS=IGHG|PRFREQ=1.0

- ATGGTATTATTTACT
  STATUS: SAME_SEQUENCE
  SMALL_HEADER: ATGGTATTATTTACT|CONSCOUNT=1|PRCONS=IGHA|PRFREQ=1.0
  LARGE_HEADER: ATGGTATTATTTACT|CONSCOUNT=2|PRCONS=IGHA|PRFREQ=1.0

- CGATAGACAGAGGGA
  STATUS: SAME_SEQUENCE
  SMALL_HEADER: CGATAGACAGAGGGA|CONSCOUNT=3|PRCONS=IGHD|PRFREQ=1.0
  LARGE_HEADER: CGATAGACAGAGGGA|CONSCOUNT=6|PRCONS=IGHD|PRFREQ=1.0

- TCGGTCGTCCTGCTT
  STATUS: FOUND_DIFFERENT
  SMALL_HEADER: TCGGTCGTCCTGCTT|CONSCOUNT=1|PRCONS=IGHA|PRFREQ=1.0
  LARGE_HEADER: TCGGTCGTCCTGCTT|CONSCOUNT=2|PRCONS=IGHA|PRFREQ=1.0

- TCTGTTGTGTTTAAT
  STATUS: FOUND_DIFFERENT
  SMALL_HEADER: TCTGTTGTGTTTAAT|CONSCOUNT=2|PRCONS=IGHG|PRFREQ=1.0
  LARGE_HEADER: TCTGTTGTGTTTAAT|CONSCOUNT=3|PRCONS=IGHG|PRFREQ=1.0

- TTATGTTAGTCCTAA
  STATUS: SAME_SEQUENCE
  SMALL_HEADER: TTATGTTAGTCCTAA|CONSCOUNT=7|PRCONS=IGHM|PRFREQ=1.0
  LARGE_HEADER: TTATGTTAGTCCTAA|CONSCOUNT=103|PRCONS=IGHM|PRFREQ=1.0

- AACGCGACTGGTCGA
  STATUS: SAME_SEQUENCE
  SMALL_HEADER: AACGCGACTGGTCGA|CONSCOUNT=5|PRCONS=IGHG|PRFREQ=1.0
  LARGE_HEADER: AACGCGACTGGTCGA|CONSCOUNT=20|PRCONS=IGHG|PRFREQ=1.0

- TGGTGATAGTATGTA
  STATUS: IDENTICAL
  SMALL_HEADER: TGGTGATAGTATGTA|CONSCOUNT=1|PRCONS=IGHA|PRFREQ=1.0
  LARGE_HEADER: TGGTGATAGTATGTA|CONSCOUNT=1|PRCONS=IGHA|PRFREQ=1.0

- CTTGAAAGGCATGTT
  STATUS: IDENTICAL
  SMALL_HEADER: CTTGAAAGGCATGTT|CONSCOUNT=1|PRCONS=IGHG|PRFREQ=1.0
  LARGE_HEADER: CTTGAAAGGCATGTT|CONSCOUNT=1|PRCONS=IGHG|PRFREQ=1.0

- CATCATATTCTGCAA
  STATUS: FOUND_DIFFERENT
  SMALL_HEADER: CATCATATTCTGCAA|CONSCOUNT=3|PRCONS=IGHA|PRFREQ=1.0
  LARGE_HEADER: CATCATATTCTGCAA|CONSCOUNT=8|PRCONS=IGHA|PRFREQ=1.0

- TTCCGTACGATCAAG
  STATUS: FOUND_DIFFERENT
  SMALL_HEADER: TTCCGTACGATCAAG|CONSCOUNT=2|PRCONS=IGHG|PRFREQ=1.0
  LARGE_HEADER: TTCCGTACGATCAAG|CONSCOUNT=3|PRCONS=IGHG|PRFREQ=1.0

- GTTCCGAACTTAAGA
  STATUS: SAME_SEQUENCE
  SMALL_HEADER: GTTCCGAACTTAAGA|CONSCOUNT=2|PRCONS=IGHG|PRFREQ=1.0
  LARGE_HEADER: GTTCCGAACTTAAGA|CONSCOUNT=196|PRCONS=IGHG|PRFREQ=1.0

- CTAGTTAAGACTTAT
  STATUS: IDENTICAL
  SMALL_HEADER: CTAGTTAAGACTTAT|CONSCOUNT=1|PRCONS=IGHA|PRFREQ=1.0
  LARGE_HEADER: CTAGTTAAGACTTAT|CONSCOUNT=1|PRCONS=IGHA|PRFREQ=1.0

- CGCGTTAGGGTGTGT
  STATUS: SAME_SEQUENCE
  SMALL_HEADER: CGCGTTAGGGTGTGT|CONSCOUNT=5|PRCONS=IGHG|PRFREQ=1.0
  LARGE_HEADER: CGCGTTAGGGTGTGT|CONSCOUNT=13|PRCONS=IGHG|PRFREQ=1.0

- ACCGGGGCTGCTGGG
  STATUS: SAME_SEQUENCE
  SMALL_HEADER: ACCGGGGCTGCTGGG|CONSCOUNT=6|PRCONS=IGHE|PRFREQ=1.0
  LARGE_HEADER: ACCGGGGCTGCTGGG|CONSCOUNT=8|PRCONS=IGHE|PRFREQ=1.0

- GATAATGAAATTCTG
  STATUS: FOUND_DIFFERENT
  SMALL_HEADER: GATAATGAAATTCTG|CONSCOUNT=2|PRCONS=IGHA|PRFREQ=1.0
  LARGE_HEADER: GATAATGAAATTCTG|CONSCOUNT=4|PRCONS=IGHA|PRFREQ=1.0

- ATATGGCCTTCATAT
  STATUS: SAME_SEQUENCE
  SMALL_HEADER: ATATGGCCTTCATAT|CONSCOUNT=4|PRCONS=IGHG|PRFREQ=1.0
  LARGE_HEADER: ATATGGCCTTCATAT|CONSCOUNT=16|PRCONS=IGHG|PRFREQ=1.0

- TTTAAACATTTCTTT
  STATUS: SAME_SEQUENCE
  SMALL_HEADER: TTTAAACATTTCTTT|CONSCOUNT=5|PRCONS=IGHG|PRFREQ=1.0
  LARGE_HEADER: TTTAAACATTTCTTT|CONSCOUNT=15|PRCONS=IGHG|PRFREQ=1.0

- GGAATCATTTTGTGT
  STATUS: FOUND_DIFFERENT
  SMALL_HEADER: GGAATCATTTTGTGT|CONSCOUNT=1|PRCONS=IGHA|PRFREQ=1.0
  LARGE_HEADER: GGAATCATTTTGTGT|CONSCOUNT=8|PRCONS=IGHA|PRFREQ=1.0

- ATAATCTACTTATCG
  STATUS: FOUND_DIFFERENT
  SMALL_HEADER: ATAATCTACTTATCG|CONSCOUNT=1|PRCONS=IGHA|PRFREQ=1.0
  LARGE_HEADER: ATAATCTACTTATCG|CONSCOUNT=2|PRCONS=IGHA|PRFREQ=1.0

- TATTTTAATTAGTTT
  STATUS: SAME_SEQUENCE
  SMALL_HEADER: TATTTTAATTAGTTT|CONSCOUNT=2|PRCONS=IGHG|PRFREQ=1.0
  LARGE_HEADER: TATTTTAATTAGTTT|CONSCOUNT=3|PRCONS=IGHG|PRFREQ=1.0

- AATGTTTTATAGGTA
  STATUS: SAME_SEQUENCE
  SMALL_HEADER: AATGTTTTATAGGTA|CONSCOUNT=1|PRCONS=IGHG|PRFREQ=1.0
  LARGE_HEADER: AATGTTTTATAGGTA|CONSCOUNT=2|PRCONS=IGHG|PRFREQ=1.0

- TATGTGTATGAACTT
  STATUS: FOUND_DIFFERENT
  SMALL_HEADER: TATGTGTATGAACTT|CONSCOUNT=1|PRCONS=IGHA|PRFREQ=1.0
  LARGE_HEADER: TATGTGTATGAACTT|CONSCOUNT=2|PRCONS=IGHA|PRFREQ=1.0

- TACAATTTAGTAGAT
  STATUS: IDENTICAL
  SMALL_HEADER: TACAATTTAGTAGAT|CONSCOUNT=1|PRCONS=IGHA|PRFREQ=1.0
  LARGE_HEADER: TACAATTTAGTAGAT|CONSCOUNT=1|PRCONS=IGHA|PRFREQ=1.0

- TCCGACGTATACATA
  STATUS: SAME_SEQUENCE
  SMALL_HEADER: TCCGACGTATACATA|CONSCOUNT=1|PRCONS=IGHD|PRFREQ=1.0
  LARGE_HEADER: TCCGACGTATACATA|CONSCOUNT=4|PRCONS=IGHD|PRFREQ=1.0

- GTTTTGATACATTAG
  STATUS: SAME_SEQUENCE
  SMALL_HEADER: GTTTTGATACATTAG|CONSCOUNT=1|PRCONS=IGHA|PRFREQ=1.0
  LARGE_HEADER: GTTTTGATACATTAG|CONSCOUNT=2|PRCONS=IGHA|PRFREQ=1.0

- AGATCGCAGTGGCTT
  STATUS: SAME_SEQUENCE
  SMALL_HEADER: AGATCGCAGTGGCTT|CONSCOUNT=4|PRCONS=IGHG|PRFREQ=1.0
  LARGE_HEADER: AGATCGCAGTGGCTT|CONSCOUNT=115|PRCONS=IGHG|PRFREQ=1.0

- GTTTAAATTTGCCTG
  STATUS: FOUND_DIFFERENT
  SMALL_HEADER: GTTTAAATTTGCCTG|CONSCOUNT=1|PRCONS=IGHE|PRFREQ=1.0
  LARGE_HEADER: GTTTAAATTTGCCTG|CONSCOUNT=2|PRCONS=IGHE|PRFREQ=1.0

- AAAGTTCCAACCATT
  STATUS: FOUND_DIFFERENT
  SMALL_HEADER: AAAGTTCCAACCATT|CONSCOUNT=2|PRCONS=IGHA|PRFREQ=1.0
  LARGE_HEADER: AAAGTTCCAACCATT|CONSCOUNT=3|PRCONS=IGHA|PRFREQ=1.0

- AGTTCAGAGTGGACG
  STATUS: SAME_SEQUENCE
  SMALL_HEADER: AGTTCAGAGTGGACG|CONSCOUNT=3|PRCONS=IGHA|PRFREQ=1.0
  LARGE_HEADER: AGTTCAGAGTGGACG|CONSCOUNT=6|PRCONS=IGHA|PRFREQ=1.0

- TTCTATTTACTCAGA
  STATUS: SAME_SEQUENCE
  SMALL_HEADER: TTCTATTTACTCAGA|CONSCOUNT=1|PRCONS=IGHA|PRFREQ=1.0
  LARGE_HEADER: TTCTATTTACTCAGA|CONSCOUNT=5|PRCONS=IGHA|PRFREQ=1.0

- CAAATCCTGGCACAA
  STATUS: IDENTICAL
  SMALL_HEADER: CAAATCCTGGCACAA|CONSCOUNT=1|PRCONS=IGHA|PRFREQ=1.0
  LARGE_HEADER: CAAATCCTGGCACAA|CONSCOUNT=1|PRCONS=IGHA|PRFREQ=1.0

- AAAATTGTACCTTCG
  STATUS: SAME_SEQUENCE
  SMALL_HEADER: AAAATTGTACCTTCG|CONSCOUNT=4|PRCONS=IGHG|PRFREQ=1.0
  LARGE_HEADER: AAAATTGTACCTTCG|CONSCOUNT=8|PRCONS=IGHG|PRFREQ=1.0

- GTGCGACGGGGCAGG
  STATUS: FOUND_DIFFERENT
  SMALL_HEADER: GTGCGACGGGGCAGG|CONSCOUNT=2|PRCONS=IGHG|PRFREQ=1.0
  LARGE_HEADER: GTGCGACGGGGCAGG|CONSCOUNT=6|PRCONS=IGHG|PRFREQ=1.0

- AAAAGATATTTAGTA
  STATUS: FOUND_DIFFERENT
  SMALL_HEADER: AAAAGATATTTAGTA|CONSCOUNT=1|PRCONS=IGHD|PRFREQ=1.0
  LARGE_HEADER: AAAAGATATTTAGTA|CONSCOUNT=2|PRCONS=IGHD|PRFREQ=1.0

- TGCGAAGTACCGAGG
  STATUS: IDENTICAL
  SMALL_HEADER: TGCGAAGTACCGAGG|CONSCOUNT=1|PRCONS=IGHG|PRFREQ=1.0
  LARGE_HEADER: TGCGAAGTACCGAGG|CONSCOUNT=1|PRCONS=IGHG|PRFREQ=1.0

- CAGAACTGGTTGTAA
  STATUS: SAME_SEQUENCE
  SMALL_HEADER: CAGAACTGGTTGTAA|CONSCOUNT=2|PRCONS=IGHM|PRFREQ=1.0
  LARGE_HEADER: CAGAACTGGTTGTAA|CONSCOUNT=3|PRCONS=IGHM|PRFREQ=1.0

- TACGAACGTCGCGAG
  STATUS: SAME_SEQUENCE
  SMALL_HEADER: TACGAACGTCGCGAG|CONSCOUNT=3|PRCONS=IGHG|PRFREQ=1.0
  LARGE_HEADER: TACGAACGTCGCGAG|CONSCOUNT=19|PRCONS=IGHG|PRFREQ=1.0

- CCGTTGGTGGCTTTG
  STATUS: SAME_SEQUENCE
  SMALL_HEADER: CCGTTGGTGGCTTTG|CONSCOUNT=3|PRCONS=IGHA|PRFREQ=1.0
  LARGE_HEADER: CCGTTGGTGGCTTTG|CONSCOUNT=125|PRCONS=IGHA|PRFREQ=1.0

- TTCTGTTCCAAAATT
  STATUS: SAME_SEQUENCE
  SMALL_HEADER: TTCTGTTCCAAAATT|CONSCOUNT=2|PRCONS=IGHA|PRFREQ=1.0
  LARGE_HEADER: TTCTGTTCCAAAATT|CONSCOUNT=13|PRCONS=IGHA|PRFREQ=1.0

- GAAGGTATGGACGTT
  STATUS: FOUND_DIFFERENT
  SMALL_HEADER: GAAGGTATGGACGTT|CONSCOUNT=1|PRCONS=IGHA|PRFREQ=1.0
  LARGE_HEADER: GAAGGTATGGACGTT|CONSCOUNT=26|PRCONS=IGHA|PRFREQ=1.0

- CAACGATATAAATCA
  STATUS: FOUND_DIFFERENT
  SMALL_HEADER: CAACGATATAAATCA|CONSCOUNT=2|PRCONS=IGHA|PRFREQ=1.0
  LARGE_HEADER: CAACGATATAAATCA|CONSCOUNT=44|PRCONS=IGHA|PRFREQ=1.0

- ATTTAGTATAAGGTA
  STATUS: SAME_SEQUENCE
  SMALL_HEADER: ATTTAGTATAAGGTA|CONSCOUNT=3|PRCONS=IGHG|PRFREQ=1.0
  LARGE_HEADER: ATTTAGTATAAGGTA|CONSCOUNT=5|PRCONS=IGHG|PRFREQ=1.0

- AGGAAGGCGGGCTTT
  STATUS: SAME_SEQUENCE
  SMALL_HEADER: AGGAAGGCGGGCTTT|CONSCOUNT=3|PRCONS=IGHG|PRFREQ=1.0
  LARGE_HEADER: AGGAAGGCGGGCTTT|CONSCOUNT=110|PRCONS=IGHG|PRFREQ=1.0

- TCACTGCGGTATATA
  STATUS: SAME_SEQUENCE
  SMALL_HEADER: TCACTGCGGTATATA|CONSCOUNT=1|PRCONS=IGHA|PRFREQ=1.0
  LARGE_HEADER: TCACTGCGGTATATA|CONSCOUNT=3|PRCONS=IGHA|PRFREQ=1.0

- CTTATTTTGGGATAC
  STATUS: SAME_SEQUENCE
  SMALL_HEADER: CTTATTTTGGGATAC|CONSCOUNT=5|PRCONS=IGHG|PRFREQ=1.0
  LARGE_HEADER: CTTATTTTGGGATAC|CONSCOUNT=7|PRCONS=IGHG|PRFREQ=1.0

- TGAATGAAGTGTTTG
  STATUS: SAME_SEQUENCE
  SMALL_HEADER: TGAATGAAGTGTTTG|CONSCOUNT=1|PRCONS=IGHA|PRFREQ=1.0
  LARGE_HEADER: TGAATGAAGTGTTTG|CONSCOUNT=3|PRCONS=IGHA|PRFREQ=1.0

- TTCTAATGTATATTT
  STATUS: IDENTICAL
  SMALL_HEADER: TTCTAATGTATATTT|CONSCOUNT=1|PRCONS=IGHA|PRFREQ=1.0
  LARGE_HEADER: TTCTAATGTATATTT|CONSCOUNT=1|PRCONS=IGHA|PRFREQ=1.0

- CTCGAGGGCCAGAAC
  STATUS: FOUND_DIFFERENT
  SMALL_HEADER: CTCGAGGGCCAGAAC|CONSCOUNT=2|PRCONS=IGHG|PRFREQ=1.0
  LARGE_HEADER: CTCGAGGGCCAGAAC|CONSCOUNT=19|PRCONS=IGHG|PRFREQ=1.0

- TCAGCGGGCGTACCA
  STATUS: FOUND_DIFFERENT
  SMALL_HEADER: TCAGCGGGCGTACCA|CONSCOUNT=2|PRCONS=IGHD|PRFREQ=1.0
  LARGE_HEADER: TCAGCGGGCGTACCA|CONSCOUNT=8|PRCONS=IGHD|PRFREQ=1.0

- TCCTGAGCTTTCAGA
  STATUS: SAME_SEQUENCE
  SMALL_HEADER: TCCTGAGCTTTCAGA|CONSCOUNT=1|PRCONS=IGHG|PRFREQ=1.0
  LARGE_HEADER: TCCTGAGCTTTCAGA|CONSCOUNT=5|PRCONS=IGHG|PRFREQ=1.0

- TTGCGTCTCAAATTT
  STATUS: IDENTICAL
  SMALL_HEADER: TTGCGTCTCAAATTT|CONSCOUNT=1|PRCONS=IGHA|PRFREQ=1.0
  LARGE_HEADER: TTGCGTCTCAAATTT|CONSCOUNT=1|PRCONS=IGHA|PRFREQ=1.0

- TCCCGTGGGTTTTTC
  STATUS: SAME_SEQUENCE
  SMALL_HEADER: TCCCGTGGGTTTTTC|CONSCOUNT=1|PRCONS=IGHG|PRFREQ=1.0
  LARGE_HEADER: TCCCGTGGGTTTTTC|CONSCOUNT=6|PRCONS=IGHG|PRFREQ=1.0

- GGAGGGCGTAGGGAA
  STATUS: SAME_SEQUENCE
  SMALL_HEADER: GGAGGGCGTAGGGAA|CONSCOUNT=2|PRCONS=IGHG|PRFREQ=1.0
  LARGE_HEADER: GGAGGGCGTAGGGAA|CONSCOUNT=12|PRCONS=IGHG|PRFREQ=1.0

- AGCGTCTTTGATCAC
  STATUS: SAME_SEQUENCE
  SMALL_HEADER: AGCGTCTTTGATCAC|CONSCOUNT=3|PRCONS=IGHG|PRFREQ=1.0
  LARGE_HEADER: AGCGTCTTTGATCAC|CONSCOUNT=32|PRCONS=IGHG|PRFREQ=1.0

- AACTTGTACTAGTTT
  STATUS: IDENTICAL
  SMALL_HEADER: AACTTGTACTAGTTT|CONSCOUNT=1|PRCONS=IGHD|PRFREQ=1.0
  LARGE_HEADER: AACTTGTACTAGTTT|CONSCOUNT=1|PRCONS=IGHD|PRFREQ=1.0

- TCCATGGCCTACCGT
  STATUS: IDENTICAL
  SMALL_HEADER: TCCATGGCCTACCGT|CONSCOUNT=1|PRCONS=IGHA|PRFREQ=1.0
  LARGE_HEADER: TCCATGGCCTACCGT|CONSCOUNT=1|PRCONS=IGHA|PRFREQ=1.0

- TATCGCAATTTCCAA
  STATUS: SAME_SEQUENCE
  SMALL_HEADER: TATCGCAATTTCCAA|CONSCOUNT=1|PRCONS=IGHA|PRFREQ=1.0
  LARGE_HEADER: TATCGCAATTTCCAA|CONSCOUNT=2|PRCONS=IGHA|PRFREQ=1.0

- GAGTCCATTCTACGA
  STATUS: SAME_SEQUENCE
  SMALL_HEADER: GAGTCCATTCTACGA|CONSCOUNT=3|PRCONS=IGHD|PRFREQ=1.0
  LARGE_HEADER: GAGTCCATTCTACGA|CONSCOUNT=10|PRCONS=IGHD|PRFREQ=1.0

- AGTGCAATAAGTTAG
  STATUS: SAME_SEQUENCE
  SMALL_HEADER: AGTGCAATAAGTTAG|CONSCOUNT=1|PRCONS=IGHA|PRFREQ=1.0
  LARGE_HEADER: AGTGCAATAAGTTAG|CONSCOUNT=12|PRCONS=IGHA|PRFREQ=1.0

- GTTCTTGCTTACCCG
  STATUS: SAME_SEQUENCE
  SMALL_HEADER: GTTCTTGCTTACCCG|CONSCOUNT=3|PRCONS=IGHD|PRFREQ=1.0
  LARGE_HEADER: GTTCTTGCTTACCCG|CONSCOUNT=17|PRCONS=IGHD|PRFREQ=1.0

- CTTTTCTTAATTTCT
  STATUS: SAME_SEQUENCE
  SMALL_HEADER: CTTTTCTTAATTTCT|CONSCOUNT=1|PRCONS=IGHA|PRFREQ=1.0
  LARGE_HEADER: CTTTTCTTAATTTCT|CONSCOUNT=3|PRCONS=IGHA|PRFREQ=1.0

- TTGGACTAAAATTAG
  STATUS: FOUND_DIFFERENT
  SMALL_HEADER: TTGGACTAAAATTAG|CONSCOUNT=2|PRCONS=IGHA|PRFREQ=1.0
  LARGE_HEADER: TTGGACTAAAATTAG|CONSCOUNT=50|PRCONS=IGHA|PRFREQ=1.0

- GCGTTCCCATTCAGA
  STATUS: IDENTICAL
  SMALL_HEADER: GCGTTCCCATTCAGA|CONSCOUNT=1|PRCONS=IGHD|PRFREQ=1.0
  LARGE_HEADER: GCGTTCCCATTCAGA|CONSCOUNT=1|PRCONS=IGHD|PRFREQ=1.0

- TCCATATGTTGCGTG
  STATUS: FOUND_DIFFERENT
  SMALL_HEADER: TCCATATGTTGCGTG|CONSCOUNT=1|PRCONS=IGHA|PRFREQ=1.0
  LARGE_HEADER: TCCATATGTTGCGTG|CONSCOUNT=4|PRCONS=IGHA|PRFREQ=1.0

- ATACCTGTATACGAG
  STATUS: IDENTICAL
  SMALL_HEADER: ATACCTGTATACGAG|CONSCOUNT=1|PRCONS=IGHA|PRFREQ=1.0
  LARGE_HEADER: ATACCTGTATACGAG|CONSCOUNT=1|PRCONS=IGHA|PRFREQ=1.0

- TAAATGATGGCGTCT
  STATUS: IDENTICAL
  SMALL_HEADER: TAAATGATGGCGTCT|CONSCOUNT=1|PRCONS=IGHA|PRFREQ=1.0
  LARGE_HEADER: TAAATGATGGCGTCT|CONSCOUNT=1|PRCONS=IGHA|PRFREQ=1.0

- TCATGAGTTACTTTC
  STATUS: SAME_SEQUENCE
  SMALL_HEADER: TCATGAGTTACTTTC|CONSCOUNT=13|PRCONS=IGHA|PRFREQ=1.0
  LARGE_HEADER: TCATGAGTTACTTTC|CONSCOUNT=69|PRCONS=IGHA|PRFREQ=1.0

- ATTAGGCGGGAGAGG
  STATUS: SAME_SEQUENCE
  SMALL_HEADER: ATTAGGCGGGAGAGG|CONSCOUNT=1|PRCONS=IGHA|PRFREQ=1.0
  LARGE_HEADER: ATTAGGCGGGAGAGG|CONSCOUNT=2|PRCONS=IGHA|PRFREQ=1.0

- TTTACTCTGGATTTC
  STATUS: SAME_SEQUENCE
  SMALL_HEADER: TTTACTCTGGATTTC|CONSCOUNT=1|PRCONS=IGHD|PRFREQ=1.0
  LARGE_HEADER: TTTACTCTGGATTTC|CONSCOUNT=2|PRCONS=IGHD|PRFREQ=1.0

- CCCCTAGGATCACTT
  STATUS: SAME_SEQUENCE
  SMALL_HEADER: CCCCTAGGATCACTT|CONSCOUNT=2|PRCONS=IGHG|PRFREQ=1.0
  LARGE_HEADER: CCCCTAGGATCACTT|CONSCOUNT=7|PRCONS=IGHG|PRFREQ=1.0

- TCAGTGGTACATCAC
  STATUS: SAME_SEQUENCE
  SMALL_HEADER: TCAGTGGTACATCAC|CONSCOUNT=4|PRCONS=IGHG|PRFREQ=1.0
  LARGE_HEADER: TCAGTGGTACATCAC|CONSCOUNT=12|PRCONS=IGHG|PRFREQ=1.0

- CAATGGTATCGCCCG
  STATUS: SAME_SEQUENCE
  SMALL_HEADER: CAATGGTATCGCCCG|CONSCOUNT=4|PRCONS=IGHG|PRFREQ=1.0
  LARGE_HEADER: CAATGGTATCGCCCG|CONSCOUNT=11|PRCONS=IGHG|PRFREQ=1.0

- ATATGAATCGTTTCC
  STATUS: IDENTICAL
  SMALL_HEADER: ATATGAATCGTTTCC|CONSCOUNT=1|PRCONS=IGHA|PRFREQ=1.0
  LARGE_HEADER: ATATGAATCGTTTCC|CONSCOUNT=1|PRCONS=IGHA|PRFREQ=1.0

- GAATAATACTTATCG
  STATUS: SAME_SEQUENCE
  SMALL_HEADER: GAATAATACTTATCG|CONSCOUNT=1|PRCONS=IGHA|PRFREQ=1.0
  LARGE_HEADER: GAATAATACTTATCG|CONSCOUNT=3|PRCONS=IGHA|PRFREQ=1.0

- GATTATTGTCATCTA
  STATUS: SAME_SEQUENCE
  SMALL_HEADER: GATTATTGTCATCTA|CONSCOUNT=1|PRCONS=IGHA|PRFREQ=1.0
  LARGE_HEADER: GATTATTGTCATCTA|CONSCOUNT=4|PRCONS=IGHA|PRFREQ=1.0

- CTGAGAGCGAACGTC
  STATUS: SAME_SEQUENCE
  SMALL_HEADER: CTGAGAGCGAACGTC|CONSCOUNT=3|PRCONS=IGHG|PRFREQ=1.0
  LARGE_HEADER: CTGAGAGCGAACGTC|CONSCOUNT=8|PRCONS=IGHG|PRFREQ=1.0

- TGTGTACGTCTTTAT
  STATUS: SAME_SEQUENCE
  SMALL_HEADER: TGTGTACGTCTTTAT|CONSCOUNT=1|PRCONS=IGHG|PRFREQ=1.0
  LARGE_HEADER: TGTGTACGTCTTTAT|CONSCOUNT=2|PRCONS=IGHG|PRFREQ=1.0

- TGCGACTCGTAATCT
  STATUS: SAME_SEQUENCE
  SMALL_HEADER: TGCGACTCGTAATCT|CONSCOUNT=7|PRCONS=IGHG|PRFREQ=1.0
  LARGE_HEADER: TGCGACTCGTAATCT|CONSCOUNT=114|PRCONS=IGHG|PRFREQ=1.0

- AATTTGTGCTATGTC
  STATUS: FOUND_DIFFERENT
  SMALL_HEADER: AATTTGTGCTATGTC|CONSCOUNT=1|PRCONS=IGHA|PRFREQ=1.0
  LARGE_HEADER: AATTTGTGCTATGTC|CONSCOUNT=2|PRCONS=IGHA|PRFREQ=1.0

- AATCTGCGAAATTAC
  STATUS: SAME_SEQUENCE
  SMALL_HEADER: AATCTGCGAAATTAC|CONSCOUNT=4|PRCONS=IGHD|PRFREQ=1.0
  LARGE_HEADER: AATCTGCGAAATTAC|CONSCOUNT=14|PRCONS=IGHD|PRFREQ=1.0

- CAAATTGGAGAGCTT
  STATUS: IDENTICAL
  SMALL_HEADER: CAAATTGGAGAGCTT|CONSCOUNT=1|PRCONS=IGHG|PRFREQ=1.0
  LARGE_HEADER: CAAATTGGAGAGCTT|CONSCOUNT=1|PRCONS=IGHG|PRFREQ=1.0

- TTTCATAATGATCTT
  STATUS: SAME_SEQUENCE
  SMALL_HEADER: TTTCATAATGATCTT|CONSCOUNT=2|PRCONS=IGHG|PRFREQ=1.0
  LARGE_HEADER: TTTCATAATGATCTT|CONSCOUNT=5|PRCONS=IGHG|PRFREQ=1.0

- ACATCGTTAGTTATT
  STATUS: IDENTICAL
  SMALL_HEADER: ACATCGTTAGTTATT|CONSCOUNT=1|PRCONS=IGHA|PRFREQ=1.0
  LARGE_HEADER: ACATCGTTAGTTATT|CONSCOUNT=1|PRCONS=IGHA|PRFREQ=1.0

- TTCATCAGACGTGTA
  STATUS: IDENTICAL
  SMALL_HEADER: TTCATCAGACGTGTA|CONSCOUNT=1|PRCONS=IGHD|PRFREQ=1.0
  LARGE_HEADER: TTCATCAGACGTGTA|CONSCOUNT=1|PRCONS=IGHD|PRFREQ=1.0

- CCCCGCGTCTTCCCT
  STATUS: IDENTICAL
  SMALL_HEADER: CCCCGCGTCTTCCCT|CONSCOUNT=1|PRCONS=IGHG|PRFREQ=1.0
  LARGE_HEADER: CCCCGCGTCTTCCCT|CONSCOUNT=1|PRCONS=IGHG|PRFREQ=1.0

- AAAGCTTTCAGGTTT
  STATUS: SAME_SEQUENCE
  SMALL_HEADER: AAAGCTTTCAGGTTT|CONSCOUNT=5|PRCONS=IGHM|PRFREQ=1.0
  LARGE_HEADER: AAAGCTTTCAGGTTT|CONSCOUNT=16|PRCONS=IGHM|PRFREQ=1.0

- GCCTTTGATCCAATC
  STATUS: SAME_SEQUENCE
  SMALL_HEADER: GCCTTTGATCCAATC|CONSCOUNT=2|PRCONS=IGHG|PRFREQ=1.0
  LARGE_HEADER: GCCTTTGATCCAATC|CONSCOUNT=13|PRCONS=IGHG|PRFREQ=1.0

- AACTATTCACATTCA
  STATUS: FOUND_DIFFERENT
  SMALL_HEADER: AACTATTCACATTCA|CONSCOUNT=2|PRCONS=IGHD|PRFREQ=1.0
  LARGE_HEADER: AACTATTCACATTCA|CONSCOUNT=3|PRCONS=IGHD|PRFREQ=1.0

- CCATATCAATGATAG
  STATUS: IDENTICAL
  SMALL_HEADER: CCATATCAATGATAG|CONSCOUNT=1|PRCONS=IGHD|PRFREQ=1.0
  LARGE_HEADER: CCATATCAATGATAG|CONSCOUNT=1|PRCONS=IGHD|PRFREQ=1.0

- TTAAACAATAGTTTA
  STATUS: SAME_SEQUENCE
  SMALL_HEADER: TTAAACAATAGTTTA|CONSCOUNT=7|PRCONS=IGHD|PRFREQ=1.0
  LARGE_HEADER: TTAAACAATAGTTTA|CONSCOUNT=13|PRCONS=IGHD|PRFREQ=1.0

- CTTTCAATTATTATT
  STATUS: IDENTICAL
  SMALL_HEADER: CTTTCAATTATTATT|CONSCOUNT=1|PRCONS=IGHA|PRFREQ=1.0
  LARGE_HEADER: CTTTCAATTATTATT|CONSCOUNT=1|PRCONS=IGHA|PRFREQ=1.0

- CTCTCTCTAGTATAT
  STATUS: IDENTICAL
  SMALL_HEADER: CTCTCTCTAGTATAT|CONSCOUNT=1|PRCONS=IGHM|PRFREQ=1.0
  LARGE_HEADER: CTCTCTCTAGTATAT|CONSCOUNT=1|PRCONS=IGHM|PRFREQ=1.0

- GGTTGTGGCCGGTGG
  STATUS: FOUND_DIFFERENT
  SMALL_HEADER: GGTTGTGGCCGGTGG|CONSCOUNT=1|PRCONS=IGHG|PRFREQ=1.0
  LARGE_HEADER: GGTTGTGGCCGGTGG|CONSCOUNT=6|PRCONS=IGHG|PRFREQ=1.0

- CTGAGTTATTTTGCT
  STATUS: SAME_SEQUENCE
  SMALL_HEADER: CTGAGTTATTTTGCT|CONSCOUNT=3|PRCONS=IGHA|PRFREQ=1.0
  LARGE_HEADER: CTGAGTTATTTTGCT|CONSCOUNT=7|PRCONS=IGHA|PRFREQ=1.0

- ATTACACGGTTATAT
  STATUS: SAME_SEQUENCE
  SMALL_HEADER: ATTACACGGTTATAT|CONSCOUNT=3|PRCONS=IGHG|PRFREQ=1.0
  LARGE_HEADER: ATTACACGGTTATAT|CONSCOUNT=7|PRCONS=IGHG|PRFREQ=1.0

- GTAATCTGTCCTTTT
  STATUS: IDENTICAL
  SMALL_HEADER: GTAATCTGTCCTTTT|CONSCOUNT=1|PRCONS=IGHA|PRFREQ=1.0
  LARGE_HEADER: GTAATCTGTCCTTTT|CONSCOUNT=1|PRCONS=IGHA|PRFREQ=1.0

- TTTAGACGGTCCCAT
  STATUS: FOUND_DIFFERENT
  SMALL_HEADER: TTTAGACGGTCCCAT|CONSCOUNT=2|PRCONS=IGHD|PRFREQ=1.0
  LARGE_HEADER: TTTAGACGGTCCCAT|CONSCOUNT=8|PRCONS=IGHD|PRFREQ=1.0

- ATCACATAGCTAACG
  STATUS: SAME_SEQUENCE
  SMALL_HEADER: ATCACATAGCTAACG|CONSCOUNT=2|PRCONS=IGHE|PRFREQ=1.0
  LARGE_HEADER: ATCACATAGCTAACG|CONSCOUNT=4|PRCONS=IGHE|PRFREQ=1.0

- CGATTTTACATTGGA
  STATUS: SAME_SEQUENCE
  SMALL_HEADER: CGATTTTACATTGGA|CONSCOUNT=2|PRCONS=IGHA|PRFREQ=1.0
  LARGE_HEADER: CGATTTTACATTGGA|CONSCOUNT=14|PRCONS=IGHA|PRFREQ=1.0

- CGCGCCGCTGAAGTG
  STATUS: IDENTICAL
  SMALL_HEADER: CGCGCCGCTGAAGTG|CONSCOUNT=1|PRCONS=IGHG|PRFREQ=1.0
  LARGE_HEADER: CGCGCCGCTGAAGTG|CONSCOUNT=1|PRCONS=IGHG|PRFREQ=1.0

- ATCTTTTAGAGCCAA
  STATUS: SAME_SEQUENCE
  SMALL_HEADER: ATCTTTTAGAGCCAA|CONSCOUNT=2|PRCONS=IGHG|PRFREQ=1.0
  LARGE_HEADER: ATCTTTTAGAGCCAA|CONSCOUNT=5|PRCONS=IGHG|PRFREQ=1.0

- CCGCGGGGCGGAGGG
  STATUS: FOUND_DIFFERENT
  SMALL_HEADER: CCGCGGGGCGGAGGG|CONSCOUNT=2|PRCONS=IGHA|PRFREQ=1.0
  LARGE_HEADER: CCGCGGGGCGGAGGG|CONSCOUNT=18|PRCONS=IGHA|PRFREQ=1.0

- ATCATACAATACCAG
  STATUS: FOUND_DIFFERENT
  SMALL_HEADER: ATCATACAATACCAG|CONSCOUNT=1|PRCONS=IGHG|PRFREQ=1.0
  LARGE_HEADER: ATCATACAATACCAG|CONSCOUNT=4|PRCONS=IGHG|PRFREQ=1.0

- TTCCAATATTGGTAT
  STATUS: FOUND_DIFFERENT
  SMALL_HEADER: TTCCAATATTGGTAT|CONSCOUNT=1|PRCONS=IGHA|PRFREQ=1.0
  LARGE_HEADER: TTCCAATATTGGTAT|CONSCOUNT=2|PRCONS=IGHA|PRFREQ=1.0

- CCTATTGGAGTCGGG
  STATUS: SAME_SEQUENCE
  SMALL_HEADER: CCTATTGGAGTCGGG|CONSCOUNT=2|PRCONS=IGHG|PRFREQ=1.0
  LARGE_HEADER: CCTATTGGAGTCGGG|CONSCOUNT=13|PRCONS=IGHG|PRFREQ=1.0

- ATTGTATCTCGGTTC
  STATUS: FOUND_DIFFERENT
  SMALL_HEADER: ATTGTATCTCGGTTC|CONSCOUNT=1|PRCONS=IGHD|PRFREQ=1.0
  LARGE_HEADER: ATTGTATCTCGGTTC|CONSCOUNT=9|PRCONS=IGHD|PRFREQ=1.0

- TATACGTACGAGAGT
  STATUS: FOUND_DIFFERENT
  SMALL_HEADER: TATACGTACGAGAGT|CONSCOUNT=2|PRCONS=IGHA|PRFREQ=1.0
  LARGE_HEADER: TATACGTACGAGAGT|CONSCOUNT=3|PRCONS=IGHA|PRFREQ=1.0

- TACCTATCGTCTCTG
  STATUS: FOUND_DIFFERENT
  SMALL_HEADER: TACCTATCGTCTCTG|CONSCOUNT=1|PRCONS=IGHA|PRFREQ=1.0
  LARGE_HEADER: TACCTATCGTCTCTG|CONSCOUNT=7|PRCONS=IGHA|PRFREQ=1.0

- CGTAGCCTTCTTTCG
  STATUS: SAME_SEQUENCE
  SMALL_HEADER: CGTAGCCTTCTTTCG|CONSCOUNT=3|PRCONS=IGHG|PRFREQ=1.0
  LARGE_HEADER: CGTAGCCTTCTTTCG|CONSCOUNT=9|PRCONS=IGHG|PRFREQ=1.0

- AGTGCACAACTAGGG
  STATUS: SAME_SEQUENCE
  SMALL_HEADER: AGTGCACAACTAGGG|CONSCOUNT=1|PRCONS=IGHD|PRFREQ=1.0
  LARGE_HEADER: AGTGCACAACTAGGG|CONSCOUNT=7|PRCONS=IGHD|PRFREQ=1.0

- TCTAGCCTTCTTACC
  STATUS: FOUND_DIFFERENT
  SMALL_HEADER: TCTAGCCTTCTTACC|CONSCOUNT=1|PRCONS=IGHG|PRFREQ=1.0
  LARGE_HEADER: TCTAGCCTTCTTACC|CONSCOUNT=2|PRCONS=IGHG|PRFREQ=1.0

- TTCCTATGCATTCGT
  STATUS: FOUND_DIFFERENT
  SMALL_HEADER: TTCCTATGCATTCGT|CONSCOUNT=1|PRCONS=IGHG|PRFREQ=1.0
  LARGE_HEADER: TTCCTATGCATTCGT|CONSCOUNT=2|PRCONS=IGHG|PRFREQ=1.0

- CGCGTCTGGTAGTAG
  STATUS: FOUND_DIFFERENT
  SMALL_HEADER: CGCGTCTGGTAGTAG|CONSCOUNT=1|PRCONS=IGHG|PRFREQ=1.0
  LARGE_HEADER: CGCGTCTGGTAGTAG|CONSCOUNT=4|PRCONS=IGHG|PRFREQ=1.0

- GGATATATTATAATT
  STATUS: IDENTICAL
  SMALL_HEADER: GGATATATTATAATT|CONSCOUNT=1|PRCONS=IGHA|PRFREQ=1.0
  LARGE_HEADER: GGATATATTATAATT|CONSCOUNT=1|PRCONS=IGHA|PRFREQ=1.0

- TTATGTCATAGGTTG
  STATUS: IDENTICAL
  SMALL_HEADER: TTATGTCATAGGTTG|CONSCOUNT=1|PRCONS=IGHA|PRFREQ=1.0
  LARGE_HEADER: TTATGTCATAGGTTG|CONSCOUNT=1|PRCONS=IGHA|PRFREQ=1.0

- CATGACTTCTAATTT
  STATUS: IDENTICAL
  SMALL_HEADER: CATGACTTCTAATTT|CONSCOUNT=1|PRCONS=IGHD|PRFREQ=1.0
  LARGE_HEADER: CATGACTTCTAATTT|CONSCOUNT=1|PRCONS=IGHD|PRFREQ=1.0

- GTTTGCGAGTTGCTA
  STATUS: IDENTICAL
  SMALL_HEADER: GTTTGCGAGTTGCTA|CONSCOUNT=1|PRCONS=IGHG|PRFREQ=1.0
  LARGE_HEADER: GTTTGCGAGTTGCTA|CONSCOUNT=1|PRCONS=IGHG|PRFREQ=1.0

- ACTCACTAACTGCTA
  STATUS: SAME_SEQUENCE
  SMALL_HEADER: ACTCACTAACTGCTA|CONSCOUNT=1|PRCONS=IGHG|PRFREQ=1.0
  LARGE_HEADER: ACTCACTAACTGCTA|CONSCOUNT=8|PRCONS=IGHG|PRFREQ=1.0

- GTGGGTAGGAGGGTG
  STATUS: FOUND_DIFFERENT
  SMALL_HEADER: GTGGGTAGGAGGGTG|CONSCOUNT=2|PRCONS=IGHD|PRFREQ=1.0
  LARGE_HEADER: GTGGGTAGGAGGGTG|CONSCOUNT=8|PRCONS=IGHD|PRFREQ=1.0

- TTGGTTTCTCTTAAG
  STATUS: SAME_SEQUENCE
  SMALL_HEADER: TTGGTTTCTCTTAAG|CONSCOUNT=1|PRCONS=IGHG|PRFREQ=1.0
  LARGE_HEADER: TTGGTTTCTCTTAAG|CONSCOUNT=13|PRCONS=IGHG|PRFREQ=1.0

- GTGGAGAGCCTTGGG
  STATUS: FOUND_DIFFERENT
  SMALL_HEADER: GTGGAGAGCCTTGGG|CONSCOUNT=2|PRCONS=IGHA|PRFREQ=1.0
  LARGE_HEADER: GTGGAGAGCCTTGGG|CONSCOUNT=56|PRCONS=IGHA|PRFREQ=1.0

- TGCATTGAAAATGCA
  STATUS: IDENTICAL
  SMALL_HEADER: TGCATTGAAAATGCA|CONSCOUNT=1|PRCONS=IGHA|PRFREQ=1.0
  LARGE_HEADER: TGCATTGAAAATGCA|CONSCOUNT=1|PRCONS=IGHA|PRFREQ=1.0

- AACCATCTCAGAAGG
  STATUS: SAME_SEQUENCE
  SMALL_HEADER: AACCATCTCAGAAGG|CONSCOUNT=3|PRCONS=IGHG|PRFREQ=1.0
  LARGE_HEADER: AACCATCTCAGAAGG|CONSCOUNT=15|PRCONS=IGHG|PRFREQ=1.0

- ACCATATGATACTCC
  STATUS: FOUND_DIFFERENT
  SMALL_HEADER: ACCATATGATACTCC|CONSCOUNT=1|PRCONS=IGHA|PRFREQ=1.0
  LARGE_HEADER: ACCATATGATACTCC|CONSCOUNT=2|PRCONS=IGHA|PRFREQ=1.0

- GTCGCTGGTTAGGCG
  STATUS: SAME_SEQUENCE
  SMALL_HEADER: GTCGCTGGTTAGGCG|CONSCOUNT=1|PRCONS=IGHA|PRFREQ=1.0
  LARGE_HEADER: GTCGCTGGTTAGGCG|CONSCOUNT=2|PRCONS=IGHA|PRFREQ=1.0

- TTACTAGTAACACTA
  STATUS: FOUND_DIFFERENT
  SMALL_HEADER: TTACTAGTAACACTA|CONSCOUNT=2|PRCONS=IGHA|PRFREQ=1.0
  LARGE_HEADER: TTACTAGTAACACTA|CONSCOUNT=84|PRCONS=IGHA|PRFREQ=1.0

- TCCGTTTGGTACCCG
  STATUS: FOUND_DIFFERENT
  SMALL_HEADER: TCCGTTTGGTACCCG|CONSCOUNT=2|PRCONS=IGHG|PRFREQ=1.0
  LARGE_HEADER: TCCGTTTGGTACCCG|CONSCOUNT=12|PRCONS=IGHG|PRFREQ=1.0

- GTAATGTTACTTGGA
  STATUS: SAME_SEQUENCE
  SMALL_HEADER: GTAATGTTACTTGGA|CONSCOUNT=1|PRCONS=IGHA|PRFREQ=1.0
  LARGE_HEADER: GTAATGTTACTTGGA|CONSCOUNT=3|PRCONS=IGHA|PRFREQ=1.0

- AAAGTAGGGAGGGGG
  STATUS: SAME_SEQUENCE
  SMALL_HEADER: AAAGTAGGGAGGGGG|CONSCOUNT=1|PRCONS=IGHD|PRFREQ=1.0
  LARGE_HEADER: AAAGTAGGGAGGGGG|CONSCOUNT=4|PRCONS=IGHD|PRFREQ=1.0

- ACGATGCGGCTGTTC
  STATUS: SAME_SEQUENCE
  SMALL_HEADER: ACGATGCGGCTGTTC|CONSCOUNT=4|PRCONS=IGHG|PRFREQ=1.0
  LARGE_HEADER: ACGATGCGGCTGTTC|CONSCOUNT=13|PRCONS=IGHG|PRFREQ=1.0

- AACGTATTCTACCGG
  STATUS: IDENTICAL
  SMALL_HEADER: AACGTATTCTACCGG|CONSCOUNT=1|PRCONS=IGHA|PRFREQ=1.0
  LARGE_HEADER: AACGTATTCTACCGG|CONSCOUNT=1|PRCONS=IGHA|PRFREQ=1.0

- GCTTACGTATACGTG
  STATUS: SAME_SEQUENCE
  SMALL_HEADER: GCTTACGTATACGTG|CONSCOUNT=3|PRCONS=IGHG|PRFREQ=1.0
  LARGE_HEADER: GCTTACGTATACGTG|CONSCOUNT=6|PRCONS=IGHG|PRFREQ=1.0

- CTTCTATGTGAGATC
  STATUS: IDENTICAL
  SMALL_HEADER: CTTCTATGTGAGATC|CONSCOUNT=1|PRCONS=IGHA|PRFREQ=1.0
  LARGE_HEADER: CTTCTATGTGAGATC|CONSCOUNT=1|PRCONS=IGHA|PRFREQ=1.0

- GGATCACGGCGTCAT
  STATUS: SAME_SEQUENCE
  SMALL_HEADER: GGATCACGGCGTCAT|CONSCOUNT=1|PRCONS=IGHA|PRFREQ=1.0
  LARGE_HEADER: GGATCACGGCGTCAT|CONSCOUNT=23|PRCONS=IGHA|PRFREQ=1.0

- ATTATTCAGAAGTTT
  STATUS: SAME_SEQUENCE
  SMALL_HEADER: ATTATTCAGAAGTTT|CONSCOUNT=1|PRCONS=IGHA|PRFREQ=1.0
  LARGE_HEADER: ATTATTCAGAAGTTT|CONSCOUNT=5|PRCONS=IGHA|PRFREQ=1.0

- GCGTGGCTGGAATGG
  STATUS: IDENTICAL
  SMALL_HEADER: GCGTGGCTGGAATGG|CONSCOUNT=1|PRCONS=IGHG|PRFREQ=1.0
  LARGE_HEADER: GCGTGGCTGGAATGG|CONSCOUNT=1|PRCONS=IGHG|PRFREQ=1.0

- GTTGCCTTCACTTTC
  STATUS: IDENTICAL
  SMALL_HEADER: GTTGCCTTCACTTTC|CONSCOUNT=1|PRCONS=IGHA|PRFREQ=1.0
  LARGE_HEADER: GTTGCCTTCACTTTC|CONSCOUNT=1|PRCONS=IGHA|PRFREQ=1.0

- TCAAGCCGATTGGCA
  STATUS: FOUND_DIFFERENT
  SMALL_HEADER: TCAAGCCGATTGGCA|CONSCOUNT=2|PRCONS=IGHG|PRFREQ=1.0
  LARGE_HEADER: TCAAGCCGATTGGCA|CONSCOUNT=5|PRCONS=IGHG|PRFREQ=1.0

- ACGAGGGGATTCCTA
  STATUS: SAME_SEQUENCE
  SMALL_HEADER: ACGAGGGGATTCCTA|CONSCOUNT=3|PRCONS=IGHA|PRFREQ=1.0
  LARGE_HEADER: ACGAGGGGATTCCTA|CONSCOUNT=12|PRCONS=IGHA|PRFREQ=1.0

- TGCAATTCTCGCATA
  STATUS: FOUND_DIFFERENT
  SMALL_HEADER: TGCAATTCTCGCATA|CONSCOUNT=1|PRCONS=IGHA|PRFREQ=1.0
  LARGE_HEADER: TGCAATTCTCGCATA|CONSCOUNT=2|PRCONS=IGHA|PRFREQ=1.0

- GTTGCCAACTGTTAA
  STATUS: SAME_SEQUENCE
  SMALL_HEADER: GTTGCCAACTGTTAA|CONSCOUNT=3|PRCONS=IGHG|PRFREQ=1.0
  LARGE_HEADER: GTTGCCAACTGTTAA|CONSCOUNT=10|PRCONS=IGHG|PRFREQ=1.0

- GTTAGAATGGAGGTA
  STATUS: SAME_SEQUENCE
  SMALL_HEADER: GTTAGAATGGAGGTA|CONSCOUNT=1|PRCONS=IGHA|PRFREQ=1.0
  LARGE_HEADER: GTTAGAATGGAGGTA|CONSCOUNT=4|PRCONS=IGHA|PRFREQ=1.0

- GGCTCAAACAAATAC
  STATUS: SAME_SEQUENCE
  SMALL_HEADER: GGCTCAAACAAATAC|CONSCOUNT=1|PRCONS=IGHG|PRFREQ=1.0
  LARGE_HEADER: GGCTCAAACAAATAC|CONSCOUNT=2|PRCONS=IGHG|PRFREQ=1.0

- AGAACCGCTAAAGCT
  STATUS: SAME_SEQUENCE
  SMALL_HEADER: AGAACCGCTAAAGCT|CONSCOUNT=1|PRCONS=IGHG|PRFREQ=1.0
  LARGE_HEADER: AGAACCGCTAAAGCT|CONSCOUNT=3|PRCONS=IGHG|PRFREQ=1.0

- TAGACTGTGTCTTCA
  STATUS: IDENTICAL
  SMALL_HEADER: TAGACTGTGTCTTCA|CONSCOUNT=1|PRCONS=IGHG|PRFREQ=1.0
  LARGE_HEADER: TAGACTGTGTCTTCA|CONSCOUNT=1|PRCONS=IGHG|PRFREQ=1.0

- GCGTGAAGAGCTGGG
  STATUS: SAME_SEQUENCE
  SMALL_HEADER: GCGTGAAGAGCTGGG|CONSCOUNT=2|PRCONS=IGHA|PRFREQ=1.0
  LARGE_HEADER: GCGTGAAGAGCTGGG|CONSCOUNT=21|PRCONS=IGHA|PRFREQ=1.0

- GTGCCTATTGGGGGT
  STATUS: FOUND_DIFFERENT
  SMALL_HEADER: GTGCCTATTGGGGGT|CONSCOUNT=2|PRCONS=IGHG|PRFREQ=1.0
  LARGE_HEADER: GTGCCTATTGGGGGT|CONSCOUNT=5|PRCONS=IGHG|PRFREQ=1.0

- GTTTTAATTTCTAGA
  STATUS: FOUND_DIFFERENT
  SMALL_HEADER: GTTTTAATTTCTAGA|CONSCOUNT=1|PRCONS=IGHA|PRFREQ=1.0
  LARGE_HEADER: GTTTTAATTTCTAGA|CONSCOUNT=2|PRCONS=IGHA|PRFREQ=1.0

- ATCTCTCTTAGTCCT
  STATUS: FOUND_DIFFERENT
  SMALL_HEADER: ATCTCTCTTAGTCCT|CONSCOUNT=1|PRCONS=IGHG|PRFREQ=1.0
  LARGE_HEADER: ATCTCTCTTAGTCCT|CONSCOUNT=2|PRCONS=IGHG|PRFREQ=1.0

- TATAGATATCTAACC
  STATUS: SAME_SEQUENCE
  SMALL_HEADER: TATAGATATCTAACC|CONSCOUNT=1|PRCONS=IGHG|PRFREQ=1.0
  LARGE_HEADER: TATAGATATCTAACC|CONSCOUNT=4|PRCONS=IGHG|PRFREQ=1.0

- ATCCGGTATTGATCC
  STATUS: SAME_SEQUENCE
  SMALL_HEADER: ATCCGGTATTGATCC|CONSCOUNT=3|PRCONS=IGHD|PRFREQ=1.0
  LARGE_HEADER: ATCCGGTATTGATCC|CONSCOUNT=23|PRCONS=IGHD|PRFREQ=1.0

- ACTGAGCGATTTATG
  STATUS: SAME_SEQUENCE
  SMALL_HEADER: ACTGAGCGATTTATG|CONSCOUNT=3|PRCONS=IGHG|PRFREQ=1.0
  LARGE_HEADER: ACTGAGCGATTTATG|CONSCOUNT=10|PRCONS=IGHG|PRFREQ=1.0

- TCAAACGAAGTGCCT
  STATUS: SAME_SEQUENCE
  SMALL_HEADER: TCAAACGAAGTGCCT|CONSCOUNT=1|PRCONS=IGHG|PRFREQ=1.0
  LARGE_HEADER: TCAAACGAAGTGCCT|CONSCOUNT=3|PRCONS=IGHG|PRFREQ=1.0

- TCATGAGTGGATATT
  STATUS: FOUND_DIFFERENT
  SMALL_HEADER: TCATGAGTGGATATT|CONSCOUNT=4|PRCONS=IGHA|PRFREQ=1.0
  LARGE_HEADER: TCATGAGTGGATATT|CONSCOUNT=12|PRCONS=IGHA|PRFREQ=1.0

- GGTACAGACGAGTCA
  STATUS: SAME_SEQUENCE
  SMALL_HEADER: GGTACAGACGAGTCA|CONSCOUNT=6|PRCONS=IGHG|PRFREQ=1.0
  LARGE_HEADER: GGTACAGACGAGTCA|CONSCOUNT=45|PRCONS=IGHG|PRFREQ=1.0

- GGGGTATCGTAAGAT
  STATUS: FOUND_DIFFERENT
  SMALL_HEADER: GGGGTATCGTAAGAT|CONSCOUNT=1|PRCONS=IGHA|PRFREQ=1.0
  LARGE_HEADER: GGGGTATCGTAAGAT|CONSCOUNT=2|PRCONS=IGHA|PRFREQ=1.0

- TTAGAGTGAACTAAT
  STATUS: SAME_SEQUENCE
  SMALL_HEADER: TTAGAGTGAACTAAT|CONSCOUNT=2|PRCONS=IGHD|PRFREQ=1.0
  LARGE_HEADER: TTAGAGTGAACTAAT|CONSCOUNT=6|PRCONS=IGHD|PRFREQ=1.0

- ATCTTGAGGTCTTAA
  STATUS: IDENTICAL
  SMALL_HEADER: ATCTTGAGGTCTTAA|CONSCOUNT=1|PRCONS=IGHA|PRFREQ=1.0
  LARGE_HEADER: ATCTTGAGGTCTTAA|CONSCOUNT=1|PRCONS=IGHA|PRFREQ=1.0

- GAATGGATTGCGACT
  STATUS: SAME_SEQUENCE
  SMALL_HEADER: GAATGGATTGCGACT|CONSCOUNT=1|PRCONS=IGHG|PRFREQ=1.0
  LARGE_HEADER: GAATGGATTGCGACT|CONSCOUNT=30|PRCONS=IGHG|PRFREQ=1.0

- ATTATGTTGAGAGCG
  STATUS: IDENTICAL
  SMALL_HEADER: ATTATGTTGAGAGCG|CONSCOUNT=1|PRCONS=IGHG|PRFREQ=1.0
  LARGE_HEADER: ATTATGTTGAGAGCG|CONSCOUNT=1|PRCONS=IGHG|PRFREQ=1.0

- TTCACATCGGCTTTG
  STATUS: FOUND_DIFFERENT
  SMALL_HEADER: TTCACATCGGCTTTG|CONSCOUNT=2|PRCONS=IGHE|PRFREQ=1.0
  LARGE_HEADER: TTCACATCGGCTTTG|CONSCOUNT=7|PRCONS=IGHE|PRFREQ=1.0

- GGGATCTAGGCTGGG
  STATUS: FOUND_DIFFERENT
  SMALL_HEADER: GGGATCTAGGCTGGG|CONSCOUNT=1|PRCONS=IGHG|PRFREQ=1.0
  LARGE_HEADER: GGGATCTAGGCTGGG|CONSCOUNT=2|PRCONS=IGHG|PRFREQ=1.0

- CTTCTTTGGGGTGGG
  STATUS: SAME_SEQUENCE
  SMALL_HEADER: CTTCTTTGGGGTGGG|CONSCOUNT=1|PRCONS=IGHD|PRFREQ=1.0
  LARGE_HEADER: CTTCTTTGGGGTGGG|CONSCOUNT=2|PRCONS=IGHD|PRFREQ=1.0

- CGAGTAGTTTAGAAT
  STATUS: IDENTICAL
  SMALL_HEADER: CGAGTAGTTTAGAAT|CONSCOUNT=1|PRCONS=IGHA|PRFREQ=1.0
  LARGE_HEADER: CGAGTAGTTTAGAAT|CONSCOUNT=1|PRCONS=IGHA|PRFREQ=1.0

- ATACTATAGGAACGC
  STATUS: SAME_SEQUENCE
  SMALL_HEADER: ATACTATAGGAACGC|CONSCOUNT=2|PRCONS=IGHG|PRFREQ=1.0
  LARGE_HEADER: ATACTATAGGAACGC|CONSCOUNT=3|PRCONS=IGHG|PRFREQ=1.0

- TTTTAACGAACATTT
  STATUS: FOUND_DIFFERENT
  SMALL_HEADER: TTTTAACGAACATTT|CONSCOUNT=1|PRCONS=IGHG|PRFREQ=1.0
  LARGE_HEADER: TTTTAACGAACATTT|CONSCOUNT=3|PRCONS=IGHG|PRFREQ=1.0

- GCTTTATCCGCTAGG
  STATUS: FOUND_DIFFERENT
  SMALL_HEADER: GCTTTATCCGCTAGG|CONSCOUNT=2|PRCONS=IGHA|PRFREQ=1.0
  LARGE_HEADER: GCTTTATCCGCTAGG|CONSCOUNT=4|PRCONS=IGHA|PRFREQ=1.0

- CTCGGGGGATAGTTG
  STATUS: IDENTICAL
  SMALL_HEADER: CTCGGGGGATAGTTG|CONSCOUNT=1|PRCONS=IGHA|PRFREQ=1.0
  LARGE_HEADER: CTCGGGGGATAGTTG|CONSCOUNT=1|PRCONS=IGHA|PRFREQ=1.0

- CGGAGCTCTGTAAAC
  STATUS: FOUND_DIFFERENT
  SMALL_HEADER: CGGAGCTCTGTAAAC|CONSCOUNT=2|PRCONS=IGHA|PRFREQ=1.0
  LARGE_HEADER: CGGAGCTCTGTAAAC|CONSCOUNT=8|PRCONS=IGHA|PRFREQ=1.0

- CAAAAAGCTGCTAAT
  STATUS: FOUND_DIFFERENT
  SMALL_HEADER: CAAAAAGCTGCTAAT|CONSCOUNT=1|PRCONS=IGHG|PRFREQ=1.0
  LARGE_HEADER: CAAAAAGCTGCTAAT|CONSCOUNT=2|PRCONS=IGHG|PRFREQ=1.0

- TATGATACAGGTTTT
  STATUS: SAME_SEQUENCE
  SMALL_HEADER: TATGATACAGGTTTT|CONSCOUNT=2|PRCONS=IGHG|PRFREQ=1.0
  LARGE_HEADER: TATGATACAGGTTTT|CONSCOUNT=9|PRCONS=IGHG|PRFREQ=1.0

- CCATTCACTACTTTA
  STATUS: FOUND_DIFFERENT
  SMALL_HEADER: CCATTCACTACTTTA|CONSCOUNT=1|PRCONS=IGHA|PRFREQ=1.0
  LARGE_HEADER: CCATTCACTACTTTA|CONSCOUNT=2|PRCONS=IGHA|PRFREQ=1.0

- GTCTGCTTGTCACTG
  STATUS: FOUND_DIFFERENT
  SMALL_HEADER: GTCTGCTTGTCACTG|CONSCOUNT=2|PRCONS=IGHD|PRFREQ=1.0
  LARGE_HEADER: GTCTGCTTGTCACTG|CONSCOUNT=16|PRCONS=IGHD|PRFREQ=1.0

- TTTTACACCCTATGA
  STATUS: IDENTICAL
  SMALL_HEADER: TTTTACACCCTATGA|CONSCOUNT=1|PRCONS=IGHA|PRFREQ=1.0
  LARGE_HEADER: TTTTACACCCTATGA|CONSCOUNT=1|PRCONS=IGHA|PRFREQ=1.0

- TGAAGGATGTCGGGT
  STATUS: SAME_SEQUENCE
  SMALL_HEADER: TGAAGGATGTCGGGT|CONSCOUNT=2|PRCONS=IGHD|PRFREQ=1.0
  LARGE_HEADER: TGAAGGATGTCGGGT|CONSCOUNT=10|PRCONS=IGHD|PRFREQ=1.0

- ATAAATTATGTTTCT
  STATUS: IDENTICAL
  SMALL_HEADER: ATAAATTATGTTTCT|CONSCOUNT=4|PRCONS=IGHG|PRFREQ=1.0
  LARGE_HEADER: ATAAATTATGTTTCT|CONSCOUNT=4|PRCONS=IGHG|PRFREQ=1.0

- TTACCAGCTTCTTTT
  STATUS: IDENTICAL
  SMALL_HEADER: TTACCAGCTTCTTTT|CONSCOUNT=1|PRCONS=IGHG|PRFREQ=1.0
  LARGE_HEADER: TTACCAGCTTCTTTT|CONSCOUNT=1|PRCONS=IGHG|PRFREQ=1.0

- TTAATCATGTATTAT
  STATUS: FOUND_DIFFERENT
  SMALL_HEADER: TTAATCATGTATTAT|CONSCOUNT=2|PRCONS=IGHG|PRFREQ=1.0
  LARGE_HEADER: TTAATCATGTATTAT|CONSCOUNT=7|PRCONS=IGHG|PRFREQ=1.0

- ACTTGGCATTAAATG
  STATUS: IDENTICAL
  SMALL_HEADER: ACTTGGCATTAAATG|CONSCOUNT=1|PRCONS=IGHG|PRFREQ=1.0
  LARGE_HEADER: ACTTGGCATTAAATG|CONSCOUNT=1|PRCONS=IGHG|PRFREQ=1.0

- ACCATGTGTATAGTC
  STATUS: FOUND_DIFFERENT
  SMALL_HEADER: ACCATGTGTATAGTC|CONSCOUNT=1|PRCONS=IGHA|PRFREQ=1.0
  LARGE_HEADER: ACCATGTGTATAGTC|CONSCOUNT=2|PRCONS=IGHA|PRFREQ=1.0

- TATAAAACTTGTTAT
  STATUS: SAME_SEQUENCE
  SMALL_HEADER: TATAAAACTTGTTAT|CONSCOUNT=4|PRCONS=IGHG|PRFREQ=1.0
  LARGE_HEADER: TATAAAACTTGTTAT|CONSCOUNT=19|PRCONS=IGHG|PRFREQ=1.0

- CGGGCATGTACTCGT
  STATUS: FOUND_DIFFERENT
  SMALL_HEADER: CGGGCATGTACTCGT|CONSCOUNT=1|PRCONS=IGHA|PRFREQ=1.0
  LARGE_HEADER: CGGGCATGTACTCGT|CONSCOUNT=145|PRCONS=IGHA|PRFREQ=1.0

- GTAGAGTGTGCATGA
  STATUS: FOUND_DIFFERENT
  SMALL_HEADER: GTAGAGTGTGCATGA|CONSCOUNT=1|PRCONS=IGHA|PRFREQ=1.0
  LARGE_HEADER: GTAGAGTGTGCATGA|CONSCOUNT=7|PRCONS=IGHA|PRFREQ=1.0

- TCTCGGCATTAATTA
  STATUS: SAME_SEQUENCE
  SMALL_HEADER: TCTCGGCATTAATTA|CONSCOUNT=4|PRCONS=IGHG|PRFREQ=1.0
  LARGE_HEADER: TCTCGGCATTAATTA|CONSCOUNT=8|PRCONS=IGHG|PRFREQ=1.0

- TACCGAAACATTCGT
  STATUS: SAME_SEQUENCE
  SMALL_HEADER: TACCGAAACATTCGT|CONSCOUNT=4|PRCONS=IGHG|PRFREQ=1.0
  LARGE_HEADER: TACCGAAACATTCGT|CONSCOUNT=14|PRCONS=IGHG|PRFREQ=1.0

- GGGTTCTTGAGTTCA
  STATUS: SAME_SEQUENCE
  SMALL_HEADER: GGGTTCTTGAGTTCA|CONSCOUNT=3|PRCONS=IGHD|PRFREQ=1.0
  LARGE_HEADER: GGGTTCTTGAGTTCA|CONSCOUNT=5|PRCONS=IGHD|PRFREQ=1.0

- TTCGGTGGGGAGATG
  STATUS: FOUND_DIFFERENT
  SMALL_HEADER: TTCGGTGGGGAGATG|CONSCOUNT=2|PRCONS=IGHA|PRFREQ=1.0
  LARGE_HEADER: TTCGGTGGGGAGATG|CONSCOUNT=6|PRCONS=IGHA|PRFREQ=1.0

- GATAGAGCTTTTCGC
  STATUS: IDENTICAL
  SMALL_HEADER: GATAGAGCTTTTCGC|CONSCOUNT=1|PRCONS=IGHD|PRFREQ=1.0
  LARGE_HEADER: GATAGAGCTTTTCGC|CONSCOUNT=1|PRCONS=IGHD|PRFREQ=1.0

- GGAATCTTGGCACGT
  STATUS: IDENTICAL
  SMALL_HEADER: GGAATCTTGGCACGT|CONSCOUNT=1|PRCONS=IGHD|PRFREQ=1.0
  LARGE_HEADER: GGAATCTTGGCACGT|CONSCOUNT=1|PRCONS=IGHD|PRFREQ=1.0

- GTCGCTCAACGCCTG
  STATUS: FOUND_DIFFERENT
  SMALL_HEADER: GTCGCTCAACGCCTG|CONSCOUNT=3|PRCONS=IGHG|PRFREQ=1.0
  LARGE_HEADER: GTCGCTCAACGCCTG|CONSCOUNT=8|PRCONS=IGHG|PRFREQ=1.0

- TCGTTCTGCCTTGTT
  STATUS: SAME_SEQUENCE
  SMALL_HEADER: TCGTTCTGCCTTGTT|CONSCOUNT=3|PRCONS=IGHG|PRFREQ=1.0
  LARGE_HEADER: TCGTTCTGCCTTGTT|CONSCOUNT=5|PRCONS=IGHG|PRFREQ=1.0

- ATTAAGCATATGGAA
  STATUS: SAME_SEQUENCE
  SMALL_HEADER: ATTAAGCATATGGAA|CONSCOUNT=1|PRCONS=IGHG|PRFREQ=1.0
  LARGE_HEADER: ATTAAGCATATGGAA|CONSCOUNT=2|PRCONS=IGHG|PRFREQ=1.0

- GGTCGGTTGCTGTTT
  STATUS: SAME_SEQUENCE
  SMALL_HEADER: GGTCGGTTGCTGTTT|CONSCOUNT=3|PRCONS=IGHG|PRFREQ=1.0
  LARGE_HEADER: GGTCGGTTGCTGTTT|CONSCOUNT=15|PRCONS=IGHG|PRFREQ=1.0

- AAACATCTCAGAAGG
  STATUS: IDENTICAL
  SMALL_HEADER: AAACATCTCAGAAGG|CONSCOUNT=1|PRCONS=IGHG|PRFREQ=1.0
  LARGE_HEADER: AAACATCTCAGAAGG|CONSCOUNT=1|PRCONS=IGHG|PRFREQ=1.0

- TGTACCGTCTAGATT
  STATUS: SAME_SEQUENCE
  SMALL_HEADER: TGTACCGTCTAGATT|CONSCOUNT=1|PRCONS=IGHA|PRFREQ=1.0
  LARGE_HEADER: TGTACCGTCTAGATT|CONSCOUNT=5|PRCONS=IGHA|PRFREQ=1.0

- CAGAGGGGTTAGGCT
  STATUS: FOUND_DIFFERENT
  SMALL_HEADER: CAGAGGGGTTAGGCT|CONSCOUNT=1|PRCONS=IGHA|PRFREQ=1.0
  LARGE_HEADER: CAGAGGGGTTAGGCT|CONSCOUNT=19|PRCONS=IGHA|PRFREQ=1.0

- GTCCTCCACGTAGTT
  STATUS: SAME_SEQUENCE
  SMALL_HEADER: GTCCTCCACGTAGTT|CONSCOUNT=2|PRCONS=IGHA|PRFREQ=1.0
  LARGE_HEADER: GTCCTCCACGTAGTT|CONSCOUNT=4|PRCONS=IGHA|PRFREQ=1.0

- GCAAAATTTATCATA
  STATUS: FOUND_DIFFERENT
  SMALL_HEADER: GCAAAATTTATCATA|CONSCOUNT=1|PRCONS=IGHA|PRFREQ=1.0
  LARGE_HEADER: GCAAAATTTATCATA|CONSCOUNT=3|PRCONS=IGHA|PRFREQ=1.0

- GTTTATCTCACACCT
  STATUS: SAME_SEQUENCE
  SMALL_HEADER: GTTTATCTCACACCT|CONSCOUNT=2|PRCONS=IGHG|PRFREQ=1.0
  LARGE_HEADER: GTTTATCTCACACCT|CONSCOUNT=38|PRCONS=IGHG|PRFREQ=1.0

- TTATCTCATATCAAC
  STATUS: SAME_SEQUENCE
  SMALL_HEADER: TTATCTCATATCAAC|CONSCOUNT=1|PRCONS=IGHA|PRFREQ=1.0
  LARGE_HEADER: TTATCTCATATCAAC|CONSCOUNT=3|PRCONS=IGHA|PRFREQ=1.0

- GAATCGACATGATAT
  STATUS: SAME_SEQUENCE
  SMALL_HEADER: GAATCGACATGATAT|CONSCOUNT=3|PRCONS=IGHG|PRFREQ=1.0
  LARGE_HEADER: GAATCGACATGATAT|CONSCOUNT=17|PRCONS=IGHG|PRFREQ=1.0

- TTATGTGTGGGCTGT
  STATUS: SAME_SEQUENCE
  SMALL_HEADER: TTATGTGTGGGCTGT|CONSCOUNT=1|PRCONS=IGHA|PRFREQ=1.0
  LARGE_HEADER: TTATGTGTGGGCTGT|CONSCOUNT=10|PRCONS=IGHA|PRFREQ=1.0

- TCCTAAGTGACTTCA
  STATUS: FOUND_DIFFERENT
  SMALL_HEADER: TCCTAAGTGACTTCA|CONSCOUNT=1|PRCONS=IGHE|PRFREQ=1.0
  LARGE_HEADER: TCCTAAGTGACTTCA|CONSCOUNT=4|PRCONS=IGHE|PRFREQ=1.0

- AGAAGTTTGTAGGGG
  STATUS: SAME_SEQUENCE
  SMALL_HEADER: AGAAGTTTGTAGGGG|CONSCOUNT=6|PRCONS=IGHD|PRFREQ=1.0
  LARGE_HEADER: AGAAGTTTGTAGGGG|CONSCOUNT=11|PRCONS=IGHD|PRFREQ=1.0

- CAATGTATATTCTAT
  STATUS: IDENTICAL
  SMALL_HEADER: CAATGTATATTCTAT|CONSCOUNT=1|PRCONS=IGHG|PRFREQ=1.0
  LARGE_HEADER: CAATGTATATTCTAT|CONSCOUNT=1|PRCONS=IGHG|PRFREQ=1.0

- TTACTATATTTACTT
  STATUS: SAME_SEQUENCE
  SMALL_HEADER: TTACTATATTTACTT|CONSCOUNT=1|PRCONS=IGHA|PRFREQ=1.0
  LARGE_HEADER: TTACTATATTTACTT|CONSCOUNT=2|PRCONS=IGHA|PRFREQ=1.0

- GAAGAATTCCTCAAC
  STATUS: FOUND_DIFFERENT
  SMALL_HEADER: GAAGAATTCCTCAAC|CONSCOUNT=1|PRCONS=IGHG|PRFREQ=1.0
  LARGE_HEADER: GAAGAATTCCTCAAC|CONSCOUNT=2|PRCONS=IGHG|PRFREQ=1.0

- ATCGCTGCTCTCCAT
  STATUS: SAME_SEQUENCE
  SMALL_HEADER: ATCGCTGCTCTCCAT|CONSCOUNT=6|PRCONS=IGHG|PRFREQ=1.0
  LARGE_HEADER: ATCGCTGCTCTCCAT|CONSCOUNT=19|PRCONS=IGHG|PRFREQ=1.0

- CAATAGCATTAGTGC
  STATUS: SAME_SEQUENCE
  SMALL_HEADER: CAATAGCATTAGTGC|CONSCOUNT=5|PRCONS=IGHG|PRFREQ=1.0
  LARGE_HEADER: CAATAGCATTAGTGC|CONSCOUNT=11|PRCONS=IGHG|PRFREQ=1.0

- AACGCACCTTCACTT
  STATUS: SAME_SEQUENCE
  SMALL_HEADER: AACGCACCTTCACTT|CONSCOUNT=4|PRCONS=IGHA|PRFREQ=1.0
  LARGE_HEADER: AACGCACCTTCACTT|CONSCOUNT=59|PRCONS=IGHA|PRFREQ=1.0

- ACAATAGATAAGCTT
  STATUS: FOUND_DIFFERENT
  SMALL_HEADER: ACAATAGATAAGCTT|CONSCOUNT=2|PRCONS=IGHA|PRFREQ=1.0
  LARGE_HEADER: ACAATAGATAAGCTT|CONSCOUNT=6|PRCONS=IGHA|PRFREQ=1.0

- AGAAGCTAATATATG
  STATUS: FOUND_DIFFERENT
  SMALL_HEADER: AGAAGCTAATATATG|CONSCOUNT=4|PRCONS=IGHA|PRFREQ=1.0
  LARGE_HEADER: AGAAGCTAATATATG|CONSCOUNT=13|PRCONS=IGHA|PRFREQ=1.0

- TAGAAGAAGTAGTAT
  STATUS: FOUND_DIFFERENT
  SMALL_HEADER: TAGAAGAAGTAGTAT|CONSCOUNT=1|PRCONS=IGHA|PRFREQ=1.0
  LARGE_HEADER: TAGAAGAAGTAGTAT|CONSCOUNT=2|PRCONS=IGHA|PRFREQ=1.0

- ATTACTCTTGCGCAT
  STATUS: SAME_SEQUENCE
  SMALL_HEADER: ATTACTCTTGCGCAT|CONSCOUNT=5|PRCONS=IGHG|PRFREQ=1.0
  LARGE_HEADER: ATTACTCTTGCGCAT|CONSCOUNT=58|PRCONS=IGHG|PRFREQ=1.0

- TTAGTATGTTGCGGT
  STATUS: SAME_SEQUENCE
  SMALL_HEADER: TTAGTATGTTGCGGT|CONSCOUNT=1|PRCONS=IGHG|PRFREQ=1.0
  LARGE_HEADER: TTAGTATGTTGCGGT|CONSCOUNT=4|PRCONS=IGHG|PRFREQ=1.0

- ACTAACATTCTAGGT
  STATUS: IDENTICAL
  SMALL_HEADER: ACTAACATTCTAGGT|CONSCOUNT=1|PRCONS=IGHA|PRFREQ=1.0
  LARGE_HEADER: ACTAACATTCTAGGT|CONSCOUNT=1|PRCONS=IGHA|PRFREQ=1.0

- GGAGGGTGGCTCGGG
  STATUS: SAME_SEQUENCE
  SMALL_HEADER: GGAGGGTGGCTCGGG|CONSCOUNT=6|PRCONS=IGHA|PRFREQ=1.0
  LARGE_HEADER: GGAGGGTGGCTCGGG|CONSCOUNT=69|PRCONS=IGHA|PRFREQ=1.0

- AGGTCGGATACACTA
  STATUS: FOUND_DIFFERENT
  SMALL_HEADER: AGGTCGGATACACTA|CONSCOUNT=1|PRCONS=IGHA|PRFREQ=1.0
  LARGE_HEADER: AGGTCGGATACACTA|CONSCOUNT=2|PRCONS=IGHA|PRFREQ=1.0

- GGGGTGGGTTGTTAT
  STATUS: IDENTICAL
  SMALL_HEADER: GGGGTGGGTTGTTAT|CONSCOUNT=1|PRCONS=IGHG|PRFREQ=1.0
  LARGE_HEADER: GGGGTGGGTTGTTAT|CONSCOUNT=1|PRCONS=IGHG|PRFREQ=1.0

- ACAAGAGTAGAGGGG
  STATUS: FOUND_DIFFERENT
  SMALL_HEADER: ACAAGAGTAGAGGGG|CONSCOUNT=1|PRCONS=IGHA|PRFREQ=1.0
  LARGE_HEADER: ACAAGAGTAGAGGGG|CONSCOUNT=4|PRCONS=IGHA|PRFREQ=1.0

- CTTAGAGTCCCTACA
  STATUS: FOUND_DIFFERENT
  SMALL_HEADER: CTTAGAGTCCCTACA|CONSCOUNT=1|PRCONS=IGHA|PRFREQ=1.0
  LARGE_HEADER: CTTAGAGTCCCTACA|CONSCOUNT=2|PRCONS=IGHA|PRFREQ=1.0

- TTTGTCCCCCAGTAA
  STATUS: SAME_SEQUENCE
  SMALL_HEADER: TTTGTCCCCCAGTAA|CONSCOUNT=6|PRCONS=IGHG|PRFREQ=1.0
  LARGE_HEADER: TTTGTCCCCCAGTAA|CONSCOUNT=179|PRCONS=IGHG|PRFREQ=1.0

- TTTTTAAAATTAATA
  STATUS: SAME_SEQUENCE
  SMALL_HEADER: TTTTTAAAATTAATA|CONSCOUNT=3|PRCONS=IGHA|PRFREQ=1.0
  LARGE_HEADER: TTTTTAAAATTAATA|CONSCOUNT=6|PRCONS=IGHA|PRFREQ=1.0

- ATAGTATCGCCAGCA
  STATUS: SAME_SEQUENCE
  SMALL_HEADER: ATAGTATCGCCAGCA|CONSCOUNT=1|PRCONS=IGHD|PRFREQ=1.0
  LARGE_HEADER: ATAGTATCGCCAGCA|CONSCOUNT=4|PRCONS=IGHD|PRFREQ=1.0

- GACTGGGCGGGGCTG
  STATUS: SAME_SEQUENCE
  SMALL_HEADER: GACTGGGCGGGGCTG|CONSCOUNT=1|PRCONS=IGHG|PRFREQ=1.0
  LARGE_HEADER: GACTGGGCGGGGCTG|CONSCOUNT=2|PRCONS=IGHG|PRFREQ=1.0

- GCGTGGGCACGTGCA
  STATUS: SAME_SEQUENCE
  SMALL_HEADER: GCGTGGGCACGTGCA|CONSCOUNT=4|PRCONS=IGHG|PRFREQ=1.0
  LARGE_HEADER: GCGTGGGCACGTGCA|CONSCOUNT=217|PRCONS=IGHG|PRFREQ=1.0

- CTTTCGTGTGGCTCT
  STATUS: FOUND_DIFFERENT
  SMALL_HEADER: CTTTCGTGTGGCTCT|CONSCOUNT=1|PRCONS=IGHG|PRFREQ=1.0
  LARGE_HEADER: CTTTCGTGTGGCTCT|CONSCOUNT=6|PRCONS=IGHG|PRFREQ=1.0

- GGGGGCTAGGGACTT
  STATUS: FOUND_DIFFERENT
  SMALL_HEADER: GGGGGCTAGGGACTT|CONSCOUNT=2|PRCONS=IGHA|PRFREQ=1.0
  LARGE_HEADER: GGGGGCTAGGGACTT|CONSCOUNT=16|PRCONS=IGHA|PRFREQ=1.0

- TAATATTCCATGGTA
  STATUS: SAME_SEQUENCE
  SMALL_HEADER: TAATATTCCATGGTA|CONSCOUNT=1|PRCONS=IGHA|PRFREQ=1.0
  LARGE_HEADER: TAATATTCCATGGTA|CONSCOUNT=4|PRCONS=IGHA|PRFREQ=1.0

- GCCATTCACTAGCTG
  STATUS: SAME_SEQUENCE
  SMALL_HEADER: GCCATTCACTAGCTG|CONSCOUNT=1|PRCONS=IGHD|PRFREQ=1.0
  LARGE_HEADER: GCCATTCACTAGCTG|CONSCOUNT=13|PRCONS=IGHD|PRFREQ=1.0

- TGTCCGAAAGGGGCG
  STATUS: FOUND_DIFFERENT
  SMALL_HEADER: TGTCCGAAAGGGGCG|CONSCOUNT=1|PRCONS=IGHE|PRFREQ=1.0
  LARGE_HEADER: TGTCCGAAAGGGGCG|CONSCOUNT=2|PRCONS=IGHE|PRFREQ=1.0

- TTCCGTAGTAATATA
  STATUS: SAME_SEQUENCE
  SMALL_HEADER: TTCCGTAGTAATATA|CONSCOUNT=1|PRCONS=IGHA|PRFREQ=1.0
  LARGE_HEADER: TTCCGTAGTAATATA|CONSCOUNT=3|PRCONS=IGHA|PRFREQ=1.0

- ATTGCTAACACATAT
  STATUS: FOUND_DIFFERENT
  SMALL_HEADER: ATTGCTAACACATAT|CONSCOUNT=2|PRCONS=IGHD|PRFREQ=1.0
  LARGE_HEADER: ATTGCTAACACATAT|CONSCOUNT=6|PRCONS=IGHD|PRFREQ=1.0

- TCCGAACAACATCTA
  STATUS: SAME_SEQUENCE
  SMALL_HEADER: TCCGAACAACATCTA|CONSCOUNT=2|PRCONS=IGHD|PRFREQ=1.0
  LARGE_HEADER: TCCGAACAACATCTA|CONSCOUNT=6|PRCONS=IGHD|PRFREQ=1.0

- TGAGCTTAGTCATTC
  STATUS: SAME_SEQUENCE
  SMALL_HEADER: TGAGCTTAGTCATTC|CONSCOUNT=2|PRCONS=IGHG|PRFREQ=1.0
  LARGE_HEADER: TGAGCTTAGTCATTC|CONSCOUNT=4|PRCONS=IGHG|PRFREQ=1.0

- TTAGAACGTGAGAGC
  STATUS: SAME_SEQUENCE
  SMALL_HEADER: TTAGAACGTGAGAGC|CONSCOUNT=2|PRCONS=IGHG|PRFREQ=1.0
  LARGE_HEADER: TTAGAACGTGAGAGC|CONSCOUNT=6|PRCONS=IGHG|PRFREQ=1.0

- TCTCATGTTGCGCAC
  STATUS: SAME_SEQUENCE
  SMALL_HEADER: TCTCATGTTGCGCAC|CONSCOUNT=4|PRCONS=IGHG|PRFREQ=1.0
  LARGE_HEADER: TCTCATGTTGCGCAC|CONSCOUNT=75|PRCONS=IGHG|PRFREQ=1.0

- AATGGTCCTCTAGTT
  STATUS: IDENTICAL
  SMALL_HEADER: AATGGTCCTCTAGTT|CONSCOUNT=1|PRCONS=IGHA|PRFREQ=1.0
  LARGE_HEADER: AATGGTCCTCTAGTT|CONSCOUNT=1|PRCONS=IGHA|PRFREQ=1.0

- GGTCGCTGTAACGAC
  STATUS: SAME_SEQUENCE
  SMALL_HEADER: GGTCGCTGTAACGAC|CONSCOUNT=1|PRCONS=IGHD|PRFREQ=1.0
  LARGE_HEADER: GGTCGCTGTAACGAC|CONSCOUNT=11|PRCONS=IGHD|PRFREQ=1.0

- TCACATTCTTTGTTC
  STATUS: IDENTICAL
  SMALL_HEADER: TCACATTCTTTGTTC|CONSCOUNT=1|PRCONS=IGHA|PRFREQ=1.0
  LARGE_HEADER: TCACATTCTTTGTTC|CONSCOUNT=1|PRCONS=IGHA|PRFREQ=1.0

- ATTAACTATCGCCTA
  STATUS: SAME_SEQUENCE
  SMALL_HEADER: ATTAACTATCGCCTA|CONSCOUNT=1|PRCONS=IGHG|PRFREQ=1.0
  LARGE_HEADER: ATTAACTATCGCCTA|CONSCOUNT=3|PRCONS=IGHG|PRFREQ=1.0

- TTAGGGAGACGGGGT
  STATUS: SAME_SEQUENCE
  SMALL_HEADER: TTAGGGAGACGGGGT|CONSCOUNT=2|PRCONS=IGHA|PRFREQ=1.0
  LARGE_HEADER: TTAGGGAGACGGGGT|CONSCOUNT=15|PRCONS=IGHA|PRFREQ=1.0

- TCAGGGGATGGTTGT
  STATUS: SAME_SEQUENCE
  SMALL_HEADER: TCAGGGGATGGTTGT|CONSCOUNT=2|PRCONS=IGHA|PRFREQ=1.0
  LARGE_HEADER: TCAGGGGATGGTTGT|CONSCOUNT=25|PRCONS=IGHA|PRFREQ=1.0

- ACTGTGTAAACTGGA
  STATUS: FOUND_DIFFERENT
  SMALL_HEADER: ACTGTGTAAACTGGA|CONSCOUNT=2|PRCONS=IGHG|PRFREQ=1.0
  LARGE_HEADER: ACTGTGTAAACTGGA|CONSCOUNT=4|PRCONS=IGHG|PRFREQ=1.0

- TCTTACCTGGTCGAA
  STATUS: FOUND_DIFFERENT
  SMALL_HEADER: TCTTACCTGGTCGAA|CONSCOUNT=1|PRCONS=IGHG|PRFREQ=1.0
  LARGE_HEADER: TCTTACCTGGTCGAA|CONSCOUNT=2|PRCONS=IGHG|PRFREQ=1.0

- AAATATTTTCATTGT
  STATUS: IDENTICAL
  SMALL_HEADER: AAATATTTTCATTGT|CONSCOUNT=1|PRCONS=IGHA|PRFREQ=1.0
  LARGE_HEADER: AAATATTTTCATTGT|CONSCOUNT=1|PRCONS=IGHA|PRFREQ=1.0

- CATGCCAGTTCAATC
  STATUS: SAME_SEQUENCE
  SMALL_HEADER: CATGCCAGTTCAATC|CONSCOUNT=1|PRCONS=IGHG|PRFREQ=1.0
  LARGE_HEADER: CATGCCAGTTCAATC|CONSCOUNT=2|PRCONS=IGHG|PRFREQ=1.0

- TTAGTGTATTCACGA
  STATUS: FOUND_DIFFERENT
  SMALL_HEADER: TTAGTGTATTCACGA|CONSCOUNT=1|PRCONS=IGHA|PRFREQ=1.0
  LARGE_HEADER: TTAGTGTATTCACGA|CONSCOUNT=4|PRCONS=IGHA|PRFREQ=1.0

- TGTTCCTTTAACCAG
  STATUS: IDENTICAL
  SMALL_HEADER: TGTTCCTTTAACCAG|CONSCOUNT=1|PRCONS=IGHG|PRFREQ=1.0
  LARGE_HEADER: TGTTCCTTTAACCAG|CONSCOUNT=1|PRCONS=IGHG|PRFREQ=1.0

- AAGGAACTGTTTTTT
  STATUS: FOUND_DIFFERENT
  SMALL_HEADER: AAGGAACTGTTTTTT|CONSCOUNT=1|PRCONS=IGHA|PRFREQ=1.0
  LARGE_HEADER: AAGGAACTGTTTTTT|CONSCOUNT=2|PRCONS=IGHA|PRFREQ=1.0

- CCTGGTCTTCACTCA
  STATUS: SAME_SEQUENCE
  SMALL_HEADER: CCTGGTCTTCACTCA|CONSCOUNT=5|PRCONS=IGHA|PRFREQ=1.0
  LARGE_HEADER: CCTGGTCTTCACTCA|CONSCOUNT=8|PRCONS=IGHA|PRFREQ=1.0

- GACGGCACTGTTTGG
  STATUS: SAME_SEQUENCE
  SMALL_HEADER: GACGGCACTGTTTGG|CONSCOUNT=1|PRCONS=IGHG|PRFREQ=1.0
  LARGE_HEADER: GACGGCACTGTTTGG|CONSCOUNT=3|PRCONS=IGHG|PRFREQ=1.0

- CTTTTGTTTGGTTAG
  STATUS: SAME_SEQUENCE
  SMALL_HEADER: CTTTTGTTTGGTTAG|CONSCOUNT=2|PRCONS=IGHA|PRFREQ=1.0
  LARGE_HEADER: CTTTTGTTTGGTTAG|CONSCOUNT=8|PRCONS=IGHA|PRFREQ=1.0

- GCATGGCGCTAGAGG
  STATUS: SAME_SEQUENCE
  SMALL_HEADER: GCATGGCGCTAGAGG|CONSCOUNT=4|PRCONS=IGHG|PRFREQ=1.0
  LARGE_HEADER: GCATGGCGCTAGAGG|CONSCOUNT=111|PRCONS=IGHG|PRFREQ=1.0

- CTATGGGCAAGTCTG
  STATUS: SAME_SEQUENCE
  SMALL_HEADER: CTATGGGCAAGTCTG|CONSCOUNT=1|PRCONS=IGHA|PRFREQ=1.0
  LARGE_HEADER: CTATGGGCAAGTCTG|CONSCOUNT=6|PRCONS=IGHA|PRFREQ=1.0

- GCTTTGTGGGGGAAG
  STATUS: FOUND_DIFFERENT
  SMALL_HEADER: GCTTTGTGGGGGAAG|CONSCOUNT=1|PRCONS=IGHA|PRFREQ=1.0
  LARGE_HEADER: GCTTTGTGGGGGAAG|CONSCOUNT=2|PRCONS=IGHA|PRFREQ=1.0

- ACTATTAATCCTTCT
  STATUS: SAME_SEQUENCE
  SMALL_HEADER: ACTATTAATCCTTCT|CONSCOUNT=5|PRCONS=IGHG|PRFREQ=1.0
  LARGE_HEADER: ACTATTAATCCTTCT|CONSCOUNT=10|PRCONS=IGHG|PRFREQ=1.0

- TTAGTATAGACATTT
  STATUS: SAME_SEQUENCE
  SMALL_HEADER: TTAGTATAGACATTT|CONSCOUNT=2|PRCONS=IGHG|PRFREQ=1.0
  LARGE_HEADER: TTAGTATAGACATTT|CONSCOUNT=3|PRCONS=IGHG|PRFREQ=1.0

- GTCCAAGTGCTCTGC
  STATUS: FOUND_DIFFERENT
  SMALL_HEADER: GTCCAAGTGCTCTGC|CONSCOUNT=1|PRCONS=IGHG|PRFREQ=1.0
  LARGE_HEADER: GTCCAAGTGCTCTGC|CONSCOUNT=2|PRCONS=IGHG|PRFREQ=1.0

- TAGTGTGGCTAGTGT
  STATUS: SAME_SEQUENCE
  SMALL_HEADER: TAGTGTGGCTAGTGT|CONSCOUNT=1|PRCONS=IGHG|PRFREQ=1.0
  LARGE_HEADER: TAGTGTGGCTAGTGT|CONSCOUNT=3|PRCONS=IGHG|PRFREQ=1.0

- TGCGGGAAAAATACC
  STATUS: SAME_SEQUENCE
  SMALL_HEADER: TGCGGGAAAAATACC|CONSCOUNT=1|PRCONS=IGHG|PRFREQ=1.0
  LARGE_HEADER: TGCGGGAAAAATACC|CONSCOUNT=2|PRCONS=IGHG|PRFREQ=1.0

- CGAGTTAGAACTGTC
  STATUS: IDENTICAL
  SMALL_HEADER: CGAGTTAGAACTGTC|CONSCOUNT=1|PRCONS=IGHA|PRFREQ=1.0
  LARGE_HEADER: CGAGTTAGAACTGTC|CONSCOUNT=1|PRCONS=IGHA|PRFREQ=1.0

- TTCAGTCGGGCGCCG
  STATUS: SAME_SEQUENCE
  SMALL_HEADER: TTCAGTCGGGCGCCG|CONSCOUNT=4|PRCONS=IGHG|PRFREQ=1.0
  LARGE_HEADER: TTCAGTCGGGCGCCG|CONSCOUNT=9|PRCONS=IGHG|PRFREQ=1.0

- TGGTCTTAGTACTAG
  STATUS: IDENTICAL
  SMALL_HEADER: TGGTCTTAGTACTAG|CONSCOUNT=1|PRCONS=IGHA|PRFREQ=1.0
  LARGE_HEADER: TGGTCTTAGTACTAG|CONSCOUNT=1|PRCONS=IGHA|PRFREQ=1.0

- TCGATACATTAGTTG
  STATUS: SAME_SEQUENCE
  SMALL_HEADER: TCGATACATTAGTTG|CONSCOUNT=2|PRCONS=IGHE|PRFREQ=1.0
  LARGE_HEADER: TCGATACATTAGTTG|CONSCOUNT=4|PRCONS=IGHE|PRFREQ=1.0

- GCATGATCCCAATTG
  STATUS: SAME_SEQUENCE
  SMALL_HEADER: GCATGATCCCAATTG|CONSCOUNT=1|PRCONS=IGHG|PRFREQ=1.0
  LARGE_HEADER: GCATGATCCCAATTG|CONSCOUNT=3|PRCONS=IGHG|PRFREQ=1.0

- GACGTGTAACATACT
  STATUS: FOUND_DIFFERENT
  SMALL_HEADER: GACGTGTAACATACT|CONSCOUNT=1|PRCONS=IGHA|PRFREQ=1.0
  LARGE_HEADER: GACGTGTAACATACT|CONSCOUNT=2|PRCONS=IGHA|PRFREQ=1.0

- TAGATGCGTGTGTGG
  STATUS: SAME_SEQUENCE
  SMALL_HEADER: TAGATGCGTGTGTGG|CONSCOUNT=1|PRCONS=IGHM|PRFREQ=1.0
  LARGE_HEADER: TAGATGCGTGTGTGG|CONSCOUNT=107|PRCONS=IGHM|PRFREQ=1.0

- CGAGTTGTGGGGGGG
  STATUS: SAME_SEQUENCE
  SMALL_HEADER: CGAGTTGTGGGGGGG|CONSCOUNT=3|PRCONS=IGHD|PRFREQ=1.0
  LARGE_HEADER: CGAGTTGTGGGGGGG|CONSCOUNT=6|PRCONS=IGHD|PRFREQ=1.0

- TAAAATACGGACGCT
  STATUS: SAME_SEQUENCE
  SMALL_HEADER: TAAAATACGGACGCT|CONSCOUNT=1|PRCONS=IGHA|PRFREQ=1.0
  LARGE_HEADER: TAAAATACGGACGCT|CONSCOUNT=64|PRCONS=IGHA|PRFREQ=1.0

- ACGAAGTTCTCCAGA
  STATUS: SAME_SEQUENCE
  SMALL_HEADER: ACGAAGTTCTCCAGA|CONSCOUNT=10|PRCONS=IGHA|PRFREQ=1.0
  LARGE_HEADER: ACGAAGTTCTCCAGA|CONSCOUNT=51|PRCONS=IGHA|PRFREQ=1.0

- CTTTGTGGTGACTTT
  STATUS: SAME_SEQUENCE
  SMALL_HEADER: CTTTGTGGTGACTTT|CONSCOUNT=1|PRCONS=IGHG|PRFREQ=1.0
  LARGE_HEADER: CTTTGTGGTGACTTT|CONSCOUNT=6|PRCONS=IGHG|PRFREQ=1.0

- GGACTGCATGGTTGT
  STATUS: FOUND_DIFFERENT
  SMALL_HEADER: GGACTGCATGGTTGT|CONSCOUNT=1|PRCONS=IGHA|PRFREQ=1.0
  LARGE_HEADER: GGACTGCATGGTTGT|CONSCOUNT=4|PRCONS=IGHA|PRFREQ=1.0

- TTCGAGCCGGAGAGG
  STATUS: FOUND_DIFFERENT
  SMALL_HEADER: TTCGAGCCGGAGAGG|CONSCOUNT=1|PRCONS=IGHG|PRFREQ=1.0
  LARGE_HEADER: TTCGAGCCGGAGAGG|CONSCOUNT=3|PRCONS=IGHG|PRFREQ=1.0

- CTTTCTGATAAAATC
  STATUS: IDENTICAL
  SMALL_HEADER: CTTTCTGATAAAATC|CONSCOUNT=1|PRCONS=IGHD|PRFREQ=1.0
  LARGE_HEADER: CTTTCTGATAAAATC|CONSCOUNT=1|PRCONS=IGHD|PRFREQ=1.0

- TGATTGACTGCTTTG
  STATUS: SAME_SEQUENCE
  SMALL_HEADER: TGATTGACTGCTTTG|CONSCOUNT=1|PRCONS=IGHA|PRFREQ=1.0
  LARGE_HEADER: TGATTGACTGCTTTG|CONSCOUNT=5|PRCONS=IGHA|PRFREQ=1.0

- GTACAGTAGTTTTGA
  STATUS: FOUND_DIFFERENT
  SMALL_HEADER: GTACAGTAGTTTTGA|CONSCOUNT=1|PRCONS=IGHA|PRFREQ=1.0
  LARGE_HEADER: GTACAGTAGTTTTGA|CONSCOUNT=5|PRCONS=IGHA|PRFREQ=1.0

- GACTTTGGATATATT
  STATUS: SAME_SEQUENCE
  SMALL_HEADER: GACTTTGGATATATT|CONSCOUNT=1|PRCONS=IGHM|PRFREQ=1.0
  LARGE_HEADER: GACTTTGGATATATT|CONSCOUNT=4|PRCONS=IGHM|PRFREQ=1.0

- GTGGGGGAGAATGGG
  STATUS: IDENTICAL
  SMALL_HEADER: GTGGGGGAGAATGGG|CONSCOUNT=2|PRCONS=IGHG|PRFREQ=1.0
  LARGE_HEADER: GTGGGGGAGAATGGG|CONSCOUNT=2|PRCONS=IGHG|PRFREQ=1.0

- ATAGAAATTTCGTTT
  STATUS: SAME_SEQUENCE
  SMALL_HEADER: ATAGAAATTTCGTTT|CONSCOUNT=1|PRCONS=IGHD|PRFREQ=1.0
  LARGE_HEADER: ATAGAAATTTCGTTT|CONSCOUNT=6|PRCONS=IGHD|PRFREQ=1.0

- TATCCGGGCGACCGT
  STATUS: SAME_SEQUENCE
  SMALL_HEADER: TATCCGGGCGACCGT|CONSCOUNT=3|PRCONS=IGHG|PRFREQ=1.0
  LARGE_HEADER: TATCCGGGCGACCGT|CONSCOUNT=9|PRCONS=IGHG|PRFREQ=1.0

- GTTGTAGAATTCAAA
  STATUS: FOUND_DIFFERENT
  SMALL_HEADER: GTTGTAGAATTCAAA|CONSCOUNT=2|PRCONS=IGHA|PRFREQ=1.0
  LARGE_HEADER: GTTGTAGAATTCAAA|CONSCOUNT=26|PRCONS=IGHA|PRFREQ=1.0

- TTATGAAGTAGAACT
  STATUS: IDENTICAL
  SMALL_HEADER: TTATGAAGTAGAACT|CONSCOUNT=1|PRCONS=IGHA|PRFREQ=1.0
  LARGE_HEADER: TTATGAAGTAGAACT|CONSCOUNT=1|PRCONS=IGHA|PRFREQ=1.0

- TAGAAGTTGTAAGCA
  STATUS: FOUND_DIFFERENT
  SMALL_HEADER: TAGAAGTTGTAAGCA|CONSCOUNT=1|PRCONS=IGHG|PRFREQ=1.0
  LARGE_HEADER: TAGAAGTTGTAAGCA|CONSCOUNT=3|PRCONS=IGHG|PRFREQ=1.0

- GAATATCTAAATTGT
  STATUS: FOUND_DIFFERENT
  SMALL_HEADER: GAATATCTAAATTGT|CONSCOUNT=1|PRCONS=IGHA|PRFREQ=1.0
  LARGE_HEADER: GAATATCTAAATTGT|CONSCOUNT=2|PRCONS=IGHA|PRFREQ=1.0

- ACATTGGCGTGCCGG
  STATUS: SAME_SEQUENCE
  SMALL_HEADER: ACATTGGCGTGCCGG|CONSCOUNT=4|PRCONS=IGHG|PRFREQ=1.0
  LARGE_HEADER: ACATTGGCGTGCCGG|CONSCOUNT=24|PRCONS=IGHG|PRFREQ=1.0

- GTTAGCGCTTACGCC
  STATUS: SAME_SEQUENCE
  SMALL_HEADER: GTTAGCGCTTACGCC|CONSCOUNT=1|PRCONS=IGHG|PRFREQ=1.0
  LARGE_HEADER: GTTAGCGCTTACGCC|CONSCOUNT=8|PRCONS=IGHG|PRFREQ=1.0

- CATGCATATTGTCTT
  STATUS: IDENTICAL
  SMALL_HEADER: CATGCATATTGTCTT|CONSCOUNT=1|PRCONS=IGHA|PRFREQ=1.0
  LARGE_HEADER: CATGCATATTGTCTT|CONSCOUNT=1|PRCONS=IGHA|PRFREQ=1.0

- CCGCGGGATTCGGGG
  STATUS: IDENTICAL
  SMALL_HEADER: CCGCGGGATTCGGGG|CONSCOUNT=1|PRCONS=IGHE|PRFREQ=1.0
  LARGE_HEADER: CCGCGGGATTCGGGG|CONSCOUNT=1|PRCONS=IGHE|PRFREQ=1.0

- GAAATAAGGGTTCAT
  STATUS: IDENTICAL
  SMALL_HEADER: GAAATAAGGGTTCAT|CONSCOUNT=1|PRCONS=IGHG|PRFREQ=1.0
  LARGE_HEADER: GAAATAAGGGTTCAT|CONSCOUNT=1|PRCONS=IGHG|PRFREQ=1.0

- ACAAGCCGCGATCGT
  STATUS: SAME_SEQUENCE
  SMALL_HEADER: ACAAGCCGCGATCGT|CONSCOUNT=1|PRCONS=IGHG|PRFREQ=1.0
  LARGE_HEADER: ACAAGCCGCGATCGT|CONSCOUNT=5|PRCONS=IGHG|PRFREQ=1.0

- TAAAAACCAGCAGCT
  STATUS: SAME_SEQUENCE
  SMALL_HEADER: TAAAAACCAGCAGCT|CONSCOUNT=3|PRCONS=IGHG|PRFREQ=1.0
  LARGE_HEADER: TAAAAACCAGCAGCT|CONSCOUNT=16|PRCONS=IGHG|PRFREQ=1.0

- TTTGAATGGCTTGTA
  STATUS: FOUND_DIFFERENT
  SMALL_HEADER: TTTGAATGGCTTGTA|CONSCOUNT=1|PRCONS=IGHA|PRFREQ=1.0
  LARGE_HEADER: TTTGAATGGCTTGTA|CONSCOUNT=3|PRCONS=IGHA|PRFREQ=1.0

- ATCCTGTTGTTGGGG
  STATUS: IDENTICAL
  SMALL_HEADER: ATCCTGTTGTTGGGG|CONSCOUNT=1|PRCONS=IGHG|PRFREQ=1.0
  LARGE_HEADER: ATCCTGTTGTTGGGG|CONSCOUNT=1|PRCONS=IGHG|PRFREQ=1.0

- CTCACCTAAGTCCTC
  STATUS: SAME_SEQUENCE
  SMALL_HEADER: CTCACCTAAGTCCTC|CONSCOUNT=1|PRCONS=IGHG|PRFREQ=1.0
  LARGE_HEADER: CTCACCTAAGTCCTC|CONSCOUNT=5|PRCONS=IGHG|PRFREQ=1.0

- TTCGTATGCTATTTC
  STATUS: SAME_SEQUENCE
  SMALL_HEADER: TTCGTATGCTATTTC|CONSCOUNT=1|PRCONS=IGHA|PRFREQ=1.0
  LARGE_HEADER: TTCGTATGCTATTTC|CONSCOUNT=6|PRCONS=IGHA|PRFREQ=1.0

- GCATTCCTCTTTCTC
  STATUS: SAME_SEQUENCE
  SMALL_HEADER: GCATTCCTCTTTCTC|CONSCOUNT=1|PRCONS=IGHM|PRFREQ=1.0
  LARGE_HEADER: GCATTCCTCTTTCTC|CONSCOUNT=13|PRCONS=IGHM|PRFREQ=1.0

- CTCAATCGATTGTAT
  STATUS: IDENTICAL
  SMALL_HEADER: CTCAATCGATTGTAT|CONSCOUNT=2|PRCONS=IGHA|PRFREQ=1.0
  LARGE_HEADER: CTCAATCGATTGTAT|CONSCOUNT=2|PRCONS=IGHA|PRFREQ=1.0

- TAATGCGTTTTGCCA
  STATUS: IDENTICAL
  SMALL_HEADER: TAATGCGTTTTGCCA|CONSCOUNT=1|PRCONS=IGHA|PRFREQ=1.0
  LARGE_HEADER: TAATGCGTTTTGCCA|CONSCOUNT=1|PRCONS=IGHA|PRFREQ=1.0

- AATATGGATTCACTG
  STATUS: FOUND_DIFFERENT
  SMALL_HEADER: AATATGGATTCACTG|CONSCOUNT=3|PRCONS=IGHA|PRFREQ=1.0
  LARGE_HEADER: AATATGGATTCACTG|CONSCOUNT=34|PRCONS=IGHA|PRFREQ=1.0

- TTCGTCTGGTACTTT
  STATUS: SAME_SEQUENCE
  SMALL_HEADER: TTCGTCTGGTACTTT|CONSCOUNT=1|PRCONS=IGHA|PRFREQ=1.0
  LARGE_HEADER: TTCGTCTGGTACTTT|CONSCOUNT=7|PRCONS=IGHA|PRFREQ=1.0

- GATCTGTTTTGAAGG
  STATUS: FOUND_DIFFERENT
  SMALL_HEADER: GATCTGTTTTGAAGG|CONSCOUNT=1|PRCONS=IGHG|PRFREQ=1.0
  LARGE_HEADER: GATCTGTTTTGAAGG|CONSCOUNT=2|PRCONS=IGHG|PRFREQ=1.0

- TTATTTTTAGTAGTG
  STATUS: SAME_SEQUENCE
  SMALL_HEADER: TTATTTTTAGTAGTG|CONSCOUNT=1|PRCONS=IGHD|PRFREQ=1.0
  LARGE_HEADER: TTATTTTTAGTAGTG|CONSCOUNT=8|PRCONS=IGHD|PRFREQ=1.0

- TCTTTGTAATGTGTG
  STATUS: SAME_SEQUENCE
  SMALL_HEADER: TCTTTGTAATGTGTG|CONSCOUNT=5|PRCONS=IGHE|PRFREQ=1.0
  LARGE_HEADER: TCTTTGTAATGTGTG|CONSCOUNT=17|PRCONS=IGHE|PRFREQ=1.0

- CCACAATACAGGAAT
  STATUS: IDENTICAL
  SMALL_HEADER: CCACAATACAGGAAT|CONSCOUNT=1|PRCONS=IGHA|PRFREQ=1.0
  LARGE_HEADER: CCACAATACAGGAAT|CONSCOUNT=1|PRCONS=IGHA|PRFREQ=1.0

- AGTACGAAGCGTGGT
  STATUS: SAME_SEQUENCE
  SMALL_HEADER: AGTACGAAGCGTGGT|CONSCOUNT=1|PRCONS=IGHG|PRFREQ=1.0
  LARGE_HEADER: AGTACGAAGCGTGGT|CONSCOUNT=3|PRCONS=IGHG|PRFREQ=1.0

- TTCGGCGCAACACTT
  STATUS: SAME_SEQUENCE
  SMALL_HEADER: TTCGGCGCAACACTT|CONSCOUNT=1|PRCONS=IGHA|PRFREQ=1.0
  LARGE_HEADER: TTCGGCGCAACACTT|CONSCOUNT=41|PRCONS=IGHA|PRFREQ=1.0

- TCCTGCAGATGCTTT
  STATUS: SAME_SEQUENCE
  SMALL_HEADER: TCCTGCAGATGCTTT|CONSCOUNT=1|PRCONS=IGHA|PRFREQ=1.0
  LARGE_HEADER: TCCTGCAGATGCTTT|CONSCOUNT=5|PRCONS=IGHA|PRFREQ=1.0

- TGGATAATATCACGG
  STATUS: SAME_SEQUENCE
  SMALL_HEADER: TGGATAATATCACGG|CONSCOUNT=1|PRCONS=IGHG|PRFREQ=1.0
  LARGE_HEADER: TGGATAATATCACGG|CONSCOUNT=9|PRCONS=IGHG|PRFREQ=1.0

- GCAATGTTTTGGTTC
  STATUS: SAME_SEQUENCE
  SMALL_HEADER: GCAATGTTTTGGTTC|CONSCOUNT=1|PRCONS=IGHA|PRFREQ=1.0
  LARGE_HEADER: GCAATGTTTTGGTTC|CONSCOUNT=3|PRCONS=IGHA|PRFREQ=1.0

- TTACCGGATTAAGGT
  STATUS: FOUND_DIFFERENT
  SMALL_HEADER: TTACCGGATTAAGGT|CONSCOUNT=1|PRCONS=IGHA|PRFREQ=1.0
  LARGE_HEADER: TTACCGGATTAAGGT|CONSCOUNT=2|PRCONS=IGHA|PRFREQ=1.0

- TCATACAAAGTCATG
  STATUS: FOUND_DIFFERENT
  SMALL_HEADER: TCATACAAAGTCATG|CONSCOUNT=1|PRCONS=IGHA|PRFREQ=1.0
  LARGE_HEADER: TCATACAAAGTCATG|CONSCOUNT=3|PRCONS=IGHA|PRFREQ=1.0

- AACATACTGTGCTAA
  STATUS: IDENTICAL
  SMALL_HEADER: AACATACTGTGCTAA|CONSCOUNT=1|PRCONS=IGHA|PRFREQ=1.0
  LARGE_HEADER: AACATACTGTGCTAA|CONSCOUNT=1|PRCONS=IGHA|PRFREQ=1.0

- TTACCATACGGTAAA
  STATUS: SAME_SEQUENCE
  SMALL_HEADER: TTACCATACGGTAAA|CONSCOUNT=4|PRCONS=IGHG|PRFREQ=1.0
  LARGE_HEADER: TTACCATACGGTAAA|CONSCOUNT=10|PRCONS=IGHG|PRFREQ=1.0

- TGGTCGTAGATGGCG
  STATUS: FOUND_DIFFERENT
  SMALL_HEADER: TGGTCGTAGATGGCG|CONSCOUNT=2|PRCONS=IGHA|PRFREQ=1.0
  LARGE_HEADER: TGGTCGTAGATGGCG|CONSCOUNT=8|PRCONS=IGHA|PRFREQ=1.0

- TCTCCGACAGGGGCA
  STATUS: SAME_SEQUENCE
  SMALL_HEADER: TCTCCGACAGGGGCA|CONSCOUNT=1|PRCONS=IGHD|PRFREQ=1.0
  LARGE_HEADER: TCTCCGACAGGGGCA|CONSCOUNT=4|PRCONS=IGHD|PRFREQ=1.0

- TAGGACAGTGTTATG
  STATUS: IDENTICAL
  SMALL_HEADER: TAGGACAGTGTTATG|CONSCOUNT=1|PRCONS=IGHG|PRFREQ=1.0
  LARGE_HEADER: TAGGACAGTGTTATG|CONSCOUNT=1|PRCONS=IGHG|PRFREQ=1.0

- TGTTTAATGAAGTTG
  STATUS: FOUND_DIFFERENT
  SMALL_HEADER: TGTTTAATGAAGTTG|CONSCOUNT=1|PRCONS=IGHG|PRFREQ=1.0
  LARGE_HEADER: TGTTTAATGAAGTTG|CONSCOUNT=2|PRCONS=IGHG|PRFREQ=1.0

- CCAGGGTGGTGGGCG
  STATUS: SAME_SEQUENCE
  SMALL_HEADER: CCAGGGTGGTGGGCG|CONSCOUNT=1|PRCONS=IGHG|PRFREQ=1.0
  LARGE_HEADER: CCAGGGTGGTGGGCG|CONSCOUNT=8|PRCONS=IGHG|PRFREQ=1.0

- AGATTTGGGTAAAGT
  STATUS: SAME_SEQUENCE
  SMALL_HEADER: AGATTTGGGTAAAGT|CONSCOUNT=1|PRCONS=IGHA|PRFREQ=1.0
  LARGE_HEADER: AGATTTGGGTAAAGT|CONSCOUNT=2|PRCONS=IGHA|PRFREQ=1.0

- GCAGGGCGGAGTGTA
  STATUS: SAME_SEQUENCE
  SMALL_HEADER: GCAGGGCGGAGTGTA|CONSCOUNT=4|PRCONS=IGHG|PRFREQ=1.0
  LARGE_HEADER: GCAGGGCGGAGTGTA|CONSCOUNT=13|PRCONS=IGHG|PRFREQ=1.0

- GGTTTAGGAGACTTC
  STATUS: SAME_SEQUENCE
  SMALL_HEADER: GGTTTAGGAGACTTC|CONSCOUNT=2|PRCONS=IGHG|PRFREQ=1.0
  LARGE_HEADER: GGTTTAGGAGACTTC|CONSCOUNT=5|PRCONS=IGHG|PRFREQ=1.0

- TGGGTACGGATAAGG
  STATUS: SAME_SEQUENCE
  SMALL_HEADER: TGGGTACGGATAAGG|CONSCOUNT=1|PRCONS=IGHG|PRFREQ=1.0
  LARGE_HEADER: TGGGTACGGATAAGG|CONSCOUNT=5|PRCONS=IGHG|PRFREQ=1.0

- TGTTAGGTCAGCCCT
  STATUS: FOUND_DIFFERENT
  SMALL_HEADER: TGTTAGGTCAGCCCT|CONSCOUNT=1|PRCONS=IGHG|PRFREQ=1.0
  LARGE_HEADER: TGTTAGGTCAGCCCT|CONSCOUNT=2|PRCONS=IGHG|PRFREQ=1.0

- GATGTCTCTGTTATG
  STATUS: SAME_SEQUENCE
  SMALL_HEADER: GATGTCTCTGTTATG|CONSCOUNT=1|PRCONS=IGHA|PRFREQ=1.0
  LARGE_HEADER: GATGTCTCTGTTATG|CONSCOUNT=3|PRCONS=IGHA|PRFREQ=1.0

- GTATAGACTTTACAA
  STATUS: FOUND_DIFFERENT
  SMALL_HEADER: GTATAGACTTTACAA|CONSCOUNT=2|PRCONS=IGHG|PRFREQ=1.0
  LARGE_HEADER: GTATAGACTTTACAA|CONSCOUNT=8|PRCONS=IGHG|PRFREQ=1.0

- TCGCACGGTGGGGTG
  STATUS: FOUND_DIFFERENT
  SMALL_HEADER: TCGCACGGTGGGGTG|CONSCOUNT=2|PRCONS=IGHA|PRFREQ=1.0
  LARGE_HEADER: TCGCACGGTGGGGTG|CONSCOUNT=7|PRCONS=IGHA|PRFREQ=1.0

- GGATTGGAGCTGGCT
  STATUS: FOUND_DIFFERENT
  SMALL_HEADER: GGATTGGAGCTGGCT|CONSCOUNT=1|PRCONS=IGHG|PRFREQ=1.0
  LARGE_HEADER: GGATTGGAGCTGGCT|CONSCOUNT=2|PRCONS=IGHG|PRFREQ=1.0

- GATGTGATGATGCAC
  STATUS: SAME_SEQUENCE
  SMALL_HEADER: GATGTGATGATGCAC|CONSCOUNT=4|PRCONS=IGHG|PRFREQ=1.0
  LARGE_HEADER: GATGTGATGATGCAC|CONSCOUNT=6|PRCONS=IGHG|PRFREQ=1.0

- TTCAAAGTCCCTGTC
  STATUS: FOUND_DIFFERENT
  SMALL_HEADER: TTCAAAGTCCCTGTC|CONSCOUNT=1|PRCONS=IGHA|PRFREQ=1.0
  LARGE_HEADER: TTCAAAGTCCCTGTC|CONSCOUNT=2|PRCONS=IGHA|PRFREQ=1.0

- ACCGTGGCTTCGTGC
  STATUS: SAME_SEQUENCE
  SMALL_HEADER: ACCGTGGCTTCGTGC|CONSCOUNT=2|PRCONS=IGHA|PRFREQ=1.0
  LARGE_HEADER: ACCGTGGCTTCGTGC|CONSCOUNT=3|PRCONS=IGHA|PRFREQ=1.0

- GTGAGGATGGCGTGG
  STATUS: IDENTICAL
  SMALL_HEADER: GTGAGGATGGCGTGG|CONSCOUNT=1|PRCONS=IGHG|PRFREQ=1.0
  LARGE_HEADER: GTGAGGATGGCGTGG|CONSCOUNT=1|PRCONS=IGHG|PRFREQ=1.0

- GTGACCCTCCAAGGT
  STATUS: SAME_SEQUENCE
  SMALL_HEADER: GTGACCCTCCAAGGT|CONSCOUNT=2|PRCONS=IGHM|PRFREQ=1.0
  LARGE_HEADER: GTGACCCTCCAAGGT|CONSCOUNT=12|PRCONS=IGHM|PRFREQ=1.0

- ATTTGCGCCGTTGGA
  STATUS: FOUND_DIFFERENT
  SMALL_HEADER: ATTTGCGCCGTTGGA|CONSCOUNT=1|PRCONS=IGHA|PRFREQ=1.0
  LARGE_HEADER: ATTTGCGCCGTTGGA|CONSCOUNT=2|PRCONS=IGHA|PRFREQ=1.0

- GGGGATTGTTAGTAT
  STATUS: IDENTICAL
  SMALL_HEADER: GGGGATTGTTAGTAT|CONSCOUNT=1|PRCONS=IGHA|PRFREQ=1.0
  LARGE_HEADER: GGGGATTGTTAGTAT|CONSCOUNT=1|PRCONS=IGHA|PRFREQ=1.0

- CAATTTCTATTCACA
  STATUS: SAME_SEQUENCE
  SMALL_HEADER: CAATTTCTATTCACA|CONSCOUNT=2|PRCONS=IGHA|PRFREQ=1.0
  LARGE_HEADER: CAATTTCTATTCACA|CONSCOUNT=22|PRCONS=IGHA|PRFREQ=1.0

- AAGGCACTGGGACGG
  STATUS: SAME_SEQUENCE
  SMALL_HEADER: AAGGCACTGGGACGG|CONSCOUNT=1|PRCONS=IGHG|PRFREQ=1.0
  LARGE_HEADER: AAGGCACTGGGACGG|CONSCOUNT=5|PRCONS=IGHG|PRFREQ=1.0

- ATAGGTGCCGAAGTA
  STATUS: IDENTICAL
  SMALL_HEADER: ATAGGTGCCGAAGTA|CONSCOUNT=1|PRCONS=IGHD|PRFREQ=1.0
  LARGE_HEADER: ATAGGTGCCGAAGTA|CONSCOUNT=1|PRCONS=IGHD|PRFREQ=1.0

- GGTTTTGACTCCAGC
  STATUS: IDENTICAL
  SMALL_HEADER: GGTTTTGACTCCAGC|CONSCOUNT=1|PRCONS=IGHG|PRFREQ=1.0
  LARGE_HEADER: GGTTTTGACTCCAGC|CONSCOUNT=1|PRCONS=IGHG|PRFREQ=1.0

- ATACAGATCGCGTAT
  STATUS: IDENTICAL
  SMALL_HEADER: ATACAGATCGCGTAT|CONSCOUNT=1|PRCONS=IGHG|PRFREQ=1.0
  LARGE_HEADER: ATACAGATCGCGTAT|CONSCOUNT=1|PRCONS=IGHG|PRFREQ=1.0

- GTAAAGGTGTGGATT
  STATUS: IDENTICAL
  SMALL_HEADER: GTAAAGGTGTGGATT|CONSCOUNT=1|PRCONS=IGHA|PRFREQ=1.0
  LARGE_HEADER: GTAAAGGTGTGGATT|CONSCOUNT=1|PRCONS=IGHA|PRFREQ=1.0

- CAAAATAACAAAGAC
  STATUS: SAME_SEQUENCE
  SMALL_HEADER: CAAAATAACAAAGAC|CONSCOUNT=1|PRCONS=IGHD|PRFREQ=1.0
  LARGE_HEADER: CAAAATAACAAAGAC|CONSCOUNT=3|PRCONS=IGHD|PRFREQ=1.0

- TAGCGACAGGAGGTG
  STATUS: SAME_SEQUENCE
  SMALL_HEADER: TAGCGACAGGAGGTG|CONSCOUNT=2|PRCONS=IGHE|PRFREQ=1.0
  LARGE_HEADER: TAGCGACAGGAGGTG|CONSCOUNT=56|PRCONS=IGHE|PRFREQ=1.0

- GGTCGTTATACTGGG
  STATUS: SAME_SEQUENCE
  SMALL_HEADER: GGTCGTTATACTGGG|CONSCOUNT=1|PRCONS=IGHA|PRFREQ=1.0
  LARGE_HEADER: GGTCGTTATACTGGG|CONSCOUNT=17|PRCONS=IGHA|PRFREQ=1.0

- CAGTCTTATAACCTC
  STATUS: SAME_SEQUENCE
  SMALL_HEADER: CAGTCTTATAACCTC|CONSCOUNT=1|PRCONS=IGHA|PRFREQ=1.0
  LARGE_HEADER: CAGTCTTATAACCTC|CONSCOUNT=3|PRCONS=IGHA|PRFREQ=1.0

- TGGGCATCAACAAGA
  STATUS: IDENTICAL
  SMALL_HEADER: TGGGCATCAACAAGA|CONSCOUNT=1|PRCONS=IGHG|PRFREQ=1.0
  LARGE_HEADER: TGGGCATCAACAAGA|CONSCOUNT=1|PRCONS=IGHG|PRFREQ=1.0

- GTCGGGGGGATATTT
  STATUS: SAME_SEQUENCE
  SMALL_HEADER: GTCGGGGGGATATTT|CONSCOUNT=5|PRCONS=IGHA|PRFREQ=1.0
  LARGE_HEADER: GTCGGGGGGATATTT|CONSCOUNT=14|PRCONS=IGHA|PRFREQ=1.0

- ACTATGACGACTCTC
  STATUS: SAME_SEQUENCE
  SMALL_HEADER: ACTATGACGACTCTC|CONSCOUNT=3|PRCONS=IGHG|PRFREQ=1.0
  LARGE_HEADER: ACTATGACGACTCTC|CONSCOUNT=11|PRCONS=IGHG|PRFREQ=1.0

- TTTTCCTCAATGACT
  STATUS: FOUND_DIFFERENT
  SMALL_HEADER: TTTTCCTCAATGACT|CONSCOUNT=2|PRCONS=IGHA|PRFREQ=1.0
  LARGE_HEADER: TTTTCCTCAATGACT|CONSCOUNT=16|PRCONS=IGHA|PRFREQ=1.0

- GGATCCTGCCAGACG
  STATUS: FOUND_DIFFERENT
  SMALL_HEADER: GGATCCTGCCAGACG|CONSCOUNT=1|PRCONS=IGHG|PRFREQ=1.0
  LARGE_HEADER: GGATCCTGCCAGACG|CONSCOUNT=2|PRCONS=IGHG|PRFREQ=1.0

- GTTGTACAAGAGACT
  STATUS: FOUND_DIFFERENT
  SMALL_HEADER: GTTGTACAAGAGACT|CONSCOUNT=1|PRCONS=IGHA|PRFREQ=1.0
  LARGE_HEADER: GTTGTACAAGAGACT|CONSCOUNT=2|PRCONS=IGHA|PRFREQ=1.0

- TCATACTCCCATTTA
  STATUS: IDENTICAL
  SMALL_HEADER: TCATACTCCCATTTA|CONSCOUNT=1|PRCONS=IGHD|PRFREQ=1.0
  LARGE_HEADER: TCATACTCCCATTTA|CONSCOUNT=1|PRCONS=IGHD|PRFREQ=1.0

- TGCGCATCTCCTTTT
  STATUS: FOUND_DIFFERENT
  SMALL_HEADER: TGCGCATCTCCTTTT|CONSCOUNT=1|PRCONS=IGHA|PRFREQ=1.0
  LARGE_HEADER: TGCGCATCTCCTTTT|CONSCOUNT=2|PRCONS=IGHA|PRFREQ=1.0

- TTTAGTGATTCCATT
  STATUS: FOUND_DIFFERENT
  SMALL_HEADER: TTTAGTGATTCCATT|CONSCOUNT=1|PRCONS=IGHG|PRFREQ=1.0
  LARGE_HEADER: TTTAGTGATTCCATT|CONSCOUNT=3|PRCONS=IGHG|PRFREQ=1.0

- GCCGGACACATTCCG
  STATUS: FOUND_DIFFERENT
  SMALL_HEADER: GCCGGACACATTCCG|CONSCOUNT=2|PRCONS=IGHD|PRFREQ=1.0
  LARGE_HEADER: GCCGGACACATTCCG|CONSCOUNT=5|PRCONS=IGHD|PRFREQ=1.0

- ATATCACGTATGTTT
  STATUS: SAME_SEQUENCE
  SMALL_HEADER: ATATCACGTATGTTT|CONSCOUNT=2|PRCONS=IGHG|PRFREQ=1.0
  LARGE_HEADER: ATATCACGTATGTTT|CONSCOUNT=13|PRCONS=IGHG|PRFREQ=1.0

- TTTATGATTATTTGT
  STATUS: FOUND_DIFFERENT
  SMALL_HEADER: TTTATGATTATTTGT|CONSCOUNT=2|PRCONS=IGHD|PRFREQ=1.0
  LARGE_HEADER: TTTATGATTATTTGT|CONSCOUNT=12|PRCONS=IGHD|PRFREQ=1.0

- CATTTATCACGTCGA
  STATUS: SAME_SEQUENCE
  SMALL_HEADER: CATTTATCACGTCGA|CONSCOUNT=2|PRCONS=IGHG|PRFREQ=1.0
  LARGE_HEADER: CATTTATCACGTCGA|CONSCOUNT=10|PRCONS=IGHG|PRFREQ=1.0

- CTTATCTTACTGCTC
  STATUS: SAME_SEQUENCE
  SMALL_HEADER: CTTATCTTACTGCTC|CONSCOUNT=1|PRCONS=IGHG|PRFREQ=1.0
  LARGE_HEADER: CTTATCTTACTGCTC|CONSCOUNT=20|PRCONS=IGHG|PRFREQ=1.0

- CGATAGGCCATACAC
  STATUS: SAME_SEQUENCE
  SMALL_HEADER: CGATAGGCCATACAC|CONSCOUNT=1|PRCONS=IGHG|PRFREQ=1.0
  LARGE_HEADER: CGATAGGCCATACAC|CONSCOUNT=3|PRCONS=IGHG|PRFREQ=1.0

- GGAAGGTAACTTGCA
  STATUS: IDENTICAL
  SMALL_HEADER: GGAAGGTAACTTGCA|CONSCOUNT=1|PRCONS=IGHA|PRFREQ=1.0
  LARGE_HEADER: GGAAGGTAACTTGCA|CONSCOUNT=1|PRCONS=IGHA|PRFREQ=1.0

- GATACTGATCGGATA
  STATUS: SAME_SEQUENCE
  SMALL_HEADER: GATACTGATCGGATA|CONSCOUNT=1|PRCONS=IGHD|PRFREQ=1.0
  LARGE_HEADER: GATACTGATCGGATA|CONSCOUNT=4|PRCONS=IGHD|PRFREQ=1.0

- GCTCTCTCGCTCACT
  STATUS: IDENTICAL
  SMALL_HEADER: GCTCTCTCGCTCACT|CONSCOUNT=1|PRCONS=IGHG|PRFREQ=1.0
  LARGE_HEADER: GCTCTCTCGCTCACT|CONSCOUNT=1|PRCONS=IGHG|PRFREQ=1.0

- TTTGAAATTCGTTGC
  STATUS: SAME_SEQUENCE
  SMALL_HEADER: TTTGAAATTCGTTGC|CONSCOUNT=1|PRCONS=IGHG|PRFREQ=1.0
  LARGE_HEADER: TTTGAAATTCGTTGC|CONSCOUNT=2|PRCONS=IGHG|PRFREQ=1.0

- TCAATTGCGATGGCA
  STATUS: SAME_SEQUENCE
  SMALL_HEADER: TCAATTGCGATGGCA|CONSCOUNT=1|PRCONS=IGHG|PRFREQ=1.0
  LARGE_HEADER: TCAATTGCGATGGCA|CONSCOUNT=6|PRCONS=IGHG|PRFREQ=1.0

- TTGTTTGTTATTAAT
  STATUS: IDENTICAL
  SMALL_HEADER: TTGTTTGTTATTAAT|CONSCOUNT=1|PRCONS=IGHA|PRFREQ=1.0
  LARGE_HEADER: TTGTTTGTTATTAAT|CONSCOUNT=1|PRCONS=IGHA|PRFREQ=1.0

- CATTGATGACGGTGG
  STATUS: FOUND_DIFFERENT
  SMALL_HEADER: CATTGATGACGGTGG|CONSCOUNT=2|PRCONS=IGHA|PRFREQ=1.0
  LARGE_HEADER: CATTGATGACGGTGG|CONSCOUNT=23|PRCONS=IGHA|PRFREQ=1.0

- CAAGGTGAGCACGTG
  STATUS: SAME_SEQUENCE
  SMALL_HEADER: CAAGGTGAGCACGTG|CONSCOUNT=5|PRCONS=IGHA|PRFREQ=1.0
  LARGE_HEADER: CAAGGTGAGCACGTG|CONSCOUNT=19|PRCONS=IGHA|PRFREQ=1.0

- GATAGAATTCGATCT
  STATUS: SAME_SEQUENCE
  SMALL_HEADER: GATAGAATTCGATCT|CONSCOUNT=1|PRCONS=IGHG|PRFREQ=1.0
  LARGE_HEADER: GATAGAATTCGATCT|CONSCOUNT=4|PRCONS=IGHG|PRFREQ=1.0

- GGAGGTGTGGACGGG
  STATUS: SAME_SEQUENCE
  SMALL_HEADER: GGAGGTGTGGACGGG|CONSCOUNT=3|PRCONS=IGHG|PRFREQ=1.0
  LARGE_HEADER: GGAGGTGTGGACGGG|CONSCOUNT=10|PRCONS=IGHG|PRFREQ=1.0

- GGATGGGTATATGGG
  STATUS: SAME_SEQUENCE
  SMALL_HEADER: GGATGGGTATATGGG|CONSCOUNT=3|PRCONS=IGHA|PRFREQ=1.0
  LARGE_HEADER: GGATGGGTATATGGG|CONSCOUNT=68|PRCONS=IGHA|PRFREQ=1.0

- ATTTGTGTGCTCGGT
  STATUS: SAME_SEQUENCE
  SMALL_HEADER: ATTTGTGTGCTCGGT|CONSCOUNT=1|PRCONS=IGHG|PRFREQ=1.0
  LARGE_HEADER: ATTTGTGTGCTCGGT|CONSCOUNT=3|PRCONS=IGHG|PRFREQ=1.0

- AGTTACGGTCATTGT
  STATUS: SAME_SEQUENCE
  SMALL_HEADER: AGTTACGGTCATTGT|CONSCOUNT=1|PRCONS=IGHA|PRFREQ=1.0
  LARGE_HEADER: AGTTACGGTCATTGT|CONSCOUNT=3|PRCONS=IGHA|PRFREQ=1.0

- CATCTGTAGCGCCAT
  STATUS: FOUND_DIFFERENT
  SMALL_HEADER: CATCTGTAGCGCCAT|CONSCOUNT=1|PRCONS=IGHG|PRFREQ=1.0
  LARGE_HEADER: CATCTGTAGCGCCAT|CONSCOUNT=2|PRCONS=IGHG|PRFREQ=1.0

- AGGGTGTGGCGATGT
  STATUS: IDENTICAL
  SMALL_HEADER: AGGGTGTGGCGATGT|CONSCOUNT=1|PRCONS=IGHG|PRFREQ=1.0
  LARGE_HEADER: AGGGTGTGGCGATGT|CONSCOUNT=1|PRCONS=IGHG|PRFREQ=1.0

- GAGATTTAAACTTTG
  STATUS: FOUND_DIFFERENT
  SMALL_HEADER: GAGATTTAAACTTTG|CONSCOUNT=1|PRCONS=IGHA|PRFREQ=1.0
  LARGE_HEADER: GAGATTTAAACTTTG|CONSCOUNT=2|PRCONS=IGHA|PRFREQ=1.0

- TTGACTCTTAATGTA
  STATUS: FOUND_DIFFERENT
  SMALL_HEADER: TTGACTCTTAATGTA|CONSCOUNT=1|PRCONS=IGHA|PRFREQ=1.0
  LARGE_HEADER: TTGACTCTTAATGTA|CONSCOUNT=34|PRCONS=IGHA|PRFREQ=1.0

- GTCAATATTATTTGG
  STATUS: FOUND_DIFFERENT
  SMALL_HEADER: GTCAATATTATTTGG|CONSCOUNT=3|PRCONS=IGHG|PRFREQ=1.0
  LARGE_HEADER: GTCAATATTATTTGG|CONSCOUNT=15|PRCONS=IGHG|PRFREQ=1.0

- AACATCAAAGATTCT
  STATUS: SAME_SEQUENCE
  SMALL_HEADER: AACATCAAAGATTCT|CONSCOUNT=1|PRCONS=IGHG|PRFREQ=1.0
  LARGE_HEADER: AACATCAAAGATTCT|CONSCOUNT=7|PRCONS=IGHG|PRFREQ=1.0

- AGTTTGGATAAGCAT
  STATUS: SAME_SEQUENCE
  SMALL_HEADER: AGTTTGGATAAGCAT|CONSCOUNT=1|PRCONS=IGHD|PRFREQ=1.0
  LARGE_HEADER: AGTTTGGATAAGCAT|CONSCOUNT=25|PRCONS=IGHD|PRFREQ=1.0

- ATACCCATATATTAA
  STATUS: FOUND_DIFFERENT
  SMALL_HEADER: ATACCCATATATTAA|CONSCOUNT=1|PRCONS=IGHG|PRFREQ=1.0
  LARGE_HEADER: ATACCCATATATTAA|CONSCOUNT=3|PRCONS=IGHG|PRFREQ=1.0

- TTCAGTTCACCTCCA
  STATUS: IDENTICAL
  SMALL_HEADER: TTCAGTTCACCTCCA|CONSCOUNT=1|PRCONS=IGHA|PRFREQ=1.0
  LARGE_HEADER: TTCAGTTCACCTCCA|CONSCOUNT=1|PRCONS=IGHA|PRFREQ=1.0

- TAATGGGAAGTGCTG
  STATUS: SAME_SEQUENCE
  SMALL_HEADER: TAATGGGAAGTGCTG|CONSCOUNT=3|PRCONS=IGHG|PRFREQ=1.0
  LARGE_HEADER: TAATGGGAAGTGCTG|CONSCOUNT=8|PRCONS=IGHG|PRFREQ=1.0

- GACCTCTCACAAAAA
  STATUS: SAME_SEQUENCE
  SMALL_HEADER: GACCTCTCACAAAAA|CONSCOUNT=1|PRCONS=IGHA|PRFREQ=1.0
  LARGE_HEADER: GACCTCTCACAAAAA|CONSCOUNT=3|PRCONS=IGHA|PRFREQ=1.0

- TGTTCTCGAGAAAAA
  STATUS: FOUND_DIFFERENT
  SMALL_HEADER: TGTTCTCGAGAAAAA|CONSCOUNT=1|PRCONS=IGHA|PRFREQ=1.0
  LARGE_HEADER: TGTTCTCGAGAAAAA|CONSCOUNT=7|PRCONS=IGHA|PRFREQ=1.0

- AGTGGTCTGCTCTTT
  STATUS: FOUND_DIFFERENT
  SMALL_HEADER: AGTGGTCTGCTCTTT|CONSCOUNT=1|PRCONS=IGHG|PRFREQ=1.0
  LARGE_HEADER: AGTGGTCTGCTCTTT|CONSCOUNT=10|PRCONS=IGHG|PRFREQ=1.0

- CGAGGTTTTTATCTT
  STATUS: FOUND_DIFFERENT
  SMALL_HEADER: CGAGGTTTTTATCTT|CONSCOUNT=1|PRCONS=IGHG|PRFREQ=1.0
  LARGE_HEADER: CGAGGTTTTTATCTT|CONSCOUNT=3|PRCONS=IGHG|PRFREQ=1.0

- ATATTTTGCCTCGTT
  STATUS: SAME_SEQUENCE
  SMALL_HEADER: ATATTTTGCCTCGTT|CONSCOUNT=1|PRCONS=IGHG|PRFREQ=1.0
  LARGE_HEADER: ATATTTTGCCTCGTT|CONSCOUNT=25|PRCONS=IGHG|PRFREQ=1.0

- ATTGTTAGGTGCGGT
  STATUS: SAME_SEQUENCE
  SMALL_HEADER: ATTGTTAGGTGCGGT|CONSCOUNT=3|PRCONS=IGHG|PRFREQ=1.0
  LARGE_HEADER: ATTGTTAGGTGCGGT|CONSCOUNT=11|PRCONS=IGHG|PRFREQ=1.0

- TGAGGCTCGGGGTGG
  STATUS: IDENTICAL
  SMALL_HEADER: TGAGGCTCGGGGTGG|CONSCOUNT=1|PRCONS=IGHA|PRFREQ=1.0
  LARGE_HEADER: TGAGGCTCGGGGTGG|CONSCOUNT=1|PRCONS=IGHA|PRFREQ=1.0

- GTCTCAGCGTATTGG
  STATUS: SAME_SEQUENCE
  SMALL_HEADER: GTCTCAGCGTATTGG|CONSCOUNT=1|PRCONS=IGHA|PRFREQ=1.0
  LARGE_HEADER: GTCTCAGCGTATTGG|CONSCOUNT=4|PRCONS=IGHA|PRFREQ=1.0

- AAGGATTTAGGGTCT
  STATUS: SAME_SEQUENCE
  SMALL_HEADER: AAGGATTTAGGGTCT|CONSCOUNT=1|PRCONS=IGHA|PRFREQ=1.0
  LARGE_HEADER: AAGGATTTAGGGTCT|CONSCOUNT=2|PRCONS=IGHA|PRFREQ=1.0

- TTGCTCTCACACTTA
  STATUS: FOUND_DIFFERENT
  SMALL_HEADER: TTGCTCTCACACTTA|CONSCOUNT=1|PRCONS=IGHD|PRFREQ=1.0
  LARGE_HEADER: TTGCTCTCACACTTA|CONSCOUNT=3|PRCONS=IGHD|PRFREQ=1.0

- TATTTTTTGCCGATG
  STATUS: FOUND_DIFFERENT
  SMALL_HEADER: TATTTTTTGCCGATG|CONSCOUNT=1|PRCONS=IGHA|PRFREQ=1.0
  LARGE_HEADER: TATTTTTTGCCGATG|CONSCOUNT=2|PRCONS=IGHA|PRFREQ=1.0

- ATAATGTATGTCCCT
  STATUS: FOUND_DIFFERENT
  SMALL_HEADER: ATAATGTATGTCCCT|CONSCOUNT=1|PRCONS=IGHA|PRFREQ=1.0
  LARGE_HEADER: ATAATGTATGTCCCT|CONSCOUNT=2|PRCONS=IGHA|PRFREQ=1.0

- TATCGGGTCAATGTC
  STATUS: FOUND_DIFFERENT
  SMALL_HEADER: TATCGGGTCAATGTC|CONSCOUNT=2|PRCONS=IGHG|PRFREQ=1.0
  LARGE_HEADER: TATCGGGTCAATGTC|CONSCOUNT=6|PRCONS=IGHG|PRFREQ=1.0

- GCATATCTAATCGAA
  STATUS: IDENTICAL
  SMALL_HEADER: GCATATCTAATCGAA|CONSCOUNT=1|PRCONS=IGHG|PRFREQ=1.0
  LARGE_HEADER: GCATATCTAATCGAA|CONSCOUNT=1|PRCONS=IGHG|PRFREQ=1.0

- GCTCATTAGGTTCCC
  STATUS: SAME_SEQUENCE
  SMALL_HEADER: GCTCATTAGGTTCCC|CONSCOUNT=1|PRCONS=IGHG|PRFREQ=1.0
  LARGE_HEADER: GCTCATTAGGTTCCC|CONSCOUNT=3|PRCONS=IGHG|PRFREQ=1.0

- TGTGAGTCGAGGTTT
  STATUS: SAME_SEQUENCE
  SMALL_HEADER: TGTGAGTCGAGGTTT|CONSCOUNT=1|PRCONS=IGHA|PRFREQ=1.0
  LARGE_HEADER: TGTGAGTCGAGGTTT|CONSCOUNT=2|PRCONS=IGHA|PRFREQ=1.0

- CGGCGTAGGCAACAT
  STATUS: FOUND_DIFFERENT
  SMALL_HEADER: CGGCGTAGGCAACAT|CONSCOUNT=2|PRCONS=IGHD|PRFREQ=1.0
  LARGE_HEADER: CGGCGTAGGCAACAT|CONSCOUNT=6|PRCONS=IGHD|PRFREQ=1.0

- GTAGAGCATATAGGA
  STATUS: SAME_SEQUENCE
  SMALL_HEADER: GTAGAGCATATAGGA|CONSCOUNT=2|PRCONS=IGHM|PRFREQ=1.0
  LARGE_HEADER: GTAGAGCATATAGGA|CONSCOUNT=227|PRCONS=IGHM|PRFREQ=1.0

- GGACTGTTACTGTTA
  STATUS: FOUND_DIFFERENT
  SMALL_HEADER: GGACTGTTACTGTTA|CONSCOUNT=1|PRCONS=IGHA|PRFREQ=1.0
  LARGE_HEADER: GGACTGTTACTGTTA|CONSCOUNT=3|PRCONS=IGHA|PRFREQ=1.0

- TTAATGTCAATAGCT
  STATUS: FOUND_DIFFERENT
  SMALL_HEADER: TTAATGTCAATAGCT|CONSCOUNT=1|PRCONS=IGHA|PRFREQ=1.0
  LARGE_HEADER: TTAATGTCAATAGCT|CONSCOUNT=2|PRCONS=IGHA|PRFREQ=1.0

- TATATTCAGTCTCAG
  STATUS: SAME_SEQUENCE
  SMALL_HEADER: TATATTCAGTCTCAG|CONSCOUNT=1|PRCONS=IGHM|PRFREQ=1.0
  LARGE_HEADER: TATATTCAGTCTCAG|CONSCOUNT=4|PRCONS=IGHM|PRFREQ=1.0

- CATGAGTTTATTTCT
  STATUS: IDENTICAL
  SMALL_HEADER: CATGAGTTTATTTCT|CONSCOUNT=1|PRCONS=IGHA|PRFREQ=1.0
  LARGE_HEADER: CATGAGTTTATTTCT|CONSCOUNT=1|PRCONS=IGHA|PRFREQ=1.0

- ATTGAAAGGTCGGGC
  STATUS: FOUND_DIFFERENT
  SMALL_HEADER: ATTGAAAGGTCGGGC|CONSCOUNT=1|PRCONS=IGHD|PRFREQ=1.0
  LARGE_HEADER: ATTGAAAGGTCGGGC|CONSCOUNT=4|PRCONS=IGHD|PRFREQ=1.0

- GCTGTGGGGGGACCC
  STATUS: IDENTICAL
  SMALL_HEADER: GCTGTGGGGGGACCC|CONSCOUNT=1|PRCONS=IGHG|PRFREQ=1.0
  LARGE_HEADER: GCTGTGGGGGGACCC|CONSCOUNT=1|PRCONS=IGHG|PRFREQ=1.0

- ATCTGTTAATTTCTA
  STATUS: FOUND_DIFFERENT
  SMALL_HEADER: ATCTGTTAATTTCTA|CONSCOUNT=2|PRCONS=IGHG|PRFREQ=1.0
  LARGE_HEADER: ATCTGTTAATTTCTA|CONSCOUNT=7|PRCONS=IGHG|PRFREQ=1.0

- TCATGAGCAAAATCT
  STATUS: IDENTICAL
  SMALL_HEADER: TCATGAGCAAAATCT|CONSCOUNT=1|PRCONS=IGHA|PRFREQ=1.0
  LARGE_HEADER: TCATGAGCAAAATCT|CONSCOUNT=1|PRCONS=IGHA|PRFREQ=1.0

- GGTGTTGCATCGTGT
  STATUS: FOUND_DIFFERENT
  SMALL_HEADER: GGTGTTGCATCGTGT|CONSCOUNT=2|PRCONS=IGHG|PRFREQ=1.0
  LARGE_HEADER: GGTGTTGCATCGTGT|CONSCOUNT=9|PRCONS=IGHG|PRFREQ=1.0

- CCTTAATTCCATTAG
  STATUS: FOUND_DIFFERENT
  SMALL_HEADER: CCTTAATTCCATTAG|CONSCOUNT=1|PRCONS=IGHA|PRFREQ=1.0
  LARGE_HEADER: CCTTAATTCCATTAG|CONSCOUNT=13|PRCONS=IGHA|PRFREQ=1.0

- TCGTTGTCGGCACAT
  STATUS: SAME_SEQUENCE
  SMALL_HEADER: TCGTTGTCGGCACAT|CONSCOUNT=1|PRCONS=IGHA|PRFREQ=1.0
  LARGE_HEADER: TCGTTGTCGGCACAT|CONSCOUNT=16|PRCONS=IGHA|PRFREQ=1.0

- GACGAGATCGTGATA
  STATUS: FOUND_DIFFERENT
  SMALL_HEADER: GACGAGATCGTGATA|CONSCOUNT=1|PRCONS=IGHA|PRFREQ=1.0
  LARGE_HEADER: GACGAGATCGTGATA|CONSCOUNT=31|PRCONS=IGHA|PRFREQ=1.0

- GAAGATAAAATTTCT
  STATUS: IDENTICAL
  SMALL_HEADER: GAAGATAAAATTTCT|CONSCOUNT=2|PRCONS=IGHD|PRFREQ=1.0
  LARGE_HEADER: GAAGATAAAATTTCT|CONSCOUNT=2|PRCONS=IGHD|PRFREQ=1.0

- GAATAAGATTCATAC
  STATUS: IDENTICAL
  SMALL_HEADER: GAATAAGATTCATAC|CONSCOUNT=1|PRCONS=IGHA|PRFREQ=1.0
  LARGE_HEADER: GAATAAGATTCATAC|CONSCOUNT=1|PRCONS=IGHA|PRFREQ=1.0

- TGGAGATTCTTTTGC
  STATUS: FOUND_DIFFERENT
  SMALL_HEADER: TGGAGATTCTTTTGC|CONSCOUNT=1|PRCONS=IGHG|PRFREQ=1.0
  LARGE_HEADER: TGGAGATTCTTTTGC|CONSCOUNT=6|PRCONS=IGHG|PRFREQ=1.0

- TATATGCCTTTCTGA
  STATUS: IDENTICAL
  SMALL_HEADER: TATATGCCTTTCTGA|CONSCOUNT=2|PRCONS=IGHM|PRFREQ=1.0
  LARGE_HEADER: TATATGCCTTTCTGA|CONSCOUNT=2|PRCONS=IGHM|PRFREQ=1.0

- ACCGTTTCAGCATTA
  STATUS: SAME_SEQUENCE
  SMALL_HEADER: ACCGTTTCAGCATTA|CONSCOUNT=1|PRCONS=IGHA|PRFREQ=1.0
  LARGE_HEADER: ACCGTTTCAGCATTA|CONSCOUNT=3|PRCONS=IGHA|PRFREQ=1.0

- TACACTGTGGCAAAC
  STATUS: SAME_SEQUENCE
  SMALL_HEADER: TACACTGTGGCAAAC|CONSCOUNT=3|PRCONS=IGHG|PRFREQ=1.0
  LARGE_HEADER: TACACTGTGGCAAAC|CONSCOUNT=53|PRCONS=IGHG|PRFREQ=1.0

- ATCGCCGGATCGGGC
  STATUS: SAME_SEQUENCE
  SMALL_HEADER: ATCGCCGGATCGGGC|CONSCOUNT=4|PRCONS=IGHE|PRFREQ=1.0
  LARGE_HEADER: ATCGCCGGATCGGGC|CONSCOUNT=55|PRCONS=IGHE|PRFREQ=1.0

- GAGCCGTTTTAGGGG
  STATUS: SAME_SEQUENCE
  SMALL_HEADER: GAGCCGTTTTAGGGG|CONSCOUNT=1|PRCONS=IGHA|PRFREQ=1.0
  LARGE_HEADER: GAGCCGTTTTAGGGG|CONSCOUNT=3|PRCONS=IGHA|PRFREQ=1.0

- CCCTGGGCAAAAGAA
  STATUS: SAME_SEQUENCE
  SMALL_HEADER: CCCTGGGCAAAAGAA|CONSCOUNT=1|PRCONS=IGHG|PRFREQ=1.0
  LARGE_HEADER: CCCTGGGCAAAAGAA|CONSCOUNT=6|PRCONS=IGHG|PRFREQ=1.0

- TCTGGTGGCGGCGGA
  STATUS: FOUND_DIFFERENT
  SMALL_HEADER: TCTGGTGGCGGCGGA|CONSCOUNT=1|PRCONS=IGHG|PRFREQ=1.0
  LARGE_HEADER: TCTGGTGGCGGCGGA|CONSCOUNT=8|PRCONS=IGHG|PRFREQ=1.0

- TATTCGTTAACTTTT
  STATUS: SAME_SEQUENCE
  SMALL_HEADER: TATTCGTTAACTTTT|CONSCOUNT=2|PRCONS=IGHG|PRFREQ=1.0
  LARGE_HEADER: TATTCGTTAACTTTT|CONSCOUNT=4|PRCONS=IGHG|PRFREQ=1.0

- ACGCCTCTGCTTAGC
  STATUS: SAME_SEQUENCE
  SMALL_HEADER: ACGCCTCTGCTTAGC|CONSCOUNT=1|PRCONS=IGHG|PRFREQ=1.0
  LARGE_HEADER: ACGCCTCTGCTTAGC|CONSCOUNT=5|PRCONS=IGHG|PRFREQ=1.0

- GGGTTTGAGCATTTA
  STATUS: SAME_SEQUENCE
  SMALL_HEADER: GGGTTTGAGCATTTA|CONSCOUNT=1|PRCONS=IGHA|PRFREQ=1.0
  LARGE_HEADER: GGGTTTGAGCATTTA|CONSCOUNT=10|PRCONS=IGHA|PRFREQ=1.0

- GGTCTAACTATGGTC
  STATUS: FOUND_DIFFERENT
  SMALL_HEADER: GGTCTAACTATGGTC|CONSCOUNT=1|PRCONS=IGHG|PRFREQ=1.0
  LARGE_HEADER: GGTCTAACTATGGTC|CONSCOUNT=14|PRCONS=IGHG|PRFREQ=1.0

- CCGGGCGCTTGGAAG
  STATUS: SAME_SEQUENCE
  SMALL_HEADER: CCGGGCGCTTGGAAG|CONSCOUNT=2|PRCONS=IGHG|PRFREQ=1.0
  LARGE_HEADER: CCGGGCGCTTGGAAG|CONSCOUNT=8|PRCONS=IGHG|PRFREQ=1.0

- GGGTGGAGGAGTTTC
  STATUS: SAME_SEQUENCE
  SMALL_HEADER: GGGTGGAGGAGTTTC|CONSCOUNT=1|PRCONS=IGHA|PRFREQ=1.0
  LARGE_HEADER: GGGTGGAGGAGTTTC|CONSCOUNT=11|PRCONS=IGHA|PRFREQ=1.0

- GGAAAGGTTAGGCAT
  STATUS: FOUND_DIFFERENT
  SMALL_HEADER: GGAAAGGTTAGGCAT|CONSCOUNT=1|PRCONS=IGHA|PRFREQ=1.0
  LARGE_HEADER: GGAAAGGTTAGGCAT|CONSCOUNT=4|PRCONS=IGHA|PRFREQ=1.0

- TCTATACTAGTGCGC
  STATUS: SAME_SEQUENCE
  SMALL_HEADER: TCTATACTAGTGCGC|CONSCOUNT=1|PRCONS=IGHA|PRFREQ=1.0
  LARGE_HEADER: TCTATACTAGTGCGC|CONSCOUNT=24|PRCONS=IGHA|PRFREQ=1.0

- AAATCACTTGAGCTT
  STATUS: IDENTICAL
  SMALL_HEADER: AAATCACTTGAGCTT|CONSCOUNT=1|PRCONS=IGHA|PRFREQ=1.0
  LARGE_HEADER: AAATCACTTGAGCTT|CONSCOUNT=1|PRCONS=IGHA|PRFREQ=1.0

- GTATTCAAGTTGTAC
  STATUS: SAME_SEQUENCE
  SMALL_HEADER: GTATTCAAGTTGTAC|CONSCOUNT=5|PRCONS=IGHG|PRFREQ=1.0
  LARGE_HEADER: GTATTCAAGTTGTAC|CONSCOUNT=20|PRCONS=IGHG|PRFREQ=1.0

- TTTTTTTAAAGTGGG
  STATUS: IDENTICAL
  SMALL_HEADER: TTTTTTTAAAGTGGG|CONSCOUNT=1|PRCONS=IGHG|PRFREQ=1.0
  LARGE_HEADER: TTTTTTTAAAGTGGG|CONSCOUNT=1|PRCONS=IGHG|PRFREQ=1.0

- AGTCCTGGCGCATGT
  STATUS: SAME_SEQUENCE
  SMALL_HEADER: AGTCCTGGCGCATGT|CONSCOUNT=1|PRCONS=IGHA|PRFREQ=1.0
  LARGE_HEADER: AGTCCTGGCGCATGT|CONSCOUNT=5|PRCONS=IGHA|PRFREQ=1.0

- TCATCGGTACTTTTT
  STATUS: FOUND_DIFFERENT
  SMALL_HEADER: TCATCGGTACTTTTT|CONSCOUNT=1|PRCONS=IGHG|PRFREQ=1.0
  LARGE_HEADER: TCATCGGTACTTTTT|CONSCOUNT=2|PRCONS=IGHG|PRFREQ=1.0

- CATAAGTCTAATGTC
  STATUS: SAME_SEQUENCE
  SMALL_HEADER: CATAAGTCTAATGTC|CONSCOUNT=1|PRCONS=IGHG|PRFREQ=1.0
  LARGE_HEADER: CATAAGTCTAATGTC|CONSCOUNT=4|PRCONS=IGHG|PRFREQ=1.0

- CTATACATCGATTTC
  STATUS: FOUND_DIFFERENT
  SMALL_HEADER: CTATACATCGATTTC|CONSCOUNT=1|PRCONS=IGHA|PRFREQ=1.0
  LARGE_HEADER: CTATACATCGATTTC|CONSCOUNT=3|PRCONS=IGHA|PRFREQ=1.0

- TGATCAGTACACTGA
  STATUS: IDENTICAL
  SMALL_HEADER: TGATCAGTACACTGA|CONSCOUNT=1|PRCONS=IGHG|PRFREQ=1.0
  LARGE_HEADER: TGATCAGTACACTGA|CONSCOUNT=1|PRCONS=IGHG|PRFREQ=1.0

- ACGTGTTTTTCAATC
  STATUS: SAME_SEQUENCE
  SMALL_HEADER: ACGTGTTTTTCAATC|CONSCOUNT=3|PRCONS=IGHD|PRFREQ=1.0
  LARGE_HEADER: ACGTGTTTTTCAATC|CONSCOUNT=6|PRCONS=IGHD|PRFREQ=1.0

- GTTTATACATTTCGT
  STATUS: FOUND_DIFFERENT
  SMALL_HEADER: GTTTATACATTTCGT|CONSCOUNT=1|PRCONS=IGHA|PRFREQ=1.0
  LARGE_HEADER: GTTTATACATTTCGT|CONSCOUNT=3|PRCONS=IGHA|PRFREQ=1.0

- CATCGGGCGGAAGCT
  STATUS: FOUND_DIFFERENT
  SMALL_HEADER: CATCGGGCGGAAGCT|CONSCOUNT=2|PRCONS=IGHG|PRFREQ=1.0
  LARGE_HEADER: CATCGGGCGGAAGCT|CONSCOUNT=27|PRCONS=IGHG|PRFREQ=1.0

- TGATCGGGGCTATGT
  STATUS: IDENTICAL
  SMALL_HEADER: TGATCGGGGCTATGT|CONSCOUNT=1|PRCONS=IGHG|PRFREQ=1.0
  LARGE_HEADER: TGATCGGGGCTATGT|CONSCOUNT=1|PRCONS=IGHG|PRFREQ=1.0

- TCTGCAATTTTGAAA
  STATUS: SAME_SEQUENCE
  SMALL_HEADER: TCTGCAATTTTGAAA|CONSCOUNT=1|PRCONS=IGHA|PRFREQ=1.0
  LARGE_HEADER: TCTGCAATTTTGAAA|CONSCOUNT=4|PRCONS=IGHA|PRFREQ=1.0

- TGACAATCGCTGTGT
  STATUS: SAME_SEQUENCE
  SMALL_HEADER: TGACAATCGCTGTGT|CONSCOUNT=1|PRCONS=IGHA|PRFREQ=1.0
  LARGE_HEADER: TGACAATCGCTGTGT|CONSCOUNT=10|PRCONS=IGHA|PRFREQ=1.0

- TCTCAGGATACTTCA
  STATUS: FOUND_DIFFERENT
  SMALL_HEADER: TCTCAGGATACTTCA|CONSCOUNT=1|PRCONS=IGHA|PRFREQ=1.0
  LARGE_HEADER: TCTCAGGATACTTCA|CONSCOUNT=2|PRCONS=IGHA|PRFREQ=1.0

- TCAATGCGGGCCCGC
  STATUS: FOUND_DIFFERENT
  SMALL_HEADER: TCAATGCGGGCCCGC|CONSCOUNT=1|PRCONS=IGHG|PRFREQ=1.0
  LARGE_HEADER: TCAATGCGGGCCCGC|CONSCOUNT=35|PRCONS=IGHG|PRFREQ=1.0

- AATTTGGTTTGTAGT
  STATUS: IDENTICAL
  SMALL_HEADER: AATTTGGTTTGTAGT|CONSCOUNT=1|PRCONS=IGHA|PRFREQ=1.0
  LARGE_HEADER: AATTTGGTTTGTAGT|CONSCOUNT=1|PRCONS=IGHA|PRFREQ=1.0

- ATGGTGTAACATGAC
  STATUS: SAME_SEQUENCE
  SMALL_HEADER: ATGGTGTAACATGAC|CONSCOUNT=1|PRCONS=IGHD|PRFREQ=1.0
  LARGE_HEADER: ATGGTGTAACATGAC|CONSCOUNT=5|PRCONS=IGHD|PRFREQ=1.0

- GGCTGGGTTAATGCG
  STATUS: IDENTICAL
  SMALL_HEADER: GGCTGGGTTAATGCG|CONSCOUNT=1|PRCONS=IGHA|PRFREQ=1.0
  LARGE_HEADER: GGCTGGGTTAATGCG|CONSCOUNT=1|PRCONS=IGHA|PRFREQ=1.0

- GCTCGGGGGTCGGGA
  STATUS: IDENTICAL
  SMALL_HEADER: GCTCGGGGGTCGGGA|CONSCOUNT=1|PRCONS=IGHE|PRFREQ=1.0
  LARGE_HEADER: GCTCGGGGGTCGGGA|CONSCOUNT=1|PRCONS=IGHE|PRFREQ=1.0

- TAGTTCTGGTCGGCT
  STATUS: IDENTICAL
  SMALL_HEADER: TAGTTCTGGTCGGCT|CONSCOUNT=1|PRCONS=IGHG|PRFREQ=1.0
  LARGE_HEADER: TAGTTCTGGTCGGCT|CONSCOUNT=1|PRCONS=IGHG|PRFREQ=1.0

- TAAGCTCAGTGTCGT
  STATUS: SAME_SEQUENCE
  SMALL_HEADER: TAAGCTCAGTGTCGT|CONSCOUNT=2|PRCONS=IGHG|PRFREQ=1.0
  LARGE_HEADER: TAAGCTCAGTGTCGT|CONSCOUNT=7|PRCONS=IGHG|PRFREQ=1.0

- CGAGTTGTTGAGTAA
  STATUS: FOUND_DIFFERENT
  SMALL_HEADER: CGAGTTGTTGAGTAA|CONSCOUNT=1|PRCONS=IGHA|PRFREQ=1.0
  LARGE_HEADER: CGAGTTGTTGAGTAA|CONSCOUNT=4|PRCONS=IGHA|PRFREQ=1.0

- GAATTTGTAGTCGTT
  STATUS: SAME_SEQUENCE
  SMALL_HEADER: GAATTTGTAGTCGTT|CONSCOUNT=1|PRCONS=IGHA|PRFREQ=1.0
  LARGE_HEADER: GAATTTGTAGTCGTT|CONSCOUNT=18|PRCONS=IGHA|PRFREQ=1.0

- ATATGTTGCTGTAAC
  STATUS: SAME_SEQUENCE
  SMALL_HEADER: ATATGTTGCTGTAAC|CONSCOUNT=4|PRCONS=IGHA|PRFREQ=1.0
  LARGE_HEADER: ATATGTTGCTGTAAC|CONSCOUNT=10|PRCONS=IGHA|PRFREQ=1.0

- TTTTTTATGGAAAAT
  STATUS: IDENTICAL
  SMALL_HEADER: TTTTTTATGGAAAAT|CONSCOUNT=1|PRCONS=IGHA|PRFREQ=1.0
  LARGE_HEADER: TTTTTTATGGAAAAT|CONSCOUNT=1|PRCONS=IGHA|PRFREQ=1.0

- CGCACTTCTTCGCTA
  STATUS: FOUND_DIFFERENT
  SMALL_HEADER: CGCACTTCTTCGCTA|CONSCOUNT=1|PRCONS=IGHA|PRFREQ=1.0
  LARGE_HEADER: CGCACTTCTTCGCTA|CONSCOUNT=2|PRCONS=IGHA|PRFREQ=1.0

- AGTTGCTTCGCAAAT
  STATUS: IDENTICAL
  SMALL_HEADER: AGTTGCTTCGCAAAT|CONSCOUNT=1|PRCONS=IGHG|PRFREQ=1.0
  LARGE_HEADER: AGTTGCTTCGCAAAT|CONSCOUNT=1|PRCONS=IGHG|PRFREQ=1.0

- TATAAGCTGTACTTA
  STATUS: FOUND_DIFFERENT
  SMALL_HEADER: TATAAGCTGTACTTA|CONSCOUNT=1|PRCONS=IGHG|PRFREQ=1.0
  LARGE_HEADER: TATAAGCTGTACTTA|CONSCOUNT=2|PRCONS=IGHG|PRFREQ=1.0

- TGCTGAAACGATGAA
  STATUS: SAME_SEQUENCE
  SMALL_HEADER: TGCTGAAACGATGAA|CONSCOUNT=1|PRCONS=IGHA|PRFREQ=1.0
  LARGE_HEADER: TGCTGAAACGATGAA|CONSCOUNT=3|PRCONS=IGHA|PRFREQ=1.0

- TCCCAGTGACCTTGT
  STATUS: SAME_SEQUENCE
  SMALL_HEADER: TCCCAGTGACCTTGT|CONSCOUNT=1|PRCONS=IGHG|PRFREQ=1.0
  LARGE_HEADER: TCCCAGTGACCTTGT|CONSCOUNT=4|PRCONS=IGHG|PRFREQ=1.0

- TATCTGCTTCAGTCT
  STATUS: SAME_SEQUENCE
  SMALL_HEADER: TATCTGCTTCAGTCT|CONSCOUNT=1|PRCONS=IGHG|PRFREQ=1.0
  LARGE_HEADER: TATCTGCTTCAGTCT|CONSCOUNT=2|PRCONS=IGHG|PRFREQ=1.0

- GCCGTATCTGTAACT
  STATUS: IDENTICAL
  SMALL_HEADER: GCCGTATCTGTAACT|CONSCOUNT=1|PRCONS=IGHG|PRFREQ=1.0
  LARGE_HEADER: GCCGTATCTGTAACT|CONSCOUNT=1|PRCONS=IGHG|PRFREQ=1.0

- CACTACCATCTTGAT
  STATUS: FOUND_DIFFERENT
  SMALL_HEADER: CACTACCATCTTGAT|CONSCOUNT=1|PRCONS=IGHD|PRFREQ=1.0
  LARGE_HEADER: CACTACCATCTTGAT|CONSCOUNT=5|PRCONS=IGHD|PRFREQ=1.0

- CAATAGGGTGAGGTA
  STATUS: SAME_SEQUENCE
  SMALL_HEADER: CAATAGGGTGAGGTA|CONSCOUNT=4|PRCONS=IGHG|PRFREQ=1.0
  LARGE_HEADER: CAATAGGGTGAGGTA|CONSCOUNT=38|PRCONS=IGHG|PRFREQ=1.0

- ATACGGAGTATCGTG
  STATUS: FOUND_DIFFERENT
  SMALL_HEADER: ATACGGAGTATCGTG|CONSCOUNT=1|PRCONS=IGHA|PRFREQ=1.0
  LARGE_HEADER: ATACGGAGTATCGTG|CONSCOUNT=2|PRCONS=IGHA|PRFREQ=1.0

- TTCGATTTTACGCGA
  STATUS: SAME_SEQUENCE
  SMALL_HEADER: TTCGATTTTACGCGA|CONSCOUNT=1|PRCONS=IGHG|PRFREQ=1.0
  LARGE_HEADER: TTCGATTTTACGCGA|CONSCOUNT=18|PRCONS=IGHG|PRFREQ=1.0

- CAGAAATGACCAGTC
  STATUS: SAME_SEQUENCE
  SMALL_HEADER: CAGAAATGACCAGTC|CONSCOUNT=1|PRCONS=IGHG|PRFREQ=1.0
  LARGE_HEADER: CAGAAATGACCAGTC|CONSCOUNT=3|PRCONS=IGHG|PRFREQ=1.0

- GTATCACATATTGTC
  STATUS: IDENTICAL
  SMALL_HEADER: GTATCACATATTGTC|CONSCOUNT=1|PRCONS=IGHG|PRFREQ=1.0
  LARGE_HEADER: GTATCACATATTGTC|CONSCOUNT=1|PRCONS=IGHG|PRFREQ=1.0

- TTCAAACCTAATGGA
  STATUS: FOUND_DIFFERENT
  SMALL_HEADER: TTCAAACCTAATGGA|CONSCOUNT=1|PRCONS=IGHG|PRFREQ=1.0
  LARGE_HEADER: TTCAAACCTAATGGA|CONSCOUNT=2|PRCONS=IGHG|PRFREQ=1.0

- CAGGTAATGTTACAT
  STATUS: SAME_SEQUENCE
  SMALL_HEADER: CAGGTAATGTTACAT|CONSCOUNT=1|PRCONS=IGHG|PRFREQ=1.0
  LARGE_HEADER: CAGGTAATGTTACAT|CONSCOUNT=20|PRCONS=IGHG|PRFREQ=1.0

- TAACACGGAAAGGCT
  STATUS: FOUND_DIFFERENT
  SMALL_HEADER: TAACACGGAAAGGCT|CONSCOUNT=1|PRCONS=IGHA|PRFREQ=1.0
  LARGE_HEADER: TAACACGGAAAGGCT|CONSCOUNT=3|PRCONS=IGHA|PRFREQ=1.0

- GGCTTGGGCTGGAGG
  STATUS: SAME_SEQUENCE
  SMALL_HEADER: GGCTTGGGCTGGAGG|CONSCOUNT=1|PRCONS=IGHA|PRFREQ=1.0
  LARGE_HEADER: GGCTTGGGCTGGAGG|CONSCOUNT=102|PRCONS=IGHA|PRFREQ=1.0

- GCTGTAGTAAAAAAT
  STATUS: FOUND_DIFFERENT
  SMALL_HEADER: GCTGTAGTAAAAAAT|CONSCOUNT=1|PRCONS=IGHA|PRFREQ=1.0
  LARGE_HEADER: GCTGTAGTAAAAAAT|CONSCOUNT=5|PRCONS=IGHA|PRFREQ=1.0

- TTGTTAGTGCGGGGA
  STATUS: SAME_SEQUENCE
  SMALL_HEADER: TTGTTAGTGCGGGGA|CONSCOUNT=1|PRCONS=IGHA|PRFREQ=1.0
  LARGE_HEADER: TTGTTAGTGCGGGGA|CONSCOUNT=12|PRCONS=IGHA|PRFREQ=1.0

- ATCCTCAGGAGGAAC
  STATUS: SAME_SEQUENCE
  SMALL_HEADER: ATCCTCAGGAGGAAC|CONSCOUNT=1|PRCONS=IGHG|PRFREQ=1.0
  LARGE_HEADER: ATCCTCAGGAGGAAC|CONSCOUNT=22|PRCONS=IGHG|PRFREQ=1.0

- GTTCTGTTCTTTATA
  STATUS: SAME_SEQUENCE
  SMALL_HEADER: GTTCTGTTCTTTATA|CONSCOUNT=3|PRCONS=IGHA|PRFREQ=1.0
  LARGE_HEADER: GTTCTGTTCTTTATA|CONSCOUNT=28|PRCONS=IGHA|PRFREQ=1.0

- TACGGTCTTTATTAA
  STATUS: FOUND_DIFFERENT
  SMALL_HEADER: TACGGTCTTTATTAA|CONSCOUNT=1|PRCONS=IGHG|PRFREQ=1.0
  LARGE_HEADER: TACGGTCTTTATTAA|CONSCOUNT=3|PRCONS=IGHG|PRFREQ=1.0

- TCTTGTAGGGAGGTA
  STATUS: FOUND_DIFFERENT
  SMALL_HEADER: TCTTGTAGGGAGGTA|CONSCOUNT=1|PRCONS=IGHG|PRFREQ=1.0
  LARGE_HEADER: TCTTGTAGGGAGGTA|CONSCOUNT=5|PRCONS=IGHG|PRFREQ=1.0

- GAGTGCCTTTCTTTT
  STATUS: FOUND_DIFFERENT
  SMALL_HEADER: GAGTGCCTTTCTTTT|CONSCOUNT=1|PRCONS=IGHA|PRFREQ=1.0
  LARGE_HEADER: GAGTGCCTTTCTTTT|CONSCOUNT=5|PRCONS=IGHA|PRFREQ=1.0

- CTATGAACCTATTTT
  STATUS: SAME_SEQUENCE
  SMALL_HEADER: CTATGAACCTATTTT|CONSCOUNT=1|PRCONS=IGHG|PRFREQ=1.0
  LARGE_HEADER: CTATGAACCTATTTT|CONSCOUNT=2|PRCONS=IGHG|PRFREQ=1.0

- TGTTGTTGTGCCGTA
  STATUS: FOUND_DIFFERENT
  SMALL_HEADER: TGTTGTTGTGCCGTA|CONSCOUNT=1|PRCONS=IGHA|PRFREQ=1.0
  LARGE_HEADER: TGTTGTTGTGCCGTA|CONSCOUNT=2|PRCONS=IGHA|PRFREQ=1.0

- TCAATCAAAAGTGTC
  STATUS: IDENTICAL
  SMALL_HEADER: TCAATCAAAAGTGTC|CONSCOUNT=1|PRCONS=IGHA|PRFREQ=1.0
  LARGE_HEADER: TCAATCAAAAGTGTC|CONSCOUNT=1|PRCONS=IGHA|PRFREQ=1.0

- CGACTATCTCACATT
  STATUS: SAME_SEQUENCE
  SMALL_HEADER: CGACTATCTCACATT|CONSCOUNT=1|PRCONS=IGHA|PRFREQ=1.0
  LARGE_HEADER: CGACTATCTCACATT|CONSCOUNT=14|PRCONS=IGHA|PRFREQ=1.0

- TTAATACGTTCTGTG
  STATUS: SAME_SEQUENCE
  SMALL_HEADER: TTAATACGTTCTGTG|CONSCOUNT=1|PRCONS=IGHA|PRFREQ=1.0
  LARGE_HEADER: TTAATACGTTCTGTG|CONSCOUNT=3|PRCONS=IGHA|PRFREQ=1.0

- GTGAATCGTTGGAGG
  STATUS: SAME_SEQUENCE
  SMALL_HEADER: GTGAATCGTTGGAGG|CONSCOUNT=2|PRCONS=IGHG|PRFREQ=1.0
  LARGE_HEADER: GTGAATCGTTGGAGG|CONSCOUNT=5|PRCONS=IGHG|PRFREQ=1.0

- ACATGGAGGTGGTCC
  STATUS: SAME_SEQUENCE
  SMALL_HEADER: ACATGGAGGTGGTCC|CONSCOUNT=1|PRCONS=IGHD|PRFREQ=1.0
  LARGE_HEADER: ACATGGAGGTGGTCC|CONSCOUNT=11|PRCONS=IGHD|PRFREQ=1.0

- AGGGTTGCTTCTCTG
  STATUS: FOUND_DIFFERENT
  SMALL_HEADER: AGGGTTGCTTCTCTG|CONSCOUNT=2|PRCONS=IGHD|PRFREQ=1.0
  LARGE_HEADER: AGGGTTGCTTCTCTG|CONSCOUNT=7|PRCONS=IGHD|PRFREQ=1.0

- TGGTGCCTTGTATTC
  STATUS: IDENTICAL
  SMALL_HEADER: TGGTGCCTTGTATTC|CONSCOUNT=1|PRCONS=IGHG|PRFREQ=1.0
  LARGE_HEADER: TGGTGCCTTGTATTC|CONSCOUNT=1|PRCONS=IGHG|PRFREQ=1.0

- TTTTCTAAAGGATCT
  STATUS: FOUND_DIFFERENT
  SMALL_HEADER: TTTTCTAAAGGATCT|CONSCOUNT=1|PRCONS=IGHA|PRFREQ=1.0
  LARGE_HEADER: TTTTCTAAAGGATCT|CONSCOUNT=2|PRCONS=IGHA|PRFREQ=1.0

- CGAGTTGAGGCTTAT
  STATUS: SAME_SEQUENCE
  SMALL_HEADER: CGAGTTGAGGCTTAT|CONSCOUNT=1|PRCONS=IGHA|PRFREQ=1.0
  LARGE_HEADER: CGAGTTGAGGCTTAT|CONSCOUNT=3|PRCONS=IGHA|PRFREQ=1.0

- TCCCCGGTGGGTGAA
  STATUS: IDENTICAL
  SMALL_HEADER: TCCCCGGTGGGTGAA|CONSCOUNT=1|PRCONS=IGHG|PRFREQ=1.0
  LARGE_HEADER: TCCCCGGTGGGTGAA|CONSCOUNT=1|PRCONS=IGHG|PRFREQ=1.0

- GGACGGGGGAGTTGG
  STATUS: SAME_SEQUENCE
  SMALL_HEADER: GGACGGGGGAGTTGG|CONSCOUNT=1|PRCONS=IGHD|PRFREQ=1.0
  LARGE_HEADER: GGACGGGGGAGTTGG|CONSCOUNT=2|PRCONS=IGHD|PRFREQ=1.0

- TTAGCACGGGTATGA
  STATUS: SAME_SEQUENCE
  SMALL_HEADER: TTAGCACGGGTATGA|CONSCOUNT=1|PRCONS=IGHA|PRFREQ=1.0
  LARGE_HEADER: TTAGCACGGGTATGA|CONSCOUNT=55|PRCONS=IGHA|PRFREQ=1.0

- GTCGAGCCCATGGGA
  STATUS: IDENTICAL
  SMALL_HEADER: GTCGAGCCCATGGGA|CONSCOUNT=1|PRCONS=IGHG|PRFREQ=1.0
  LARGE_HEADER: GTCGAGCCCATGGGA|CONSCOUNT=1|PRCONS=IGHG|PRFREQ=1.0

- ACGCGGAGCGAAGGT
  STATUS: SAME_SEQUENCE
  SMALL_HEADER: ACGCGGAGCGAAGGT|CONSCOUNT=1|PRCONS=IGHA|PRFREQ=1.0
  LARGE_HEADER: ACGCGGAGCGAAGGT|CONSCOUNT=29|PRCONS=IGHA|PRFREQ=1.0

- GGATCTTTAACTGCT
  STATUS: SAME_SEQUENCE
  SMALL_HEADER: GGATCTTTAACTGCT|CONSCOUNT=1|PRCONS=IGHA|PRFREQ=1.0
  LARGE_HEADER: GGATCTTTAACTGCT|CONSCOUNT=15|PRCONS=IGHA|PRFREQ=1.0

- AAAGCTGATTGGCTG
  STATUS: FOUND_DIFFERENT
  SMALL_HEADER: AAAGCTGATTGGCTG|CONSCOUNT=1|PRCONS=IGHA|PRFREQ=1.0
  LARGE_HEADER: AAAGCTGATTGGCTG|CONSCOUNT=6|PRCONS=IGHA|PRFREQ=1.0

- TGTACCGGGTTGGTT
  STATUS: IDENTICAL
  SMALL_HEADER: TGTACCGGGTTGGTT|CONSCOUNT=1|PRCONS=IGHG|PRFREQ=1.0
  LARGE_HEADER: TGTACCGGGTTGGTT|CONSCOUNT=1|PRCONS=IGHG|PRFREQ=1.0

- TTAAGTTAGGAATTT
  STATUS: FOUND_DIFFERENT
  SMALL_HEADER: TTAAGTTAGGAATTT|CONSCOUNT=1|PRCONS=IGHD|PRFREQ=1.0
  LARGE_HEADER: TTAAGTTAGGAATTT|CONSCOUNT=2|PRCONS=IGHD|PRFREQ=1.0

- TGTACCGCTCGCATA
  STATUS: SAME_SEQUENCE
  SMALL_HEADER: TGTACCGCTCGCATA|CONSCOUNT=3|PRCONS=IGHG|PRFREQ=1.0
  LARGE_HEADER: TGTACCGCTCGCATA|CONSCOUNT=9|PRCONS=IGHG|PRFREQ=1.0

- TTCGTTTTGTACTTA
  STATUS: IDENTICAL
  SMALL_HEADER: TTCGTTTTGTACTTA|CONSCOUNT=1|PRCONS=IGHD|PRFREQ=1.0
  LARGE_HEADER: TTCGTTTTGTACTTA|CONSCOUNT=1|PRCONS=IGHD|PRFREQ=1.0

- CATGGCAAGTTTGTT
  STATUS: IDENTICAL
  SMALL_HEADER: CATGGCAAGTTTGTT|CONSCOUNT=1|PRCONS=IGHA|PRFREQ=1.0
  LARGE_HEADER: CATGGCAAGTTTGTT|CONSCOUNT=1|PRCONS=IGHA|PRFREQ=1.0

- TAGGTTAGTACACTT
  STATUS: SAME_SEQUENCE
  SMALL_HEADER: TAGGTTAGTACACTT|CONSCOUNT=3|PRCONS=IGHA|PRFREQ=1.0
  LARGE_HEADER: TAGGTTAGTACACTT|CONSCOUNT=540|PRCONS=IGHA|PRFREQ=1.0

- CTAGATGATCAGTTG
  STATUS: SAME_SEQUENCE
  SMALL_HEADER: CTAGATGATCAGTTG|CONSCOUNT=1|PRCONS=IGHG|PRFREQ=1.0
  LARGE_HEADER: CTAGATGATCAGTTG|CONSCOUNT=4|PRCONS=IGHG|PRFREQ=1.0

- GGACGCGATTTACGA
  STATUS: SAME_SEQUENCE
  SMALL_HEADER: GGACGCGATTTACGA|CONSCOUNT=2|PRCONS=IGHA|PRFREQ=1.0
  LARGE_HEADER: GGACGCGATTTACGA|CONSCOUNT=28|PRCONS=IGHA|PRFREQ=1.0

- TCACGACTCAAGACC
  STATUS: IDENTICAL
  SMALL_HEADER: TCACGACTCAAGACC|CONSCOUNT=2|PRCONS=IGHG|PRFREQ=1.0
  LARGE_HEADER: TCACGACTCAAGACC|CONSCOUNT=2|PRCONS=IGHG|PRFREQ=1.0

- CTCGTTCGGAGTATA
  STATUS: IDENTICAL
  SMALL_HEADER: CTCGTTCGGAGTATA|CONSCOUNT=1|PRCONS=IGHG|PRFREQ=1.0
  LARGE_HEADER: CTCGTTCGGAGTATA|CONSCOUNT=1|PRCONS=IGHG|PRFREQ=1.0

- TCTGCCCGCTTCGGA
  STATUS: FOUND_DIFFERENT
  SMALL_HEADER: TCTGCCCGCTTCGGA|CONSCOUNT=1|PRCONS=IGHG|PRFREQ=1.0
  LARGE_HEADER: TCTGCCCGCTTCGGA|CONSCOUNT=2|PRCONS=IGHG|PRFREQ=1.0

- TAAATCGTCGATGTT
  STATUS: IDENTICAL
  SMALL_HEADER: TAAATCGTCGATGTT|CONSCOUNT=1|PRCONS=IGHA|PRFREQ=1.0
  LARGE_HEADER: TAAATCGTCGATGTT|CONSCOUNT=1|PRCONS=IGHA|PRFREQ=1.0

- TAGGCGCGTGGACGC
  STATUS: SAME_SEQUENCE
  SMALL_HEADER: TAGGCGCGTGGACGC|CONSCOUNT=1|PRCONS=IGHA|PRFREQ=1.0
  LARGE_HEADER: TAGGCGCGTGGACGC|CONSCOUNT=5|PRCONS=IGHA|PRFREQ=1.0

- ATATCAAAGGCCCAA
  STATUS: IDENTICAL
  SMALL_HEADER: ATATCAAAGGCCCAA|CONSCOUNT=1|PRCONS=IGHG|PRFREQ=1.0
  LARGE_HEADER: ATATCAAAGGCCCAA|CONSCOUNT=1|PRCONS=IGHG|PRFREQ=1.0

- TGCCATTCTAACATT
  STATUS: IDENTICAL
  SMALL_HEADER: TGCCATTCTAACATT|CONSCOUNT=1|PRCONS=IGHG|PRFREQ=1.0
  LARGE_HEADER: TGCCATTCTAACATT|CONSCOUNT=1|PRCONS=IGHG|PRFREQ=1.0

- GAAGTCCTCATTTAT
  STATUS: IDENTICAL
  SMALL_HEADER: GAAGTCCTCATTTAT|CONSCOUNT=1|PRCONS=IGHG|PRFREQ=1.0
  LARGE_HEADER: GAAGTCCTCATTTAT|CONSCOUNT=1|PRCONS=IGHG|PRFREQ=1.0

- TTAAACGTCCAGCAT
  STATUS: IDENTICAL
  SMALL_HEADER: TTAAACGTCCAGCAT|CONSCOUNT=2|PRCONS=IGHD|PRFREQ=1.0
  LARGE_HEADER: TTAAACGTCCAGCAT|CONSCOUNT=2|PRCONS=IGHD|PRFREQ=1.0

- ACCTGACCCCCATTT
  STATUS: IDENTICAL
  SMALL_HEADER: ACCTGACCCCCATTT|CONSCOUNT=1|PRCONS=IGHD|PRFREQ=1.0
  LARGE_HEADER: ACCTGACCCCCATTT|CONSCOUNT=1|PRCONS=IGHD|PRFREQ=1.0

- GTGTGATGAAATCCG
  STATUS: FOUND_DIFFERENT
  SMALL_HEADER: GTGTGATGAAATCCG|CONSCOUNT=2|PRCONS=IGHA|PRFREQ=1.0
  LARGE_HEADER: GTGTGATGAAATCCG|CONSCOUNT=7|PRCONS=IGHA|PRFREQ=1.0

- TCAGAAAAGGGGGCT
  STATUS: SAME_SEQUENCE
  SMALL_HEADER: TCAGAAAAGGGGGCT|CONSCOUNT=1|PRCONS=IGHG|PRFREQ=1.0
  LARGE_HEADER: TCAGAAAAGGGGGCT|CONSCOUNT=5|PRCONS=IGHG|PRFREQ=1.0

- TCTCAGGTTTTGCTG
  STATUS: FOUND_DIFFERENT
  SMALL_HEADER: TCTCAGGTTTTGCTG|CONSCOUNT=1|PRCONS=IGHA|PRFREQ=1.0
  LARGE_HEADER: TCTCAGGTTTTGCTG|CONSCOUNT=9|PRCONS=IGHA|PRFREQ=1.0

- TGGGCGGACGTGTCC
  STATUS: SAME_SEQUENCE
  SMALL_HEADER: TGGGCGGACGTGTCC|CONSCOUNT=2|PRCONS=IGHG|PRFREQ=1.0
  LARGE_HEADER: TGGGCGGACGTGTCC|CONSCOUNT=5|PRCONS=IGHG|PRFREQ=1.0

- TTTCTTTATTCTACG
  STATUS: FOUND_DIFFERENT
  SMALL_HEADER: TTTCTTTATTCTACG|CONSCOUNT=1|PRCONS=IGHG|PRFREQ=1.0
  LARGE_HEADER: TTTCTTTATTCTACG|CONSCOUNT=2|PRCONS=IGHG|PRFREQ=1.0

- TTTATACCCATAGAG
  STATUS: IDENTICAL
  SMALL_HEADER: TTTATACCCATAGAG|CONSCOUNT=2|PRCONS=IGHD|PRFREQ=1.0
  LARGE_HEADER: TTTATACCCATAGAG|CONSCOUNT=2|PRCONS=IGHD|PRFREQ=1.0

- TGCCAATGTTGAATC
  STATUS: FOUND_DIFFERENT
  SMALL_HEADER: TGCCAATGTTGAATC|CONSCOUNT=1|PRCONS=IGHA|PRFREQ=1.0
  LARGE_HEADER: TGCCAATGTTGAATC|CONSCOUNT=2|PRCONS=IGHA|PRFREQ=1.0

- TCTGTAAAACAGAAA
  STATUS: SAME_SEQUENCE
  SMALL_HEADER: TCTGTAAAACAGAAA|CONSCOUNT=1|PRCONS=IGHG|PRFREQ=1.0
  LARGE_HEADER: TCTGTAAAACAGAAA|CONSCOUNT=2|PRCONS=IGHG|PRFREQ=1.0

- TGTTCGCGAATGTAT
  STATUS: SAME_SEQUENCE
  SMALL_HEADER: TGTTCGCGAATGTAT|CONSCOUNT=1|PRCONS=IGHA|PRFREQ=1.0
  LARGE_HEADER: TGTTCGCGAATGTAT|CONSCOUNT=11|PRCONS=IGHA|PRFREQ=1.0

- TGGTACAACATTAGA
  STATUS: IDENTICAL
  SMALL_HEADER: TGGTACAACATTAGA|CONSCOUNT=1|PRCONS=IGHA|PRFREQ=1.0
  LARGE_HEADER: TGGTACAACATTAGA|CONSCOUNT=1|PRCONS=IGHA|PRFREQ=1.0

- GACGGTTAATCTGTC
  STATUS: SAME_SEQUENCE
  SMALL_HEADER: GACGGTTAATCTGTC|CONSCOUNT=1|PRCONS=IGHA|PRFREQ=1.0
  LARGE_HEADER: GACGGTTAATCTGTC|CONSCOUNT=3|PRCONS=IGHA|PRFREQ=1.0

- CAAGGACGTAGTATG
  STATUS: SAME_SEQUENCE
  SMALL_HEADER: CAAGGACGTAGTATG|CONSCOUNT=1|PRCONS=IGHG|PRFREQ=1.0
  LARGE_HEADER: CAAGGACGTAGTATG|CONSCOUNT=2|PRCONS=IGHG|PRFREQ=1.0

- CGTTTGTGCATATCT
  STATUS: FOUND_DIFFERENT
  SMALL_HEADER: CGTTTGTGCATATCT|CONSCOUNT=1|PRCONS=IGHA|PRFREQ=1.0
  LARGE_HEADER: CGTTTGTGCATATCT|CONSCOUNT=2|PRCONS=IGHA|PRFREQ=1.0

- ATGGTCAGCCCATGT
  STATUS: SAME_SEQUENCE
  SMALL_HEADER: ATGGTCAGCCCATGT|CONSCOUNT=1|PRCONS=IGHA|PRFREQ=1.0
  LARGE_HEADER: ATGGTCAGCCCATGT|CONSCOUNT=117|PRCONS=IGHA|PRFREQ=1.0

- GAATAGTACTATGTA
  STATUS: SAME_SEQUENCE
  SMALL_HEADER: GAATAGTACTATGTA|CONSCOUNT=1|PRCONS=IGHA|PRFREQ=1.0
  LARGE_HEADER: GAATAGTACTATGTA|CONSCOUNT=3|PRCONS=IGHA|PRFREQ=1.0

- TGCTGAATGACTGTT
  STATUS: SAME_SEQUENCE
  SMALL_HEADER: TGCTGAATGACTGTT|CONSCOUNT=1|PRCONS=IGHG|PRFREQ=1.0
  LARGE_HEADER: TGCTGAATGACTGTT|CONSCOUNT=81|PRCONS=IGHG|PRFREQ=1.0

- TAAAAGGTTATTGTT
  STATUS: FOUND_DIFFERENT
  SMALL_HEADER: TAAAAGGTTATTGTT|CONSCOUNT=1|PRCONS=IGHA|PRFREQ=1.0
  LARGE_HEADER: TAAAAGGTTATTGTT|CONSCOUNT=2|PRCONS=IGHA|PRFREQ=1.0

- ATGTGTGCTCCAGAA
  STATUS: SAME_SEQUENCE
  SMALL_HEADER: ATGTGTGCTCCAGAA|CONSCOUNT=1|PRCONS=IGHA|PRFREQ=1.0
  LARGE_HEADER: ATGTGTGCTCCAGAA|CONSCOUNT=2|PRCONS=IGHA|PRFREQ=1.0

- CAGGCTATTGGTGTG
  STATUS: SAME_SEQUENCE
  SMALL_HEADER: CAGGCTATTGGTGTG|CONSCOUNT=1|PRCONS=IGHA|PRFREQ=1.0
  LARGE_HEADER: CAGGCTATTGGTGTG|CONSCOUNT=16|PRCONS=IGHA|PRFREQ=1.0

- ACAGGGCTAGCTTTA
  STATUS: SAME_SEQUENCE
  SMALL_HEADER: ACAGGGCTAGCTTTA|CONSCOUNT=2|PRCONS=IGHA|PRFREQ=1.0
  LARGE_HEADER: ACAGGGCTAGCTTTA|CONSCOUNT=86|PRCONS=IGHA|PRFREQ=1.0

- CGTGATGGTTGAGAA
  STATUS: SAME_SEQUENCE
  SMALL_HEADER: CGTGATGGTTGAGAA|CONSCOUNT=1|PRCONS=IGHD|PRFREQ=1.0
  LARGE_HEADER: CGTGATGGTTGAGAA|CONSCOUNT=2|PRCONS=IGHD|PRFREQ=1.0

- CAACCACAACTCTTT
  STATUS: SAME_SEQUENCE
  SMALL_HEADER: CAACCACAACTCTTT|CONSCOUNT=1|PRCONS=IGHA|PRFREQ=1.0
  LARGE_HEADER: CAACCACAACTCTTT|CONSCOUNT=2|PRCONS=IGHA|PRFREQ=1.0

- GCTGCGTTCGGAATT
  STATUS: FOUND_DIFFERENT
  SMALL_HEADER: GCTGCGTTCGGAATT|CONSCOUNT=1|PRCONS=IGHA|PRFREQ=1.0
  LARGE_HEADER: GCTGCGTTCGGAATT|CONSCOUNT=6|PRCONS=IGHA|PRFREQ=1.0

- GAAAGATCTTATTTC
  STATUS: FOUND_DIFFERENT
  SMALL_HEADER: GAAAGATCTTATTTC|CONSCOUNT=1|PRCONS=IGHG|PRFREQ=1.0
  LARGE_HEADER: GAAAGATCTTATTTC|CONSCOUNT=4|PRCONS=IGHG|PRFREQ=1.0

- GCTTACGAGTTTTGC
  STATUS: SAME_SEQUENCE
  SMALL_HEADER: GCTTACGAGTTTTGC|CONSCOUNT=3|PRCONS=IGHG|PRFREQ=1.0
  LARGE_HEADER: GCTTACGAGTTTTGC|CONSCOUNT=13|PRCONS=IGHG|PRFREQ=1.0

- CGCTCGGATGGCCGT
  STATUS: SAME_SEQUENCE
  SMALL_HEADER: CGCTCGGATGGCCGT|CONSCOUNT=1|PRCONS=IGHA|PRFREQ=1.0
  LARGE_HEADER: CGCTCGGATGGCCGT|CONSCOUNT=3|PRCONS=IGHA|PRFREQ=1.0

- GGGAGGCCACTACTT
  STATUS: SAME_SEQUENCE
  SMALL_HEADER: GGGAGGCCACTACTT|CONSCOUNT=3|PRCONS=IGHG|PRFREQ=1.0
  LARGE_HEADER: GGGAGGCCACTACTT|CONSCOUNT=62|PRCONS=IGHG|PRFREQ=1.0

- AAAATTCGTGTATAT
  STATUS: IDENTICAL
  SMALL_HEADER: AAAATTCGTGTATAT|CONSCOUNT=1|PRCONS=IGHA|PRFREQ=1.0
  LARGE_HEADER: AAAATTCGTGTATAT|CONSCOUNT=1|PRCONS=IGHA|PRFREQ=1.0

- GTATCTCCAGGTGGG
  STATUS: IDENTICAL
  SMALL_HEADER: GTATCTCCAGGTGGG|CONSCOUNT=1|PRCONS=IGHA|PRFREQ=1.0
  LARGE_HEADER: GTATCTCCAGGTGGG|CONSCOUNT=1|PRCONS=IGHA|PRFREQ=1.0

- CTTCACAGAAGTAAT
  STATUS: SAME_SEQUENCE
  SMALL_HEADER: CTTCACAGAAGTAAT|CONSCOUNT=1|PRCONS=IGHG|PRFREQ=1.0
  LARGE_HEADER: CTTCACAGAAGTAAT|CONSCOUNT=3|PRCONS=IGHG|PRFREQ=1.0

- GTAGTAAGTGTGCAC
  STATUS: FOUND_DIFFERENT
  SMALL_HEADER: GTAGTAAGTGTGCAC|CONSCOUNT=1|PRCONS=IGHG|PRFREQ=1.0
  LARGE_HEADER: GTAGTAAGTGTGCAC|CONSCOUNT=7|PRCONS=IGHG|PRFREQ=1.0

- GAAAAGCTGAGGATT
  STATUS: SAME_SEQUENCE
  SMALL_HEADER: GAAAAGCTGAGGATT|CONSCOUNT=1|PRCONS=IGHG|PRFREQ=1.0
  LARGE_HEADER: GAAAAGCTGAGGATT|CONSCOUNT=3|PRCONS=IGHG|PRFREQ=1.0

- TAACACCGCTCCCAG
  STATUS: SAME_SEQUENCE
  SMALL_HEADER: TAACACCGCTCCCAG|CONSCOUNT=1|PRCONS=IGHG|PRFREQ=1.0
  LARGE_HEADER: TAACACCGCTCCCAG|CONSCOUNT=3|PRCONS=IGHG|PRFREQ=1.0

- GGTTTGTCATGCAAT
  STATUS: IDENTICAL
  SMALL_HEADER: GGTTTGTCATGCAAT|CONSCOUNT=1|PRCONS=IGHA|PRFREQ=1.0
  LARGE_HEADER: GGTTTGTCATGCAAT|CONSCOUNT=1|PRCONS=IGHA|PRFREQ=1.0

- TGCATGGGGTTTAAA
  STATUS: SAME_SEQUENCE
  SMALL_HEADER: TGCATGGGGTTTAAA|CONSCOUNT=2|PRCONS=IGHA|PRFREQ=1.0
  LARGE_HEADER: TGCATGGGGTTTAAA|CONSCOUNT=7|PRCONS=IGHA|PRFREQ=1.0

- CGCGGTAGAGTTTAT
  STATUS: IDENTICAL
  SMALL_HEADER: CGCGGTAGAGTTTAT|CONSCOUNT=1|PRCONS=IGHA|PRFREQ=1.0
  LARGE_HEADER: CGCGGTAGAGTTTAT|CONSCOUNT=1|PRCONS=IGHA|PRFREQ=1.0

- TGGGTTCTTGCTCTT
  STATUS: SAME_SEQUENCE
  SMALL_HEADER: TGGGTTCTTGCTCTT|CONSCOUNT=1|PRCONS=IGHA|PRFREQ=1.0
  LARGE_HEADER: TGGGTTCTTGCTCTT|CONSCOUNT=11|PRCONS=IGHA|PRFREQ=1.0

- GGGTCCGGGGATATG
  STATUS: SAME_SEQUENCE
  SMALL_HEADER: GGGTCCGGGGATATG|CONSCOUNT=1|PRCONS=IGHA|PRFREQ=1.0
  LARGE_HEADER: GGGTCCGGGGATATG|CONSCOUNT=57|PRCONS=IGHA|PRFREQ=1.0

- TTTGGGCTCGTATAC
  STATUS: FOUND_DIFFERENT
  SMALL_HEADER: TTTGGGCTCGTATAC|CONSCOUNT=1|PRCONS=IGHA|PRFREQ=1.0
  LARGE_HEADER: TTTGGGCTCGTATAC|CONSCOUNT=37|PRCONS=IGHA|PRFREQ=1.0

- TGTCCACAAACGTCA
  STATUS: IDENTICAL
  SMALL_HEADER: TGTCCACAAACGTCA|CONSCOUNT=1|PRCONS=IGHG|PRFREQ=1.0
  LARGE_HEADER: TGTCCACAAACGTCA|CONSCOUNT=1|PRCONS=IGHG|PRFREQ=1.0

- GGGACGGACGGCAGA
  STATUS: SAME_SEQUENCE
  SMALL_HEADER: GGGACGGACGGCAGA|CONSCOUNT=2|PRCONS=IGHG|PRFREQ=1.0
  LARGE_HEADER: GGGACGGACGGCAGA|CONSCOUNT=4|PRCONS=IGHG|PRFREQ=1.0

- GTCCCTATGTGCGCC
  STATUS: FOUND_DIFFERENT
  SMALL_HEADER: GTCCCTATGTGCGCC|CONSCOUNT=1|PRCONS=IGHM|PRFREQ=1.0
  LARGE_HEADER: GTCCCTATGTGCGCC|CONSCOUNT=2|PRCONS=IGHM|PRFREQ=1.0

- CACCCTTGGAATCTG
  STATUS: FOUND_DIFFERENT
  SMALL_HEADER: CACCCTTGGAATCTG|CONSCOUNT=1|PRCONS=IGHD|PRFREQ=1.0
  LARGE_HEADER: CACCCTTGGAATCTG|CONSCOUNT=3|PRCONS=IGHD|PRFREQ=1.0

- TTAAATAGGATTTCA
  STATUS: IDENTICAL
  SMALL_HEADER: TTAAATAGGATTTCA|CONSCOUNT=1|PRCONS=IGHA|PRFREQ=1.0
  LARGE_HEADER: TTAAATAGGATTTCA|CONSCOUNT=1|PRCONS=IGHA|PRFREQ=1.0

- TGCACTATTTCTTAA
  STATUS: SAME_SEQUENCE
  SMALL_HEADER: TGCACTATTTCTTAA|CONSCOUNT=1|PRCONS=IGHG|PRFREQ=1.0
  LARGE_HEADER: TGCACTATTTCTTAA|CONSCOUNT=5|PRCONS=IGHG|PRFREQ=1.0

- GTAACTTACCTAATT
  STATUS: SAME_SEQUENCE
  SMALL_HEADER: GTAACTTACCTAATT|CONSCOUNT=1|PRCONS=IGHA|PRFREQ=1.0
  LARGE_HEADER: GTAACTTACCTAATT|CONSCOUNT=9|PRCONS=IGHA|PRFREQ=1.0

- AACGGTTATTCAAGT
  STATUS: IDENTICAL
  SMALL_HEADER: AACGGTTATTCAAGT|CONSCOUNT=1|PRCONS=IGHA|PRFREQ=1.0
  LARGE_HEADER: AACGGTTATTCAAGT|CONSCOUNT=1|PRCONS=IGHA|PRFREQ=1.0

- GAAAAACTCACCTTT
  STATUS: IDENTICAL
  SMALL_HEADER: GAAAAACTCACCTTT|CONSCOUNT=1|PRCONS=IGHA|PRFREQ=1.0
  LARGE_HEADER: GAAAAACTCACCTTT|CONSCOUNT=1|PRCONS=IGHA|PRFREQ=1.0

- GCAGGCAATGGAGCG
  STATUS: SAME_SEQUENCE
  SMALL_HEADER: GCAGGCAATGGAGCG|CONSCOUNT=2|PRCONS=IGHA|PRFREQ=1.0
  LARGE_HEADER: GCAGGCAATGGAGCG|CONSCOUNT=52|PRCONS=IGHA|PRFREQ=1.0

- AGAATATTGTCGTAT
  STATUS: FOUND_DIFFERENT
  SMALL_HEADER: AGAATATTGTCGTAT|CONSCOUNT=1|PRCONS=IGHA|PRFREQ=1.0
  LARGE_HEADER: AGAATATTGTCGTAT|CONSCOUNT=2|PRCONS=IGHA|PRFREQ=1.0

- TTGCTTCATTTCGTA
  STATUS: FOUND_DIFFERENT
  SMALL_HEADER: TTGCTTCATTTCGTA|CONSCOUNT=1|PRCONS=IGHG|PRFREQ=1.0
  LARGE_HEADER: TTGCTTCATTTCGTA|CONSCOUNT=6|PRCONS=IGHG|PRFREQ=1.0

- TTTTGGCATGGTCCT
  STATUS: SAME_SEQUENCE
  SMALL_HEADER: TTTTGGCATGGTCCT|CONSCOUNT=1|PRCONS=IGHA|PRFREQ=1.0
  LARGE_HEADER: TTTTGGCATGGTCCT|CONSCOUNT=44|PRCONS=IGHA|PRFREQ=1.0

- GCTGTGGGGGGACGC
  STATUS: FOUND_DIFFERENT
  SMALL_HEADER: GCTGTGGGGGGACGC|CONSCOUNT=1|PRCONS=IGHG|PRFREQ=1.0
  LARGE_HEADER: GCTGTGGGGGGACGC|CONSCOUNT=4|PRCONS=IGHG|PRFREQ=1.0

- CGGTTTAAGTAACAT
  STATUS: IDENTICAL
  SMALL_HEADER: CGGTTTAAGTAACAT|CONSCOUNT=1|PRCONS=IGHA|PRFREQ=1.0
  LARGE_HEADER: CGGTTTAAGTAACAT|CONSCOUNT=1|PRCONS=IGHA|PRFREQ=1.0

- ATCGTGCAATTGGCG
  STATUS: SAME_SEQUENCE
  SMALL_HEADER: ATCGTGCAATTGGCG|CONSCOUNT=1|PRCONS=IGHG|PRFREQ=1.0
  LARGE_HEADER: ATCGTGCAATTGGCG|CONSCOUNT=3|PRCONS=IGHG|PRFREQ=1.0

- TAAGGTACTTTTCGA
  STATUS: FOUND_DIFFERENT
  SMALL_HEADER: TAAGGTACTTTTCGA|CONSCOUNT=1|PRCONS=IGHA|PRFREQ=1.0
  LARGE_HEADER: TAAGGTACTTTTCGA|CONSCOUNT=2|PRCONS=IGHA|PRFREQ=1.0

- TGGGGTTGCGTCAGT
  STATUS: FOUND_DIFFERENT
  SMALL_HEADER: TGGGGTTGCGTCAGT|CONSCOUNT=1|PRCONS=IGHA|PRFREQ=1.0
  LARGE_HEADER: TGGGGTTGCGTCAGT|CONSCOUNT=57|PRCONS=IGHA|PRFREQ=1.0

- TTCCAGGAATGATTG
  STATUS: IDENTICAL
  SMALL_HEADER: TTCCAGGAATGATTG|CONSCOUNT=1|PRCONS=IGHA|PRFREQ=1.0
  LARGE_HEADER: TTCCAGGAATGATTG|CONSCOUNT=1|PRCONS=IGHA|PRFREQ=1.0

- CACCCTGTACAGGTT
  STATUS: FOUND_DIFFERENT
  SMALL_HEADER: CACCCTGTACAGGTT|CONSCOUNT=2|PRCONS=IGHD|PRFREQ=1.0
  LARGE_HEADER: CACCCTGTACAGGTT|CONSCOUNT=6|PRCONS=IGHD|PRFREQ=1.0

- ATTTAAAACTGAAAT
  STATUS: SAME_SEQUENCE
  SMALL_HEADER: ATTTAAAACTGAAAT|CONSCOUNT=1|PRCONS=IGHG|PRFREQ=1.0
  LARGE_HEADER: ATTTAAAACTGAAAT|CONSCOUNT=3|PRCONS=IGHG|PRFREQ=1.0

- TCAACGCAGTCTTTA
  STATUS: SAME_SEQUENCE
  SMALL_HEADER: TCAACGCAGTCTTTA|CONSCOUNT=1|PRCONS=IGHG|PRFREQ=1.0
  LARGE_HEADER: TCAACGCAGTCTTTA|CONSCOUNT=13|PRCONS=IGHG|PRFREQ=1.0

- AGTCTCACCTTTTGT
  STATUS: FOUND_DIFFERENT
  SMALL_HEADER: AGTCTCACCTTTTGT|CONSCOUNT=1|PRCONS=IGHA|PRFREQ=1.0
  LARGE_HEADER: AGTCTCACCTTTTGT|CONSCOUNT=4|PRCONS=IGHA|PRFREQ=1.0

- TACATCTTCAGGGTA
  STATUS: FOUND_DIFFERENT
  SMALL_HEADER: TACATCTTCAGGGTA|CONSCOUNT=1|PRCONS=IGHG|PRFREQ=1.0
  LARGE_HEADER: TACATCTTCAGGGTA|CONSCOUNT=3|PRCONS=IGHG|PRFREQ=1.0

- AGCACACGTCATTGG
  STATUS: SAME_SEQUENCE
  SMALL_HEADER: AGCACACGTCATTGG|CONSCOUNT=1|PRCONS=IGHA|PRFREQ=1.0
  LARGE_HEADER: AGCACACGTCATTGG|CONSCOUNT=4|PRCONS=IGHA|PRFREQ=1.0

- GGTATATCTTAGTAT
  STATUS: SAME_SEQUENCE
  SMALL_HEADER: GGTATATCTTAGTAT|CONSCOUNT=1|PRCONS=IGHA|PRFREQ=1.0
  LARGE_HEADER: GGTATATCTTAGTAT|CONSCOUNT=14|PRCONS=IGHA|PRFREQ=1.0

- CTATACTACTTAAAT
  STATUS: SAME_SEQUENCE
  SMALL_HEADER: CTATACTACTTAAAT|CONSCOUNT=1|PRCONS=IGHD|PRFREQ=1.0
  LARGE_HEADER: CTATACTACTTAAAT|CONSCOUNT=8|PRCONS=IGHD|PRFREQ=1.0

- AAGAACTCTTCAAAG
  STATUS: FOUND_DIFFERENT
  SMALL_HEADER: AAGAACTCTTCAAAG|CONSCOUNT=1|PRCONS=IGHM|PRFREQ=1.0
  LARGE_HEADER: AAGAACTCTTCAAAG|CONSCOUNT=2|PRCONS=IGHM|PRFREQ=1.0

- GAAGACATCGCGTAT
  STATUS: SAME_SEQUENCE
  SMALL_HEADER: GAAGACATCGCGTAT|CONSCOUNT=1|PRCONS=IGHA|PRFREQ=1.0
  LARGE_HEADER: GAAGACATCGCGTAT|CONSCOUNT=7|PRCONS=IGHA|PRFREQ=1.0

- TGGCATGGCTTTGAC
  STATUS: SAME_SEQUENCE
  SMALL_HEADER: TGGCATGGCTTTGAC|CONSCOUNT=1|PRCONS=IGHA|PRFREQ=1.0
  LARGE_HEADER: TGGCATGGCTTTGAC|CONSCOUNT=25|PRCONS=IGHA|PRFREQ=1.0

- TAAATGTGCCCTTTA
  STATUS: SAME_SEQUENCE
  SMALL_HEADER: TAAATGTGCCCTTTA|CONSCOUNT=1|PRCONS=IGHA|PRFREQ=1.0
  LARGE_HEADER: TAAATGTGCCCTTTA|CONSCOUNT=7|PRCONS=IGHA|PRFREQ=1.0

- CGGGGGGGGGCGCCG
  STATUS: IDENTICAL
  SMALL_HEADER: CGGGGGGGGGCGCCG|CONSCOUNT=1|PRCONS=IGHA|PRFREQ=1.0
  LARGE_HEADER: CGGGGGGGGGCGCCG|CONSCOUNT=1|PRCONS=IGHA|PRFREQ=1.0

- CGAGGCGAATAGCTG
  STATUS: SAME_SEQUENCE
  SMALL_HEADER: CGAGGCGAATAGCTG|CONSCOUNT=1|PRCONS=IGHA|PRFREQ=1.0
  LARGE_HEADER: CGAGGCGAATAGCTG|CONSCOUNT=3|PRCONS=IGHA|PRFREQ=1.0

- AGCGCCACTCAACTT
  STATUS: FOUND_DIFFERENT
  SMALL_HEADER: AGCGCCACTCAACTT|CONSCOUNT=1|PRCONS=IGHA|PRFREQ=1.0
  LARGE_HEADER: AGCGCCACTCAACTT|CONSCOUNT=2|PRCONS=IGHA|PRFREQ=1.0

- CGAAAACATTCTAGG
  STATUS: SAME_SEQUENCE
  SMALL_HEADER: CGAAAACATTCTAGG|CONSCOUNT=1|PRCONS=IGHA|PRFREQ=1.0
  LARGE_HEADER: CGAAAACATTCTAGG|CONSCOUNT=14|PRCONS=IGHA|PRFREQ=1.0

- ATCTGCTTGTAACTT
  STATUS: IDENTICAL
  SMALL_HEADER: ATCTGCTTGTAACTT|CONSCOUNT=1|PRCONS=IGHG|PRFREQ=1.0
  LARGE_HEADER: ATCTGCTTGTAACTT|CONSCOUNT=1|PRCONS=IGHG|PRFREQ=1.0

- GGACCGTGCCATACG
  STATUS: IDENTICAL
  SMALL_HEADER: GGACCGTGCCATACG|CONSCOUNT=1|PRCONS=IGHM|PRFREQ=1.0
  LARGE_HEADER: GGACCGTGCCATACG|CONSCOUNT=1|PRCONS=IGHM|PRFREQ=1.0

- ACCTTCGGCGTTGTA
  STATUS: SAME_SEQUENCE
  SMALL_HEADER: ACCTTCGGCGTTGTA|CONSCOUNT=1|PRCONS=IGHG|PRFREQ=1.0
  LARGE_HEADER: ACCTTCGGCGTTGTA|CONSCOUNT=4|PRCONS=IGHG|PRFREQ=1.0

- AAGCATATTTCTGCT
  STATUS: SAME_SEQUENCE
  SMALL_HEADER: AAGCATATTTCTGCT|CONSCOUNT=1|PRCONS=IGHA|PRFREQ=1.0
  LARGE_HEADER: AAGCATATTTCTGCT|CONSCOUNT=3|PRCONS=IGHA|PRFREQ=1.0

- TGGCGTAGTGGCTGG
  STATUS: IDENTICAL
  SMALL_HEADER: TGGCGTAGTGGCTGG|CONSCOUNT=1|PRCONS=IGHG|PRFREQ=1.0
  LARGE_HEADER: TGGCGTAGTGGCTGG|CONSCOUNT=1|PRCONS=IGHG|PRFREQ=1.0

- CTTACTTAGGGGGGC
  STATUS: SAME_SEQUENCE
  SMALL_HEADER: CTTACTTAGGGGGGC|CONSCOUNT=1|PRCONS=IGHA|PRFREQ=1.0
  LARGE_HEADER: CTTACTTAGGGGGGC|CONSCOUNT=3|PRCONS=IGHA|PRFREQ=1.0

- CTTCGCATAGTGAAA
  STATUS: IDENTICAL
  SMALL_HEADER: CTTCGCATAGTGAAA|CONSCOUNT=1|PRCONS=IGHA|PRFREQ=1.0
  LARGE_HEADER: CTTCGCATAGTGAAA|CONSCOUNT=1|PRCONS=IGHA|PRFREQ=1.0

- GGAAATCAACACATA
  STATUS: FOUND_DIFFERENT
  SMALL_HEADER: GGAAATCAACACATA|CONSCOUNT=1|PRCONS=IGHD|PRFREQ=1.0
  LARGE_HEADER: GGAAATCAACACATA|CONSCOUNT=2|PRCONS=IGHD|PRFREQ=1.0

- CGAGTGTTACAGTGT
  STATUS: FOUND_DIFFERENT
  SMALL_HEADER: CGAGTGTTACAGTGT|CONSCOUNT=2|PRCONS=IGHA|PRFREQ=1.0
  LARGE_HEADER: CGAGTGTTACAGTGT|CONSCOUNT=7|PRCONS=IGHA|PRFREQ=1.0

- TGATGGTCATGTGGG
  STATUS: FOUND_DIFFERENT
  SMALL_HEADER: TGATGGTCATGTGGG|CONSCOUNT=2|PRCONS=IGHA|PRFREQ=1.0
  LARGE_HEADER: TGATGGTCATGTGGG|CONSCOUNT=18|PRCONS=IGHA|PRFREQ=1.0

- ACAAAGATTCTTGGT
  STATUS: SAME_SEQUENCE
  SMALL_HEADER: ACAAAGATTCTTGGT|CONSCOUNT=1|PRCONS=IGHA|PRFREQ=1.0
  LARGE_HEADER: ACAAAGATTCTTGGT|CONSCOUNT=11|PRCONS=IGHA|PRFREQ=1.0

- GAACAGAAGGCAAGT
  STATUS: SAME_SEQUENCE
  SMALL_HEADER: GAACAGAAGGCAAGT|CONSCOUNT=1|PRCONS=IGHG|PRFREQ=1.0
  LARGE_HEADER: GAACAGAAGGCAAGT|CONSCOUNT=2|PRCONS=IGHG|PRFREQ=1.0

- GACGATTAGTTAATA
  STATUS: IDENTICAL
  SMALL_HEADER: GACGATTAGTTAATA|CONSCOUNT=1|PRCONS=IGHA|PRFREQ=1.0
  LARGE_HEADER: GACGATTAGTTAATA|CONSCOUNT=1|PRCONS=IGHA|PRFREQ=1.0

- GGAAGGAGCTCGTCC
  STATUS: FOUND_DIFFERENT
  SMALL_HEADER: GGAAGGAGCTCGTCC|CONSCOUNT=1|PRCONS=IGHA|PRFREQ=1.0
  LARGE_HEADER: GGAAGGAGCTCGTCC|CONSCOUNT=2|PRCONS=IGHA|PRFREQ=1.0

- TGATCTAATGTGTTA
  STATUS: IDENTICAL
  SMALL_HEADER: TGATCTAATGTGTTA|CONSCOUNT=1|PRCONS=IGHA|PRFREQ=1.0
  LARGE_HEADER: TGATCTAATGTGTTA|CONSCOUNT=1|PRCONS=IGHA|PRFREQ=1.0

- CAAAGAAGGTTTAGC
  STATUS: IDENTICAL
  SMALL_HEADER: CAAAGAAGGTTTAGC|CONSCOUNT=1|PRCONS=IGHG|PRFREQ=1.0
  LARGE_HEADER: CAAAGAAGGTTTAGC|CONSCOUNT=1|PRCONS=IGHG|PRFREQ=1.0

- GCAGCGAAAGCTAAA
  STATUS: FOUND_DIFFERENT
  SMALL_HEADER: GCAGCGAAAGCTAAA|CONSCOUNT=1|PRCONS=IGHA|PRFREQ=1.0
  LARGE_HEADER: GCAGCGAAAGCTAAA|CONSCOUNT=5|PRCONS=IGHA|PRFREQ=1.0

- ATACTTCTGACGCAT
  STATUS: IDENTICAL
  SMALL_HEADER: ATACTTCTGACGCAT|CONSCOUNT=1|PRCONS=IGHA|PRFREQ=1.0
  LARGE_HEADER: ATACTTCTGACGCAT|CONSCOUNT=1|PRCONS=IGHA|PRFREQ=1.0

- ATAGTAATTTTATCA
  STATUS: IDENTICAL
  SMALL_HEADER: ATAGTAATTTTATCA|CONSCOUNT=1|PRCONS=IGHA|PRFREQ=1.0
  LARGE_HEADER: ATAGTAATTTTATCA|CONSCOUNT=1|PRCONS=IGHA|PRFREQ=1.0

- CCAACAGTACTTTAT
  STATUS: FOUND_DIFFERENT
  SMALL_HEADER: CCAACAGTACTTTAT|CONSCOUNT=1|PRCONS=IGHA|PRFREQ=1.0
  LARGE_HEADER: CCAACAGTACTTTAT|CONSCOUNT=4|PRCONS=IGHA|PRFREQ=1.0

- GCGTATTTTCATGTC
  STATUS: FOUND_DIFFERENT
  SMALL_HEADER: GCGTATTTTCATGTC|CONSCOUNT=1|PRCONS=IGHD|PRFREQ=1.0
  LARGE_HEADER: GCGTATTTTCATGTC|CONSCOUNT=4|PRCONS=IGHD|PRFREQ=1.0

- GAGCTGGTTTTAAGA
  STATUS: IDENTICAL
  SMALL_HEADER: GAGCTGGTTTTAAGA|CONSCOUNT=1|PRCONS=IGHE|PRFREQ=1.0
  LARGE_HEADER: GAGCTGGTTTTAAGA|CONSCOUNT=1|PRCONS=IGHE|PRFREQ=1.0

- GGGCCTGTTGTGTGA
  STATUS: SAME_SEQUENCE
  SMALL_HEADER: GGGCCTGTTGTGTGA|CONSCOUNT=1|PRCONS=IGHE|PRFREQ=1.0
  LARGE_HEADER: GGGCCTGTTGTGTGA|CONSCOUNT=40|PRCONS=IGHE|PRFREQ=1.0

- GTTCGGGTCGGTGGT
  STATUS: SAME_SEQUENCE
  SMALL_HEADER: GTTCGGGTCGGTGGT|CONSCOUNT=2|PRCONS=IGHA|PRFREQ=1.0
  LARGE_HEADER: GTTCGGGTCGGTGGT|CONSCOUNT=10|PRCONS=IGHA|PRFREQ=1.0

- CACATTCCAGAATTG
  STATUS: SAME_SEQUENCE
  SMALL_HEADER: CACATTCCAGAATTG|CONSCOUNT=1|PRCONS=IGHG|PRFREQ=1.0
  LARGE_HEADER: CACATTCCAGAATTG|CONSCOUNT=3|PRCONS=IGHG|PRFREQ=1.0

- CGAGGAAGTTTTTTA
  STATUS: FOUND_DIFFERENT
  SMALL_HEADER: CGAGGAAGTTTTTTA|CONSCOUNT=1|PRCONS=IGHE|PRFREQ=1.0
  LARGE_HEADER: CGAGGAAGTTTTTTA|CONSCOUNT=11|PRCONS=IGHE|PRFREQ=1.0

- GTGGGGAGGGGGCGG
  STATUS: SAME_SEQUENCE
  SMALL_HEADER: GTGGGGAGGGGGCGG|CONSCOUNT=1|PRCONS=IGHG|PRFREQ=1.0
  LARGE_HEADER: GTGGGGAGGGGGCGG|CONSCOUNT=2|PRCONS=IGHG|PRFREQ=1.0

- ATCGGATCGTTGTCC
  STATUS: SAME_SEQUENCE
  SMALL_HEADER: ATCGGATCGTTGTCC|CONSCOUNT=1|PRCONS=IGHA|PRFREQ=1.0
  LARGE_HEADER: ATCGGATCGTTGTCC|CONSCOUNT=4|PRCONS=IGHA|PRFREQ=1.0

- CGTACACTACTTGTA
  STATUS: FOUND_DIFFERENT
  SMALL_HEADER: CGTACACTACTTGTA|CONSCOUNT=1|PRCONS=IGHA|PRFREQ=1.0
  LARGE_HEADER: CGTACACTACTTGTA|CONSCOUNT=2|PRCONS=IGHA|PRFREQ=1.0

- GATACTTTCTTATGA
  STATUS: FOUND_DIFFERENT
  SMALL_HEADER: GATACTTTCTTATGA|CONSCOUNT=1|PRCONS=IGHA|PRFREQ=1.0
  LARGE_HEADER: GATACTTTCTTATGA|CONSCOUNT=3|PRCONS=IGHA|PRFREQ=1.0

- GTTCGATAAACGATA
  STATUS: IDENTICAL
  SMALL_HEADER: GTTCGATAAACGATA|CONSCOUNT=1|PRCONS=IGHA|PRFREQ=1.0
  LARGE_HEADER: GTTCGATAAACGATA|CONSCOUNT=1|PRCONS=IGHA|PRFREQ=1.0

- TCGACTTATAATACA
  STATUS: SAME_SEQUENCE
  SMALL_HEADER: TCGACTTATAATACA|CONSCOUNT=1|PRCONS=IGHA|PRFREQ=1.0
  LARGE_HEADER: TCGACTTATAATACA|CONSCOUNT=3|PRCONS=IGHA|PRFREQ=1.0

- AGATTAGGTGACTAA
  STATUS: SAME_SEQUENCE
  SMALL_HEADER: AGATTAGGTGACTAA|CONSCOUNT=1|PRCONS=IGHA|PRFREQ=1.0
  LARGE_HEADER: AGATTAGGTGACTAA|CONSCOUNT=5|PRCONS=IGHA|PRFREQ=1.0

- TTAACATGGATCGGA
  STATUS: IDENTICAL
  SMALL_HEADER: TTAACATGGATCGGA|CONSCOUNT=1|PRCONS=IGHA|PRFREQ=1.0
  LARGE_HEADER: TTAACATGGATCGGA|CONSCOUNT=1|PRCONS=IGHA|PRFREQ=1.0

- GCTGTATAAAAAAAA
  STATUS: SAME_SEQUENCE
  SMALL_HEADER: GCTGTATAAAAAAAA|CONSCOUNT=1|PRCONS=IGHA|PRFREQ=1.0
  LARGE_HEADER: GCTGTATAAAAAAAA|CONSCOUNT=17|PRCONS=IGHA|PRFREQ=1.0

- TCATGGTGGGGAAGG
  STATUS: SAME_SEQUENCE
  SMALL_HEADER: TCATGGTGGGGAAGG|CONSCOUNT=1|PRCONS=IGHA|PRFREQ=1.0
  LARGE_HEADER: TCATGGTGGGGAAGG|CONSCOUNT=4|PRCONS=IGHA|PRFREQ=1.0

- TTTCATGCGCCTTTG
  STATUS: FOUND_DIFFERENT
  SMALL_HEADER: TTTCATGCGCCTTTG|CONSCOUNT=1|PRCONS=IGHA|PRFREQ=1.0
  LARGE_HEADER: TTTCATGCGCCTTTG|CONSCOUNT=3|PRCONS=IGHA|PRFREQ=1.0

- ATTCCCACGTCTCTT
  STATUS: FOUND_DIFFERENT
  SMALL_HEADER: ATTCCCACGTCTCTT|CONSCOUNT=1|PRCONS=IGHD|PRFREQ=1.0
  LARGE_HEADER: ATTCCCACGTCTCTT|CONSCOUNT=2|PRCONS=IGHD|PRFREQ=1.0

- GTTTGCGAAGTTTGC
  STATUS: IDENTICAL
  SMALL_HEADER: GTTTGCGAAGTTTGC|CONSCOUNT=1|PRCONS=IGHA|PRFREQ=1.0
  LARGE_HEADER: GTTTGCGAAGTTTGC|CONSCOUNT=1|PRCONS=IGHA|PRFREQ=1.0

- TTTTTCTTCGATGCT
  STATUS: IDENTICAL
  SMALL_HEADER: TTTTTCTTCGATGCT|CONSCOUNT=1|PRCONS=IGHG|PRFREQ=1.0
  LARGE_HEADER: TTTTTCTTCGATGCT|CONSCOUNT=1|PRCONS=IGHG|PRFREQ=1.0

- AGGGGTCAAGCTGCG
  STATUS: SAME_SEQUENCE
  SMALL_HEADER: AGGGGTCAAGCTGCG|CONSCOUNT=1|PRCONS=IGHA|PRFREQ=1.0
  LARGE_HEADER: AGGGGTCAAGCTGCG|CONSCOUNT=8|PRCONS=IGHA|PRFREQ=1.0

- TCTGCCGTCCCATTC
  STATUS: FOUND_DIFFERENT
  SMALL_HEADER: TCTGCCGTCCCATTC|CONSCOUNT=1|PRCONS=IGHA|PRFREQ=1.0
  LARGE_HEADER: TCTGCCGTCCCATTC|CONSCOUNT=2|PRCONS=IGHA|PRFREQ=1.0

- CTGGAGGGTGGAAGC
  STATUS: IDENTICAL
  SMALL_HEADER: CTGGAGGGTGGAAGC|CONSCOUNT=1|PRCONS=IGHG|PRFREQ=1.0
  LARGE_HEADER: CTGGAGGGTGGAAGC|CONSCOUNT=1|PRCONS=IGHG|PRFREQ=1.0

- GTCCTCACAGGATCG
  STATUS: SAME_SEQUENCE
  SMALL_HEADER: GTCCTCACAGGATCG|CONSCOUNT=1|PRCONS=IGHA|PRFREQ=1.0
  LARGE_HEADER: GTCCTCACAGGATCG|CONSCOUNT=15|PRCONS=IGHA|PRFREQ=1.0

- TTTACTTGGGGCATG
  STATUS: IDENTICAL
  SMALL_HEADER: TTTACTTGGGGCATG|CONSCOUNT=1|PRCONS=IGHG|PRFREQ=1.0
  LARGE_HEADER: TTTACTTGGGGCATG|CONSCOUNT=1|PRCONS=IGHG|PRFREQ=1.0

- ATCACACGGATTAAA
  STATUS: SAME_SEQUENCE
  SMALL_HEADER: ATCACACGGATTAAA|CONSCOUNT=1|PRCONS=IGHA|PRFREQ=1.0
  LARGE_HEADER: ATCACACGGATTAAA|CONSCOUNT=18|PRCONS=IGHA|PRFREQ=1.0

- TGGCGAGGGGGGAAC
  STATUS: SAME_SEQUENCE
  SMALL_HEADER: TGGCGAGGGGGGAAC|CONSCOUNT=1|PRCONS=IGHE|PRFREQ=1.0
  LARGE_HEADER: TGGCGAGGGGGGAAC|CONSCOUNT=2|PRCONS=IGHE|PRFREQ=1.0

- TTCACCATAGTATTT
  STATUS: SAME_SEQUENCE
  SMALL_HEADER: TTCACCATAGTATTT|CONSCOUNT=1|PRCONS=IGHG|PRFREQ=1.0
  LARGE_HEADER: TTCACCATAGTATTT|CONSCOUNT=3|PRCONS=IGHG|PRFREQ=1.0

- TTCGGATTTAAAGGG
  STATUS: SAME_SEQUENCE
  SMALL_HEADER: TTCGGATTTAAAGGG|CONSCOUNT=1|PRCONS=IGHG|PRFREQ=1.0
  LARGE_HEADER: TTCGGATTTAAAGGG|CONSCOUNT=3|PRCONS=IGHG|PRFREQ=1.0

- ATTAGGGACTACGAT
  STATUS: IDENTICAL
  SMALL_HEADER: ATTAGGGACTACGAT|CONSCOUNT=1|PRCONS=IGHA|PRFREQ=1.0
  LARGE_HEADER: ATTAGGGACTACGAT|CONSCOUNT=1|PRCONS=IGHA|PRFREQ=1.0

- AGAGGTATGGAACAA
  STATUS: FOUND_DIFFERENT
  SMALL_HEADER: AGAGGTATGGAACAA|CONSCOUNT=1|PRCONS=IGHA|PRFREQ=1.0
  LARGE_HEADER: AGAGGTATGGAACAA|CONSCOUNT=4|PRCONS=IGHA|PRFREQ=1.0

- CACCAAACCATTGAC
  STATUS: IDENTICAL
  SMALL_HEADER: CACCAAACCATTGAC|CONSCOUNT=1|PRCONS=IGHD|PRFREQ=1.0
  LARGE_HEADER: CACCAAACCATTGAC|CONSCOUNT=1|PRCONS=IGHD|PRFREQ=1.0

- TGGTAAATCGAGATT
  STATUS: FOUND_DIFFERENT
  SMALL_HEADER: TGGTAAATCGAGATT|CONSCOUNT=1|PRCONS=IGHG|PRFREQ=1.0
  LARGE_HEADER: TGGTAAATCGAGATT|CONSCOUNT=2|PRCONS=IGHG|PRFREQ=1.0

- ACTATAACAAAATTA
  STATUS: IDENTICAL
  SMALL_HEADER: ACTATAACAAAATTA|CONSCOUNT=1|PRCONS=IGHA|PRFREQ=1.0
  LARGE_HEADER: ACTATAACAAAATTA|CONSCOUNT=1|PRCONS=IGHA|PRFREQ=1.0

- GGGCTGGTTGTACTG
  STATUS: IDENTICAL
  SMALL_HEADER: GGGCTGGTTGTACTG|CONSCOUNT=1|PRCONS=IGHA|PRFREQ=1.0
  LARGE_HEADER: GGGCTGGTTGTACTG|CONSCOUNT=1|PRCONS=IGHA|PRFREQ=1.0

- TCTTGTGGACTGTGA
  STATUS: IDENTICAL
  SMALL_HEADER: TCTTGTGGACTGTGA|CONSCOUNT=1|PRCONS=IGHG|PRFREQ=1.0
  LARGE_HEADER: TCTTGTGGACTGTGA|CONSCOUNT=1|PRCONS=IGHG|PRFREQ=1.0

- GTACAAGTTCCGATT
  STATUS: SAME_SEQUENCE
  SMALL_HEADER: GTACAAGTTCCGATT|CONSCOUNT=1|PRCONS=IGHA|PRFREQ=1.0
  LARGE_HEADER: GTACAAGTTCCGATT|CONSCOUNT=2|PRCONS=IGHA|PRFREQ=1.0

- TCCTTCCTTTTGATA
  STATUS: SAME_SEQUENCE
  SMALL_HEADER: TCCTTCCTTTTGATA|CONSCOUNT=1|PRCONS=IGHA|PRFREQ=1.0
  LARGE_HEADER: TCCTTCCTTTTGATA|CONSCOUNT=4|PRCONS=IGHA|PRFREQ=1.0

- TGGGACCTCATGATT
  STATUS: SAME_SEQUENCE
  SMALL_HEADER: TGGGACCTCATGATT|CONSCOUNT=1|PRCONS=IGHD|PRFREQ=1.0
  LARGE_HEADER: TGGGACCTCATGATT|CONSCOUNT=5|PRCONS=IGHD|PRFREQ=1.0

- TCGCAGCTAAACGAA
  STATUS: IDENTICAL
  SMALL_HEADER: TCGCAGCTAAACGAA|CONSCOUNT=1|PRCONS=IGHA|PRFREQ=1.0
  LARGE_HEADER: TCGCAGCTAAACGAA|CONSCOUNT=1|PRCONS=IGHA|PRFREQ=1.0

- TTTCTTTCTGGTCTT
  STATUS: FOUND_DIFFERENT
  SMALL_HEADER: TTTCTTTCTGGTCTT|CONSCOUNT=1|PRCONS=IGHA|PRFREQ=1.0
  LARGE_HEADER: TTTCTTTCTGGTCTT|CONSCOUNT=3|PRCONS=IGHA|PRFREQ=1.0

- CGCGCGGCGGAACGG
  STATUS: SAME_SEQUENCE
  SMALL_HEADER: CGCGCGGCGGAACGG|CONSCOUNT=1|PRCONS=IGHG|PRFREQ=1.0
  LARGE_HEADER: CGCGCGGCGGAACGG|CONSCOUNT=4|PRCONS=IGHG|PRFREQ=1.0

- GTGAAGTCGCGAGTG
  STATUS: SAME_SEQUENCE
  SMALL_HEADER: GTGAAGTCGCGAGTG|CONSCOUNT=1|PRCONS=IGHG|PRFREQ=1.0
  LARGE_HEADER: GTGAAGTCGCGAGTG|CONSCOUNT=5|PRCONS=IGHG|PRFREQ=1.0

- GCGCCGTCGGACCCG
  STATUS: SAME_SEQUENCE
  SMALL_HEADER: GCGCCGTCGGACCCG|CONSCOUNT=1|PRCONS=IGHG|PRFREQ=1.0
  LARGE_HEADER: GCGCCGTCGGACCCG|CONSCOUNT=3|PRCONS=IGHG|PRFREQ=1.0

- ACGATATGGAGTGTT
  STATUS: SAME_SEQUENCE
  SMALL_HEADER: ACGATATGGAGTGTT|CONSCOUNT=1|PRCONS=IGHA|PRFREQ=1.0
  LARGE_HEADER: ACGATATGGAGTGTT|CONSCOUNT=3|PRCONS=IGHA|PRFREQ=1.0

- CGTACTTTTTTTACT
  STATUS: SAME_SEQUENCE
  SMALL_HEADER: CGTACTTTTTTTACT|CONSCOUNT=1|PRCONS=IGHA|PRFREQ=1.0
  LARGE_HEADER: CGTACTTTTTTTACT|CONSCOUNT=2|PRCONS=IGHA|PRFREQ=1.0

- TACAGCTAAATACTA
  STATUS: FOUND_DIFFERENT
  SMALL_HEADER: TACAGCTAAATACTA|CONSCOUNT=2|PRCONS=IGHG|PRFREQ=1.0
  LARGE_HEADER: TACAGCTAAATACTA|CONSCOUNT=17|PRCONS=IGHG|PRFREQ=1.0

- ACGAATCTAGAGTAT
  STATUS: IDENTICAL
  SMALL_HEADER: ACGAATCTAGAGTAT|CONSCOUNT=1|PRCONS=IGHA|PRFREQ=1.0
  LARGE_HEADER: ACGAATCTAGAGTAT|CONSCOUNT=1|PRCONS=IGHA|PRFREQ=1.0

- AGAAAGCAGTACGGT
  STATUS: SAME_SEQUENCE
  SMALL_HEADER: AGAAAGCAGTACGGT|CONSCOUNT=1|PRCONS=IGHG|PRFREQ=1.0
  LARGE_HEADER: AGAAAGCAGTACGGT|CONSCOUNT=2|PRCONS=IGHG|PRFREQ=1.0

- CACAGTAGGTCTTCG
  STATUS: SAME_SEQUENCE
  SMALL_HEADER: CACAGTAGGTCTTCG|CONSCOUNT=1|PRCONS=IGHG|PRFREQ=1.0
  LARGE_HEADER: CACAGTAGGTCTTCG|CONSCOUNT=5|PRCONS=IGHG|PRFREQ=1.0

- TCGGTACAGATTAAC
  STATUS: IDENTICAL
  SMALL_HEADER: TCGGTACAGATTAAC|CONSCOUNT=1|PRCONS=IGHD|PRFREQ=1.0
  LARGE_HEADER: TCGGTACAGATTAAC|CONSCOUNT=1|PRCONS=IGHD|PRFREQ=1.0

- GTTTGGGTATCTTGG
  STATUS: SAME_SEQUENCE
  SMALL_HEADER: GTTTGGGTATCTTGG|CONSCOUNT=1|PRCONS=IGHA|PRFREQ=1.0
  LARGE_HEADER: GTTTGGGTATCTTGG|CONSCOUNT=5|PRCONS=IGHA|PRFREQ=1.0

- GGCGAAGGGGGGCGG
  STATUS: SAME_SEQUENCE
  SMALL_HEADER: GGCGAAGGGGGGCGG|CONSCOUNT=1|PRCONS=IGHA|PRFREQ=1.0
  LARGE_HEADER: GGCGAAGGGGGGCGG|CONSCOUNT=13|PRCONS=IGHA|PRFREQ=1.0

- ACAAGGTTGTTATAT
  STATUS: IDENTICAL
  SMALL_HEADER: ACAAGGTTGTTATAT|CONSCOUNT=1|PRCONS=IGHA|PRFREQ=1.0
  LARGE_HEADER: ACAAGGTTGTTATAT|CONSCOUNT=1|PRCONS=IGHA|PRFREQ=1.0

- CTCTTAAGCCCTATA
  STATUS: FOUND_DIFFERENT
  SMALL_HEADER: CTCTTAAGCCCTATA|CONSCOUNT=1|PRCONS=IGHA|PRFREQ=1.0
  LARGE_HEADER: CTCTTAAGCCCTATA|CONSCOUNT=2|PRCONS=IGHA|PRFREQ=1.0

- GTTTGGCGAAGGCTG
  STATUS: FOUND_DIFFERENT
  SMALL_HEADER: GTTTGGCGAAGGCTG|CONSCOUNT=1|PRCONS=IGHG|PRFREQ=1.0
  LARGE_HEADER: GTTTGGCGAAGGCTG|CONSCOUNT=30|PRCONS=IGHG|PRFREQ=1.0

- AGCATGAGCGTGCGA
  STATUS: SAME_SEQUENCE
  SMALL_HEADER: AGCATGAGCGTGCGA|CONSCOUNT=1|PRCONS=IGHA|PRFREQ=1.0
  LARGE_HEADER: AGCATGAGCGTGCGA|CONSCOUNT=2|PRCONS=IGHA|PRFREQ=1.0

- CCGATGGCGTCATTG
  STATUS: SAME_SEQUENCE
  SMALL_HEADER: CCGATGGCGTCATTG|CONSCOUNT=1|PRCONS=IGHG|PRFREQ=1.0
  LARGE_HEADER: CCGATGGCGTCATTG|CONSCOUNT=3|PRCONS=IGHG|PRFREQ=1.0

- GATTCGTCCTTAATA
  STATUS: SAME_SEQUENCE
  SMALL_HEADER: GATTCGTCCTTAATA|CONSCOUNT=1|PRCONS=IGHA|PRFREQ=1.0
  LARGE_HEADER: GATTCGTCCTTAATA|CONSCOUNT=142|PRCONS=IGHA|PRFREQ=1.0

- TGTTCAGTTGTAATC
  STATUS: SAME_SEQUENCE
  SMALL_HEADER: TGTTCAGTTGTAATC|CONSCOUNT=2|PRCONS=IGHD|PRFREQ=1.0
  LARGE_HEADER: TGTTCAGTTGTAATC|CONSCOUNT=7|PRCONS=IGHD|PRFREQ=1.0

- AGGGGGGGCGATGAC
  STATUS: SAME_SEQUENCE
  SMALL_HEADER: AGGGGGGGCGATGAC|CONSCOUNT=1|PRCONS=IGHG|PRFREQ=1.0
  LARGE_HEADER: AGGGGGGGCGATGAC|CONSCOUNT=13|PRCONS=IGHG|PRFREQ=1.0

- CCATTTGTTTTACAT
  STATUS: SAME_SEQUENCE
  SMALL_HEADER: CCATTTGTTTTACAT|CONSCOUNT=1|PRCONS=IGHG|PRFREQ=1.0
  LARGE_HEADER: CCATTTGTTTTACAT|CONSCOUNT=3|PRCONS=IGHG|PRFREQ=1.0

- GCAACTTAAGTTGTA
  STATUS: FOUND_DIFFERENT
  SMALL_HEADER: GCAACTTAAGTTGTA|CONSCOUNT=1|PRCONS=IGHA|PRFREQ=1.0
  LARGE_HEADER: GCAACTTAAGTTGTA|CONSCOUNT=3|PRCONS=IGHA|PRFREQ=1.0

- CGGGCGATTGCATGT
  STATUS: SAME_SEQUENCE
  SMALL_HEADER: CGGGCGATTGCATGT|CONSCOUNT=1|PRCONS=IGHG|PRFREQ=1.0
  LARGE_HEADER: CGGGCGATTGCATGT|CONSCOUNT=13|PRCONS=IGHG|PRFREQ=1.0

- TTATGCCGTGGTCTA
  STATUS: SAME_SEQUENCE
  SMALL_HEADER: TTATGCCGTGGTCTA|CONSCOUNT=1|PRCONS=IGHG|PRFREQ=1.0
  LARGE_HEADER: TTATGCCGTGGTCTA|CONSCOUNT=6|PRCONS=IGHG|PRFREQ=1.0

- GATACATCCCTGATC
  STATUS: IDENTICAL
  SMALL_HEADER: GATACATCCCTGATC|CONSCOUNT=1|PRCONS=IGHG|PRFREQ=1.0
  LARGE_HEADER: GATACATCCCTGATC|CONSCOUNT=1|PRCONS=IGHG|PRFREQ=1.0

- TTTGTAACGGTGGGT
  STATUS: IDENTICAL
  SMALL_HEADER: TTTGTAACGGTGGGT|CONSCOUNT=1|PRCONS=IGHA|PRFREQ=1.0
  LARGE_HEADER: TTTGTAACGGTGGGT|CONSCOUNT=1|PRCONS=IGHA|PRFREQ=1.0

- AATTTCACAGGTGCC
  STATUS: FOUND_DIFFERENT
  SMALL_HEADER: AATTTCACAGGTGCC|CONSCOUNT=1|PRCONS=IGHA|PRFREQ=1.0
  LARGE_HEADER: AATTTCACAGGTGCC|CONSCOUNT=3|PRCONS=IGHA|PRFREQ=1.0

- ACTAGTGTATTGCAA
  STATUS: IDENTICAL
  SMALL_HEADER: ACTAGTGTATTGCAA|CONSCOUNT=1|PRCONS=IGHG|PRFREQ=1.0
  LARGE_HEADER: ACTAGTGTATTGCAA|CONSCOUNT=1|PRCONS=IGHG|PRFREQ=1.0

- GTAGCGGGGTAGGAC
  STATUS: FOUND_DIFFERENT
  SMALL_HEADER: GTAGCGGGGTAGGAC|CONSCOUNT=1|PRCONS=IGHG|PRFREQ=1.0
  LARGE_HEADER: GTAGCGGGGTAGGAC|CONSCOUNT=2|PRCONS=IGHG|PRFREQ=1.0

- CGTGTATCATGTTGT
  STATUS: FOUND_DIFFERENT
  SMALL_HEADER: CGTGTATCATGTTGT|CONSCOUNT=1|PRCONS=IGHE|PRFREQ=1.0
  LARGE_HEADER: CGTGTATCATGTTGT|CONSCOUNT=2|PRCONS=IGHE|PRFREQ=1.0

- ATTGTTCCTGATATA
  STATUS: FOUND_DIFFERENT
  SMALL_HEADER: ATTGTTCCTGATATA|CONSCOUNT=1|PRCONS=IGHA|PRFREQ=1.0
  LARGE_HEADER: ATTGTTCCTGATATA|CONSCOUNT=4|PRCONS=IGHA|PRFREQ=1.0

- CGGGGGCACGGACGC
  STATUS: IDENTICAL
  SMALL_HEADER: CGGGGGCACGGACGC|CONSCOUNT=1|PRCONS=IGHE|PRFREQ=1.0
  LARGE_HEADER: CGGGGGCACGGACGC|CONSCOUNT=1|PRCONS=IGHE|PRFREQ=1.0

- AATCGCACATCTAAT
  STATUS: FOUND_DIFFERENT
  SMALL_HEADER: AATCGCACATCTAAT|CONSCOUNT=1|PRCONS=IGHA|PRFREQ=1.0
  LARGE_HEADER: AATCGCACATCTAAT|CONSCOUNT=2|PRCONS=IGHA|PRFREQ=1.0

- CTAGCTTAGCACCGT
  STATUS: IDENTICAL
  SMALL_HEADER: CTAGCTTAGCACCGT|CONSCOUNT=1|PRCONS=IGHG|PRFREQ=1.0
  LARGE_HEADER: CTAGCTTAGCACCGT|CONSCOUNT=1|PRCONS=IGHG|PRFREQ=1.0

- TCTTCTGTGCTATTC
  STATUS: IDENTICAL
  SMALL_HEADER: TCTTCTGTGCTATTC|CONSCOUNT=1|PRCONS=IGHA|PRFREQ=1.0
  LARGE_HEADER: TCTTCTGTGCTATTC|CONSCOUNT=1|PRCONS=IGHA|PRFREQ=1.0

- CGATCAATTCATTTA
  STATUS: FOUND_DIFFERENT
  SMALL_HEADER: CGATCAATTCATTTA|CONSCOUNT=1|PRCONS=IGHG|PRFREQ=1.0
  LARGE_HEADER: CGATCAATTCATTTA|CONSCOUNT=2|PRCONS=IGHG|PRFREQ=1.0

- TCGTATGTGAAAACC
  STATUS: SAME_SEQUENCE
  SMALL_HEADER: TCGTATGTGAAAACC|CONSCOUNT=1|PRCONS=IGHA|PRFREQ=1.0
  LARGE_HEADER: TCGTATGTGAAAACC|CONSCOUNT=2|PRCONS=IGHA|PRFREQ=1.0

- GTTCGCAGATACGCA
  STATUS: IDENTICAL
  SMALL_HEADER: GTTCGCAGATACGCA|CONSCOUNT=1|PRCONS=IGHG|PRFREQ=1.0
  LARGE_HEADER: GTTCGCAGATACGCA|CONSCOUNT=1|PRCONS=IGHG|PRFREQ=1.0

- GGTTTGACAGTCGGT
  STATUS: FOUND_DIFFERENT
  SMALL_HEADER: GGTTTGACAGTCGGT|CONSCOUNT=1|PRCONS=IGHE|PRFREQ=1.0
  LARGE_HEADER: GGTTTGACAGTCGGT|CONSCOUNT=2|PRCONS=IGHE|PRFREQ=1.0

- TACCCGTGGGTAAGG
  STATUS: IDENTICAL
  SMALL_HEADER: TACCCGTGGGTAAGG|CONSCOUNT=1|PRCONS=IGHA|PRFREQ=1.0
  LARGE_HEADER: TACCCGTGGGTAAGG|CONSCOUNT=1|PRCONS=IGHA|PRFREQ=1.0

