=== R2 PairSeq consensus subset check ===
Small file: C:\Users\DELL\Documents\GitHub\MS_thesis\evaluation\airr_session2\ex3_full\pairseq_006\R2_CONS_consensus-pass_pair-pass.fastq
Large file: C:\Users\DELL\Documents\GitHub\MS_thesis\evaluation\airr_session\ex3_no_qc\pairseq_005\R2_CONS_consensus-pass_pair-pass.fastq

Matches (per read from the small file):
- TGGAATCACACGTCG
  STATUS: FOUND_DIFFERENT
  SMALL_HEADER: TGGAATCACACGTCG|CONSCOUNT=2|PRIMER=IGHV_1,IGHV_17|PRCOUNT=1,1
  LARGE_HEADER: TGGAATCACACGTCG|CONSCOUNT=3|PRIMER=IGHV_1,IGHV_17|PRCOUNT=1,2

- AATAAATATACGTGC
  STATUS: FOUND_DIFFERENT
  SMALL_HEADER: AATAAATATACGTGC|CONSCOUNT=2|PRIMER=IGHV_2,IGHV_37|PRCOUNT=1,1
  LARGE_HEADER: AATAAATATACGTGC|CONSCOUNT=5|PRIMER=IGHV_2,IGHV_37|PRCOUNT=4,1

- ACCGTAAAAATGTAC
  STATUS: IDENTICAL
  SMALL_HEADER: ACCGTAAAAATGTAC|CONSCOUNT=1|PRIMER=IGHV_10|PRCOUNT=1
  LARGE_HEADER: ACCGTAAAAATGTAC|CONSCOUNT=1|PRIMER=IGHV_10|PRCOUNT=1

- ACCAGAGACGGTGAA
  STATUS: SAME_SEQUENCE
  SMALL_HEADER: ACCAGAGACGGTGAA|CONSCOUNT=9|PRIMER=IGHV_12,IGHV_13,IGHV_14,IGHV_2,IGHV_30,IGHV_37,IGHV_9|PRCOUNT=1,1,3,1,1,1,1
  LARGE_HEADER: ACCAGAGACGGTGAA|CONSCOUNT=102|PRIMER=IGHV_10,IGHV_11,IGHV_12,IGHV_13,IGHV_14,IGHV_2,IGHV_22,IGHV_25,IGHV_26,IGHV_28,IGHV_30,IGHV_32,IGHV_37,IGHV_4,IGHV_40,IGHV_45,IGHV_8,IGHV_9|PRCOUNT=6,2,11,2,25,4,1,1,2,2,2,10,1,2,8,1,2,20

- TATGATGGCGTGATT
  STATUS: SAME_SEQUENCE
  SMALL_HEADER: TATGATGGCGTGATT|CONSCOUNT=24|PRIMER=IGHV_10,IGHV_11,IGHV_12,IGHV_13,IGHV_14,IGHV_15,IGHV_2,IGHV_26,IGHV_30,IGHV_33,IGHV_37,IGHV_39,IGHV_41,IGHV_6|PRCOUNT=1,4,1,3,3,2,2,2,1,1,1,1,1,1
  LARGE_HEADER: TATGATGGCGTGATT|CONSCOUNT=43|PRIMER=IGHV_10,IGHV_11,IGHV_12,IGHV_13,IGHV_14,IGHV_15,IGHV_2,IGHV_21,IGHV_26,IGHV_30,IGHV_33,IGHV_37,IGHV_39,IGHV_41,IGHV_45,IGHV_6|PRCOUNT=2,4,2,3,7,3,6,2,5,1,1,2,2,1,1,1

- AGACTATGAGCCATA
  STATUS: FOUND_DIFFERENT
  SMALL_HEADER: AGACTATGAGCCATA|CONSCOUNT=48|PRIMER=IGHV_13,IGHV_2,IGHV_21,IGHV_3,IGHV_44,IGHV_7|PRCOUNT=1,2,1,17,17,10
  LARGE_HEADER: AGACTATGAGCCATA|CONSCOUNT=233|PRIMER=IGHV_10,IGHV_13,IGHV_2,IGHV_21,IGHV_22,IGHV_3,IGHV_32,IGHV_35,IGHV_36,IGHV_44,IGHV_7|PRCOUNT=6,1,4,3,1,83,1,1,2,62,69

- TTCCAGGAATGATGG
  STATUS: SAME_SEQUENCE
  SMALL_HEADER: TTCCAGGAATGATGG|CONSCOUNT=30|PRIMER=IGHV_1,IGHV_17,IGHV_35,IGHV_37|PRCOUNT=1,27,1,1
  LARGE_HEADER: TTCCAGGAATGATGG|CONSCOUNT=54|PRIMER=IGHV_1,IGHV_17,IGHV_35,IGHV_37|PRCOUNT=3,49,1,1

- CTATCCATTCTGTGT
  STATUS: FOUND_DIFFERENT
  SMALL_HEADER: CTATCCATTCTGTGT|CONSCOUNT=1|PRIMER=IGHV_32|PRCOUNT=1
  LARGE_HEADER: CTATCCATTCTGTGT|CONSCOUNT=2|PRIMER=IGHV_10,IGHV_32|PRCOUNT=1,1

- TGTCCGCAAACGTCA
  STATUS: SAME_SEQUENCE
  SMALL_HEADER: TGTCCGCAAACGTCA|CONSCOUNT=48|PRIMER=IGHV_10,IGHV_11,IGHV_12,IGHV_13,IGHV_14,IGHV_2,IGHV_21,IGHV_22,IGHV_26,IGHV_28,IGHV_30,IGHV_32,IGHV_33,IGHV_43,IGHV_8,IGHV_9|PRCOUNT=1,2,3,1,4,20,1,3,4,1,1,1,2,2,1,1
  LARGE_HEADER: TGTCCGCAAACGTCA|CONSCOUNT=313|PRIMER=IGHV_10,IGHV_11,IGHV_12,IGHV_13,IGHV_14,IGHV_15,IGHV_2,IGHV_21,IGHV_22,IGHV_26,IGHV_28,IGHV_30,IGHV_32,IGHV_33,IGHV_36,IGHV_40,IGHV_43,IGHV_8,IGHV_9|PRCOUNT=13,7,4,9,15,3,131,7,20,18,10,7,13,14,13,13,13,2,1

- GGATCCGGCCAGACG
  STATUS: SAME_SEQUENCE
  SMALL_HEADER: GGATCCGGCCAGACG|CONSCOUNT=110|PRIMER=IGHV_10,IGHV_11,IGHV_13,IGHV_14,IGHV_15,IGHV_16,IGHV_2,IGHV_21,IGHV_22,IGHV_28,IGHV_30,IGHV_32,IGHV_33,IGHV_36,IGHV_37,IGHV_40,IGHV_6|PRCOUNT=9,1,10,4,7,1,41,9,3,1,2,9,4,4,1,3,1
  LARGE_HEADER: GGATCCGGCCAGACG|CONSCOUNT=731|PRIMER=IGHV_1,IGHV_10,IGHV_11,IGHV_12,IGHV_13,IGHV_14,IGHV_15,IGHV_16,IGHV_2,IGHV_21,IGHV_22,IGHV_25,IGHV_26,IGHV_28,IGHV_30,IGHV_32,IGHV_33,IGHV_35,IGHV_36,IGHV_37,IGHV_4,IGHV_40,IGHV_41,IGHV_43,IGHV_45,IGHV_6,IGHV_8|PRCOUNT=1,64,10,1,54,21,38,6,278,46,22,2,16,10,4,53,19,2,27,3,3,30,1,10,2,7,1

- CGGGAGGGTGGAAGC
  STATUS: SAME_SEQUENCE
  SMALL_HEADER: CGGGAGGGTGGAAGC|CONSCOUNT=123|PRIMER=IGHV_10,IGHV_13,IGHV_14,IGHV_2,IGHV_21,IGHV_3,IGHV_32,IGHV_33,IGHV_44,IGHV_7,IGHV_9|PRCOUNT=4,3,1,3,1,47,2,1,25,35,1
  LARGE_HEADER: CGGGAGGGTGGAAGC|CONSCOUNT=540|PRIMER=IGHV_10,IGHV_11,IGHV_13,IGHV_14,IGHV_15,IGHV_2,IGHV_21,IGHV_22,IGHV_26,IGHV_3,IGHV_32,IGHV_33,IGHV_36,IGHV_41,IGHV_44,IGHV_7,IGHV_9|PRCOUNT=22,2,5,5,3,16,5,1,2,187,11,7,1,1,97,171,4

- ATCCTGTTGTTGGTG
  STATUS: SAME_SEQUENCE
  SMALL_HEADER: ATCCTGTTGTTGGTG|CONSCOUNT=35|PRIMER=IGHV_10,IGHV_13,IGHV_14,IGHV_15,IGHV_2,IGHV_22,IGHV_28,IGHV_32,IGHV_33,IGHV_36,IGHV_40,IGHV_43,IGHV_9|PRCOUNT=2,4,2,1,10,1,1,2,2,3,1,3,3
  LARGE_HEADER: ATCCTGTTGTTGGTG|CONSCOUNT=150|PRIMER=IGHV_10,IGHV_11,IGHV_12,IGHV_13,IGHV_14,IGHV_15,IGHV_16,IGHV_2,IGHV_21,IGHV_22,IGHV_26,IGHV_28,IGHV_32,IGHV_33,IGHV_36,IGHV_40,IGHV_41,IGHV_43,IGHV_8,IGHV_9|PRCOUNT=10,1,3,13,5,7,1,50,7,3,1,6,3,8,7,2,1,16,1,5

- GGGGTGTGGCGATGT
  STATUS: SAME_SEQUENCE
  SMALL_HEADER: GGGGTGTGGCGATGT|CONSCOUNT=128|PRIMER=IGHV_10,IGHV_11,IGHV_12,IGHV_13,IGHV_14,IGHV_15,IGHV_2,IGHV_21,IGHV_22,IGHV_26,IGHV_28,IGHV_32,IGHV_33,IGHV_36,IGHV_40,IGHV_43,IGHV_45,IGHV_6|PRCOUNT=6,2,1,8,3,8,49,8,6,3,1,10,6,6,7,2,1,1
  LARGE_HEADER: GGGGTGTGGCGATGT|CONSCOUNT=967|PRIMER=IGHV_1,IGHV_10,IGHV_11,IGHV_12,IGHV_13,IGHV_14,IGHV_15,IGHV_16,IGHV_2,IGHV_21,IGHV_22,IGHV_26,IGHV_28,IGHV_30,IGHV_32,IGHV_33,IGHV_34,IGHV_36,IGHV_4,IGHV_40,IGHV_43,IGHV_45,IGHV_6,IGHV_8,IGHV_9|PRCOUNT=9,37,6,6,49,29,62,4,398,47,35,31,13,10,56,47,1,47,1,45,12,12,5,3,2

- TCATACAAATGGTTA
  STATUS: SAME_SEQUENCE
  SMALL_HEADER: TCATACAAATGGTTA|CONSCOUNT=27|PRIMER=IGHV_30,IGHV_37,IGHV_4,IGHV_42,IGHV_45|PRCOUNT=1,13,2,2,9
  LARGE_HEADER: TCATACAAATGGTTA|CONSCOUNT=50|PRIMER=IGHV_30,IGHV_37,IGHV_4,IGHV_42,IGHV_45|PRCOUNT=2,21,2,3,22

- GCGCTCTCGCTCACT
  STATUS: SAME_SEQUENCE
  SMALL_HEADER: GCGCTCTCGCTCACT|CONSCOUNT=59|PRIMER=IGHV_10,IGHV_11,IGHV_13,IGHV_14,IGHV_2,IGHV_21,IGHV_26,IGHV_28,IGHV_30,IGHV_32,IGHV_37,IGHV_39,IGHV_40,IGHV_41,IGHV_42,IGHV_6,IGHV_8|PRCOUNT=5,1,1,12,17,1,3,1,2,2,5,2,1,1,1,3,1
  LARGE_HEADER: GCGCTCTCGCTCACT|CONSCOUNT=92|PRIMER=IGHV_10,IGHV_11,IGHV_12,IGHV_13,IGHV_14,IGHV_2,IGHV_21,IGHV_26,IGHV_28,IGHV_30,IGHV_32,IGHV_37,IGHV_39,IGHV_40,IGHV_41,IGHV_42,IGHV_6,IGHV_8,IGHV_9|PRCOUNT=6,5,1,4,19,27,2,4,1,3,5,5,2,1,1,1,3,1,1

- GGGGAAACTTTTTGT
  STATUS: SAME_SEQUENCE
  SMALL_HEADER: GGGGAAACTTTTTGT|CONSCOUNT=12|PRIMER=IGHV_10,IGHV_13,IGHV_14,IGHV_2,IGHV_30,IGHV_36,IGHV_37|PRCOUNT=1,1,5,2,1,1,1
  LARGE_HEADER: GGGGAAACTTTTTGT|CONSCOUNT=152|PRIMER=IGHV_10,IGHV_11,IGHV_13,IGHV_14,IGHV_15,IGHV_16,IGHV_2,IGHV_21,IGHV_26,IGHV_28,IGHV_30,IGHV_32,IGHV_33,IGHV_36,IGHV_37,IGHV_43,IGHV_45,IGHV_6,IGHV_9|PRCOUNT=9,2,5,18,5,1,57,3,2,11,10,2,3,15,1,2,2,2,2

- ATCATGCCGAGGTCC
  STATUS: SAME_SEQUENCE
  SMALL_HEADER: ATCATGCCGAGGTCC|CONSCOUNT=7|PRIMER=IGHV_2,IGHV_33,IGHV_40|PRCOUNT=5,1,1
  LARGE_HEADER: ATCATGCCGAGGTCC|CONSCOUNT=23|PRIMER=IGHV_10,IGHV_11,IGHV_15,IGHV_2,IGHV_32,IGHV_33,IGHV_40|PRCOUNT=1,1,1,15,1,3,1

- AGTTCCGTAGATTGT
  STATUS: FOUND_DIFFERENT
  SMALL_HEADER: AGTTCCGTAGATTGT|CONSCOUNT=16|PRIMER=IGHV_10,IGHV_11,IGHV_14,IGHV_2,IGHV_28,IGHV_39,IGHV_40,IGHV_45|PRCOUNT=1,1,2,4,2,3,1,2
  LARGE_HEADER: AGTTCCGTAGATTGT|CONSCOUNT=51|PRIMER=IGHV_10,IGHV_11,IGHV_14,IGHV_2,IGHV_26,IGHV_28,IGHV_36,IGHV_37,IGHV_39,IGHV_40,IGHV_42,IGHV_45,IGHV_6|PRCOUNT=1,1,8,11,2,12,1,2,6,1,2,2,2

- AAAAGCTGCACAGAG
  STATUS: SAME_SEQUENCE
  SMALL_HEADER: AAAAGCTGCACAGAG|CONSCOUNT=3|PRIMER=IGHV_10,IGHV_26,IGHV_40|PRCOUNT=1,1,1
  LARGE_HEADER: AAAAGCTGCACAGAG|CONSCOUNT=8|PRIMER=IGHV_10,IGHV_16,IGHV_26,IGHV_28,IGHV_30,IGHV_40|PRCOUNT=1,1,2,1,1,2

- AGCGGACAACTATAT
  STATUS: SAME_SEQUENCE
  SMALL_HEADER: AGCGGACAACTATAT|CONSCOUNT=48|PRIMER=IGHV_10,IGHV_11,IGHV_12,IGHV_13,IGHV_14,IGHV_15,IGHV_2,IGHV_21,IGHV_26,IGHV_28,IGHV_30,IGHV_32,IGHV_33,IGHV_37,IGHV_40,IGHV_41,IGHV_45|PRCOUNT=1,7,3,1,11,3,8,1,3,1,1,1,1,3,1,1,1
  LARGE_HEADER: AGCGGACAACTATAT|CONSCOUNT=208|PRIMER=IGHV_10,IGHV_11,IGHV_12,IGHV_13,IGHV_14,IGHV_15,IGHV_2,IGHV_21,IGHV_22,IGHV_26,IGHV_28,IGHV_30,IGHV_32,IGHV_33,IGHV_36,IGHV_37,IGHV_4,IGHV_40,IGHV_41,IGHV_45,IGHV_6,IGHV_8,IGHV_9|PRCOUNT=3,23,18,10,36,14,46,5,1,6,5,5,1,6,1,10,3,5,2,1,2,2,3

- GGGTATCATATTACA
  STATUS: SAME_SEQUENCE
  SMALL_HEADER: GGGTATCATATTACA|CONSCOUNT=4|PRIMER=IGHV_2,IGHV_32|PRCOUNT=3,1
  LARGE_HEADER: GGGTATCATATTACA|CONSCOUNT=7|PRIMER=IGHV_2,IGHV_30,IGHV_32|PRCOUNT=5,1,1

- TTATGCGAACGAAGG
  STATUS: SAME_SEQUENCE
  SMALL_HEADER: TTATGCGAACGAAGG|CONSCOUNT=1|PRIMER=IGHV_2|PRCOUNT=1
  LARGE_HEADER: TTATGCGAACGAAGG|CONSCOUNT=9|PRIMER=IGHV_10,IGHV_12,IGHV_13,IGHV_2,IGHV_30,IGHV_32|PRCOUNT=1,1,1,4,1,1

- CGTTTCGCAGTCTGT
  STATUS: FOUND_DIFFERENT
  SMALL_HEADER: CGTTTCGCAGTCTGT|CONSCOUNT=1|PRIMER=IGHV_2|PRCOUNT=1
  LARGE_HEADER: CGTTTCGCAGTCTGT|CONSCOUNT=2|PRIMER=IGHV_2,IGHV_22|PRCOUNT=1,1

- GCACAAGACGGCCAT
  STATUS: SAME_SEQUENCE
  SMALL_HEADER: GCACAAGACGGCCAT|CONSCOUNT=6|PRIMER=IGHV_13,IGHV_2,IGHV_26|PRCOUNT=1,4,1
  LARGE_HEADER: GCACAAGACGGCCAT|CONSCOUNT=10|PRIMER=IGHV_13,IGHV_2,IGHV_21,IGHV_26|PRCOUNT=1,7,1,1

- AGTCTCCGGATCCGT
  STATUS: SAME_SEQUENCE
  SMALL_HEADER: AGTCTCCGGATCCGT|CONSCOUNT=6|PRIMER=IGHV_2,IGHV_26|PRCOUNT=5,1
  LARGE_HEADER: AGTCTCCGGATCCGT|CONSCOUNT=20|PRIMER=IGHV_13,IGHV_15,IGHV_2,IGHV_26,IGHV_30,IGHV_32,IGHV_33|PRCOUNT=2,1,13,1,1,1,1

- TCAACCTTGTCCCTA
  STATUS: FOUND_DIFFERENT
  SMALL_HEADER: TCAACCTTGTCCCTA|CONSCOUNT=27|PRIMER=IGHV_10,IGHV_11,IGHV_12,IGHV_13,IGHV_14,IGHV_16,IGHV_2,IGHV_21,IGHV_26,IGHV_28,IGHV_30,IGHV_32,IGHV_35,IGHV_6,IGHV_9|PRCOUNT=1,3,1,2,6,1,2,1,1,1,4,1,1,1,1
  LARGE_HEADER: TCAACCTTGTCCCTA|CONSCOUNT=117|PRIMER=IGHV_10,IGHV_11,IGHV_12,IGHV_13,IGHV_14,IGHV_15,IGHV_16,IGHV_2,IGHV_21,IGHV_22,IGHV_26,IGHV_28,IGHV_30,IGHV_32,IGHV_33,IGHV_35,IGHV_37,IGHV_39,IGHV_41,IGHV_6,IGHV_9|PRCOUNT=9,10,2,3,28,1,5,18,3,2,7,2,8,1,2,1,7,2,1,4,1

- TGAGTAATTGGAGCT
  STATUS: IDENTICAL
  SMALL_HEADER: TGAGTAATTGGAGCT|CONSCOUNT=2|PRIMER=IGHV_14,IGHV_40|PRCOUNT=1,1
  LARGE_HEADER: TGAGTAATTGGAGCT|CONSCOUNT=2|PRIMER=IGHV_14,IGHV_40|PRCOUNT=1,1

- ATCGTTAAATGTAAA
  STATUS: FOUND_DIFFERENT
  SMALL_HEADER: ATCGTTAAATGTAAA|CONSCOUNT=7|PRIMER=IGHV_3,IGHV_44,IGHV_7|PRCOUNT=2,3,2
  LARGE_HEADER: ATCGTTAAATGTAAA|CONSCOUNT=50|PRIMER=IGHV_3,IGHV_32,IGHV_44,IGHV_7|PRCOUNT=22,3,11,14

- GCGCGAGTCGGCTTG
  STATUS: SAME_SEQUENCE
  SMALL_HEADER: GCGCGAGTCGGCTTG|CONSCOUNT=98|PRIMER=IGHV_10,IGHV_11,IGHV_12,IGHV_13,IGHV_14,IGHV_15,IGHV_2,IGHV_21,IGHV_22,IGHV_26,IGHV_32,IGHV_33,IGHV_37,IGHV_39,IGHV_40,IGHV_6|PRCOUNT=6,4,2,2,12,2,37,7,1,7,2,4,1,4,4,3
  LARGE_HEADER: GCGCGAGTCGGCTTG|CONSCOUNT=926|PRIMER=IGHV_10,IGHV_11,IGHV_12,IGHV_13,IGHV_14,IGHV_15,IGHV_16,IGHV_2,IGHV_21,IGHV_22,IGHV_25,IGHV_26,IGHV_28,IGHV_30,IGHV_32,IGHV_33,IGHV_36,IGHV_37,IGHV_39,IGHV_40,IGHV_45,IGHV_6,IGHV_8,IGHV_9|PRCOUNT=78,27,15,29,85,22,10,389,36,7,2,35,10,14,31,33,9,9,19,44,2,12,2,6

- CACTTCTTTAAGAAA
  STATUS: SAME_SEQUENCE
  SMALL_HEADER: CACTTCTTTAAGAAA|CONSCOUNT=1|PRIMER=IGHV_14|PRCOUNT=1
  LARGE_HEADER: CACTTCTTTAAGAAA|CONSCOUNT=5|PRIMER=IGHV_14,IGHV_2|PRCOUNT=3,2

- ATTGAGGCTACGCCT
  STATUS: SAME_SEQUENCE
  SMALL_HEADER: ATTGAGGCTACGCCT|CONSCOUNT=6|PRIMER=IGHV_10,IGHV_2,IGHV_32|PRCOUNT=1,4,1
  LARGE_HEADER: ATTGAGGCTACGCCT|CONSCOUNT=11|PRIMER=IGHV_10,IGHV_2,IGHV_32,IGHV_40|PRCOUNT=1,8,1,1

- AAAATGTGTAAAAAT
  STATUS: SAME_SEQUENCE
  SMALL_HEADER: AAAATGTGTAAAAAT|CONSCOUNT=3|PRIMER=IGHV_21,IGHV_28,IGHV_37|PRCOUNT=1,1,1
  LARGE_HEADER: AAAATGTGTAAAAAT|CONSCOUNT=4|PRIMER=IGHV_14,IGHV_21,IGHV_28,IGHV_37|PRCOUNT=1,1,1,1

- GATGAAGTCAATCGG
  STATUS: FOUND_DIFFERENT
  SMALL_HEADER: GATGAAGTCAATCGG|CONSCOUNT=53|PRIMER=IGHV_3,IGHV_44,IGHV_45,IGHV_7|PRCOUNT=24,10,1,18
  LARGE_HEADER: GATGAAGTCAATCGG|CONSCOUNT=197|PRIMER=IGHV_10,IGHV_2,IGHV_3,IGHV_33,IGHV_41,IGHV_44,IGHV_45,IGHV_7|PRCOUNT=2,6,71,1,1,43,1,72

- CTTTTCTTTTCAACT
  STATUS: FOUND_DIFFERENT
  SMALL_HEADER: CTTTTCTTTTCAACT|CONSCOUNT=1|PRIMER=IGHV_2|PRCOUNT=1
  LARGE_HEADER: CTTTTCTTTTCAACT|CONSCOUNT=8|PRIMER=IGHV_14,IGHV_15,IGHV_2,IGHV_32|PRCOUNT=1,1,4,2

- TCAGTTAGAACGATA
  STATUS: SAME_SEQUENCE
  SMALL_HEADER: TCAGTTAGAACGATA|CONSCOUNT=5|PRIMER=IGHV_10,IGHV_2|PRCOUNT=1,4
  LARGE_HEADER: TCAGTTAGAACGATA|CONSCOUNT=16|PRIMER=IGHV_10,IGHV_13,IGHV_2,IGHV_22,IGHV_33,IGHV_40|PRCOUNT=2,1,9,2,1,1

- ATCATGCATCAGGTG
  STATUS: FOUND_DIFFERENT
  SMALL_HEADER: ATCATGCATCAGGTG|CONSCOUNT=1|PRIMER=IGHV_28|PRCOUNT=1
  LARGE_HEADER: ATCATGCATCAGGTG|CONSCOUNT=6|PRIMER=IGHV_14,IGHV_2,IGHV_28|PRCOUNT=2,2,2

- CGCGTCGCTGAAGTG
  STATUS: SAME_SEQUENCE
  SMALL_HEADER: CGCGTCGCTGAAGTG|CONSCOUNT=169|PRIMER=IGHV_10,IGHV_13,IGHV_14,IGHV_2,IGHV_26,IGHV_3,IGHV_30,IGHV_32,IGHV_33,IGHV_39,IGHV_41,IGHV_44,IGHV_45,IGHV_7|PRCOUNT=1,1,3,11,1,49,2,5,6,2,3,37,2,46
  LARGE_HEADER: CGCGTCGCTGAAGTG|CONSCOUNT=749|PRIMER=IGHV_10,IGHV_13,IGHV_14,IGHV_15,IGHV_2,IGHV_21,IGHV_22,IGHV_26,IGHV_28,IGHV_3,IGHV_30,IGHV_32,IGHV_33,IGHV_36,IGHV_39,IGHV_4,IGHV_40,IGHV_41,IGHV_44,IGHV_45,IGHV_7,IGHV_8|PRCOUNT=6,7,10,5,73,3,4,2,2,202,9,23,20,6,9,3,5,7,158,7,186,2

- AAGGATTCATCTTGC
  STATUS: SAME_SEQUENCE
  SMALL_HEADER: AAGGATTCATCTTGC|CONSCOUNT=30|PRIMER=IGHV_10,IGHV_2,IGHV_3,IGHV_44,IGHV_7|PRCOUNT=2,1,7,13,7
  LARGE_HEADER: AAGGATTCATCTTGC|CONSCOUNT=126|PRIMER=IGHV_10,IGHV_2,IGHV_3,IGHV_32,IGHV_44,IGHV_7|PRCOUNT=7,4,32,2,38,43

- AGACTTGGCTCACAA
  STATUS: SAME_SEQUENCE
  SMALL_HEADER: AGACTTGGCTCACAA|CONSCOUNT=3|PRIMER=IGHV_37|PRCOUNT=3
  LARGE_HEADER: AGACTTGGCTCACAA|CONSCOUNT=6|PRIMER=IGHV_37|PRCOUNT=6

- AACAGTTATTCAAGT
  STATUS: FOUND_DIFFERENT
  SMALL_HEADER: AACAGTTATTCAAGT|CONSCOUNT=7|PRIMER=IGHV_10,IGHV_2,IGHV_22,IGHV_32|PRCOUNT=2,2,1,2
  LARGE_HEADER: AACAGTTATTCAAGT|CONSCOUNT=77|PRIMER=IGHV_10,IGHV_13,IGHV_14,IGHV_15,IGHV_2,IGHV_22,IGHV_26,IGHV_28,IGHV_30,IGHV_32,IGHV_33,IGHV_45|PRCOUNT=6,7,5,5,29,8,1,1,1,10,3,1

- TGGTTGGGTCGAAGC
  STATUS: FOUND_DIFFERENT
  SMALL_HEADER: TGGTTGGGTCGAAGC|CONSCOUNT=6|PRIMER=IGHV_12,IGHV_27,IGHV_28,IGHV_30|PRCOUNT=1,2,2,1
  LARGE_HEADER: TGGTTGGGTCGAAGC|CONSCOUNT=15|PRIMER=IGHV_12,IGHV_14,IGHV_27,IGHV_28,IGHV_30|PRCOUNT=1,1,8,4,1

- AAATAATAATCCTGG
  STATUS: FOUND_DIFFERENT
  SMALL_HEADER: AAATAATAATCCTGG|CONSCOUNT=1|PRIMER=IGHV_2|PRCOUNT=1
  LARGE_HEADER: AAATAATAATCCTGG|CONSCOUNT=2|PRIMER=IGHV_2,IGHV_32|PRCOUNT=1,1

- CACACGGTCTGGTCT
  STATUS: SAME_SEQUENCE
  SMALL_HEADER: CACACGGTCTGGTCT|CONSCOUNT=2|PRIMER=IGHV_2,IGHV_42|PRCOUNT=1,1
  LARGE_HEADER: CACACGGTCTGGTCT|CONSCOUNT=4|PRIMER=IGHV_2,IGHV_42|PRCOUNT=3,1

- AGATCACTGTACGCT
  STATUS: FOUND_DIFFERENT
  SMALL_HEADER: AGATCACTGTACGCT|CONSCOUNT=1|PRIMER=IGHV_14|PRCOUNT=1
  LARGE_HEADER: AGATCACTGTACGCT|CONSCOUNT=11|PRIMER=IGHV_14,IGHV_2,IGHV_30|PRCOUNT=6,4,1

- TCGCTACATTCGTGC
  STATUS: FOUND_DIFFERENT
  SMALL_HEADER: TCGCTACATTCGTGC|CONSCOUNT=3|PRIMER=IGHV_13,IGHV_2,IGHV_41|PRCOUNT=1,1,1
  LARGE_HEADER: TCGCTACATTCGTGC|CONSCOUNT=8|PRIMER=IGHV_13,IGHV_14,IGHV_2,IGHV_26,IGHV_41|PRCOUNT=1,1,4,1,1

- CTCAAGTTTTCTCTG
  STATUS: FOUND_DIFFERENT
  SMALL_HEADER: CTCAAGTTTTCTCTG|CONSCOUNT=2|PRIMER=IGHV_38|PRCOUNT=2
  LARGE_HEADER: CTCAAGTTTTCTCTG|CONSCOUNT=13|PRIMER=IGHV_37,IGHV_38|PRCOUNT=3,10

- AGAGGGACGTGAAAG
  STATUS: SAME_SEQUENCE
  SMALL_HEADER: AGAGGGACGTGAAAG|CONSCOUNT=6|PRIMER=IGHV_13,IGHV_2,IGHV_21,IGHV_26,IGHV_32|PRCOUNT=1,2,1,1,1
  LARGE_HEADER: AGAGGGACGTGAAAG|CONSCOUNT=25|PRIMER=IGHV_10,IGHV_13,IGHV_15,IGHV_2,IGHV_21,IGHV_22,IGHV_26,IGHV_30,IGHV_32,IGHV_33,IGHV_36,IGHV_40|PRCOUNT=1,2,1,9,2,1,3,1,1,2,1,1

- GAGTCTAGAGACGTA
  STATUS: FOUND_DIFFERENT
  SMALL_HEADER: GAGTCTAGAGACGTA|CONSCOUNT=52|PRIMER=IGHV_13,IGHV_2,IGHV_3,IGHV_33,IGHV_44,IGHV_7|PRCOUNT=4,2,16,2,14,14
  LARGE_HEADER: GAGTCTAGAGACGTA|CONSCOUNT=231|PRIMER=IGHV_10,IGHV_13,IGHV_14,IGHV_15,IGHV_2,IGHV_26,IGHV_3,IGHV_30,IGHV_33,IGHV_44,IGHV_7|PRCOUNT=6,8,2,6,12,4,77,1,9,54,52

- CAAATTTCTGAAACA
  STATUS: IDENTICAL
  SMALL_HEADER: CAAATTTCTGAAACA|CONSCOUNT=1|PRIMER=IGHV_32|PRCOUNT=1
  LARGE_HEADER: CAAATTTCTGAAACA|CONSCOUNT=1|PRIMER=IGHV_32|PRCOUNT=1

- TCGTAGGTACGTAAA
  STATUS: SAME_SEQUENCE
  SMALL_HEADER: TCGTAGGTACGTAAA|CONSCOUNT=89|PRIMER=IGHV_10,IGHV_13,IGHV_15,IGHV_16,IGHV_2,IGHV_21,IGHV_22,IGHV_26,IGHV_28,IGHV_30,IGHV_32,IGHV_33,IGHV_36,IGHV_40,IGHV_43,IGHV_6,IGHV_8|PRCOUNT=2,5,1,1,34,4,6,3,2,3,1,8,5,7,3,1,3
  LARGE_HEADER: TCGTAGGTACGTAAA|CONSCOUNT=405|PRIMER=IGHV_1,IGHV_10,IGHV_13,IGHV_14,IGHV_15,IGHV_16,IGHV_2,IGHV_21,IGHV_22,IGHV_26,IGHV_28,IGHV_30,IGHV_32,IGHV_33,IGHV_36,IGHV_40,IGHV_43,IGHV_6,IGHV_8,IGHV_9|PRCOUNT=1,7,15,6,7,5,168,19,32,9,13,8,14,31,24,29,11,1,4,1

- ATGCTAATGTCAGTA
  STATUS: SAME_SEQUENCE
  SMALL_HEADER: ATGCTAATGTCAGTA|CONSCOUNT=15|PRIMER=IGHV_10,IGHV_11,IGHV_13,IGHV_14,IGHV_15,IGHV_21,IGHV_30,IGHV_32,IGHV_33,IGHV_36|PRCOUNT=3,1,1,4,1,1,1,1,1,1
  LARGE_HEADER: ATGCTAATGTCAGTA|CONSCOUNT=55|PRIMER=IGHV_10,IGHV_11,IGHV_12,IGHV_13,IGHV_14,IGHV_15,IGHV_2,IGHV_21,IGHV_26,IGHV_28,IGHV_30,IGHV_32,IGHV_33,IGHV_36,IGHV_4,IGHV_40|PRCOUNT=9,4,3,3,10,1,9,2,4,2,2,2,1,1,1,1

- TGATTCGGTGTTGGG
  STATUS: FOUND_DIFFERENT
  SMALL_HEADER: TGATTCGGTGTTGGG|CONSCOUNT=1|PRIMER=IGHV_30|PRCOUNT=1
  LARGE_HEADER: TGATTCGGTGTTGGG|CONSCOUNT=6|PRIMER=IGHV_2,IGHV_22,IGHV_30,IGHV_6|PRCOUNT=1,1,3,1

- AGCCTGTCAGCTCTG
  STATUS: FOUND_DIFFERENT
  SMALL_HEADER: AGCCTGTCAGCTCTG|CONSCOUNT=5|PRIMER=IGHV_10,IGHV_2,IGHV_28,IGHV_32|PRCOUNT=1,2,1,1
  LARGE_HEADER: AGCCTGTCAGCTCTG|CONSCOUNT=16|PRIMER=IGHV_10,IGHV_13,IGHV_14,IGHV_15,IGHV_2,IGHV_28,IGHV_32,IGHV_40|PRCOUNT=2,1,1,2,6,1,2,1

- AGTCGTGTTACGCTT
  STATUS: FOUND_DIFFERENT
  SMALL_HEADER: AGTCGTGTTACGCTT|CONSCOUNT=2|PRIMER=IGHV_10,IGHV_36|PRCOUNT=1,1
  LARGE_HEADER: AGTCGTGTTACGCTT|CONSCOUNT=12|PRIMER=IGHV_10,IGHV_14,IGHV_2,IGHV_21,IGHV_22,IGHV_36,IGHV_40,IGHV_43|PRCOUNT=2,1,4,1,1,1,1,1

- GTAGATGTGGTGGGA
  STATUS: SAME_SEQUENCE
  SMALL_HEADER: GTAGATGTGGTGGGA|CONSCOUNT=3|PRIMER=IGHV_2,IGHV_35|PRCOUNT=2,1
  LARGE_HEADER: GTAGATGTGGTGGGA|CONSCOUNT=5|PRIMER=IGHV_15,IGHV_2,IGHV_26,IGHV_35|PRCOUNT=1,2,1,1

- CTTAGAGATCTACTG
  STATUS: SAME_SEQUENCE
  SMALL_HEADER: CTTAGAGATCTACTG|CONSCOUNT=4|PRIMER=IGHV_10,IGHV_12,IGHV_14,IGHV_28|PRCOUNT=1,1,1,1
  LARGE_HEADER: CTTAGAGATCTACTG|CONSCOUNT=8|PRIMER=IGHV_10,IGHV_12,IGHV_14,IGHV_28,IGHV_4|PRCOUNT=1,1,3,2,1

- TTCAACGATGTCTCA
  STATUS: FOUND_DIFFERENT
  SMALL_HEADER: TTCAACGATGTCTCA|CONSCOUNT=1|PRIMER=IGHV_12|PRCOUNT=1
  LARGE_HEADER: TTCAACGATGTCTCA|CONSCOUNT=6|PRIMER=IGHV_12,IGHV_14,IGHV_2,IGHV_40,IGHV_6|PRCOUNT=1,2,1,1,1

- TTCATTGACGTCGAT
  STATUS: FOUND_DIFFERENT
  SMALL_HEADER: TTCATTGACGTCGAT|CONSCOUNT=17|PRIMER=IGHV_1,IGHV_17|PRCOUNT=2,15
  LARGE_HEADER: TTCATTGACGTCGAT|CONSCOUNT=49|PRIMER=IGHV_1,IGHV_17,IGHV_37|PRCOUNT=5,43,1

- GTTACTGGTTTGGCG
  STATUS: SAME_SEQUENCE
  SMALL_HEADER: GTTACTGGTTTGGCG|CONSCOUNT=2|PRIMER=IGHV_11,IGHV_26|PRCOUNT=1,1
  LARGE_HEADER: GTTACTGGTTTGGCG|CONSCOUNT=4|PRIMER=IGHV_11,IGHV_2,IGHV_26,IGHV_32|PRCOUNT=1,1,1,1

- CGGCGGCGAAGTGTG
  STATUS: FOUND_DIFFERENT
  SMALL_HEADER: CGGCGGCGAAGTGTG|CONSCOUNT=11|PRIMER=IGHV_10,IGHV_13,IGHV_14,IGHV_2,IGHV_28,IGHV_32,IGHV_33,IGHV_36,IGHV_40,IGHV_43|PRCOUNT=1,1,2,1,1,1,1,1,1,1
  LARGE_HEADER: CGGCGGCGAAGTGTG|CONSCOUNT=162|PRIMER=IGHV_10,IGHV_13,IGHV_14,IGHV_15,IGHV_17,IGHV_2,IGHV_21,IGHV_22,IGHV_26,IGHV_28,IGHV_32,IGHV_33,IGHV_35,IGHV_36,IGHV_40,IGHV_43,IGHV_45,IGHV_9|PRCOUNT=14,4,8,9,5,40,1,2,5,7,7,13,10,14,14,6,2,1

- CGCTCTCTAGTATAT
  STATUS: SAME_SEQUENCE
  SMALL_HEADER: CGCTCTCTAGTATAT|CONSCOUNT=10|PRIMER=IGHV_13,IGHV_14,IGHV_2,IGHV_22,IGHV_26,IGHV_32,IGHV_33|PRCOUNT=1,1,3,1,1,2,1
  LARGE_HEADER: CGCTCTCTAGTATAT|CONSCOUNT=79|PRIMER=IGHV_10,IGHV_12,IGHV_13,IGHV_14,IGHV_2,IGHV_21,IGHV_22,IGHV_26,IGHV_28,IGHV_30,IGHV_32,IGHV_33,IGHV_40,IGHV_6|PRCOUNT=10,1,6,9,27,2,1,7,4,1,5,4,1,1

- CATATCCACGTAAAG
  STATUS: FOUND_DIFFERENT
  SMALL_HEADER: CATATCCACGTAAAG|CONSCOUNT=13|PRIMER=IGHV_12,IGHV_15,IGHV_2,IGHV_28,IGHV_32,IGHV_33,IGHV_40|PRCOUNT=1,1,6,1,1,2,1
  LARGE_HEADER: CATATCCACGTAAAG|CONSCOUNT=177|PRIMER=IGHV_10,IGHV_12,IGHV_13,IGHV_14,IGHV_15,IGHV_16,IGHV_2,IGHV_21,IGHV_22,IGHV_26,IGHV_28,IGHV_30,IGHV_32,IGHV_33,IGHV_34,IGHV_36,IGHV_40|PRCOUNT=7,3,6,3,8,2,78,1,11,3,10,4,6,12,2,14,7

- AAGGCCCCAGGCAAG
  STATUS: FOUND_DIFFERENT
  SMALL_HEADER: AAGGCCCCAGGCAAG|CONSCOUNT=1|PRIMER=IGHV_30|PRCOUNT=1
  LARGE_HEADER: AAGGCCCCAGGCAAG|CONSCOUNT=2|PRIMER=IGHV_28,IGHV_30|PRCOUNT=1,1

- TCTAGCAAGCTTGGA
  STATUS: SAME_SEQUENCE
  SMALL_HEADER: TCTAGCAAGCTTGGA|CONSCOUNT=2|PRIMER=IGHV_27|PRCOUNT=2
  LARGE_HEADER: TCTAGCAAGCTTGGA|CONSCOUNT=4|PRIMER=IGHV_10,IGHV_27|PRCOUNT=1,3

- GGGTTGGCCCTTACC
  STATUS: SAME_SEQUENCE
  SMALL_HEADER: GGGTTGGCCCTTACC|CONSCOUNT=4|PRIMER=IGHV_2,IGHV_32,IGHV_36|PRCOUNT=2,1,1
  LARGE_HEADER: GGGTTGGCCCTTACC|CONSCOUNT=10|PRIMER=IGHV_10,IGHV_2,IGHV_32,IGHV_33,IGHV_36|PRCOUNT=1,6,1,1,1

- GAAACATATGTGTGT
  STATUS: SAME_SEQUENCE
  SMALL_HEADER: GAAACATATGTGTGT|CONSCOUNT=14|PRIMER=IGHV_12,IGHV_14,IGHV_15,IGHV_2,IGHV_28,IGHV_30,IGHV_37,IGHV_39,IGHV_4,IGHV_41|PRCOUNT=3,3,1,1,1,1,1,1,1,1
  LARGE_HEADER: GAAACATATGTGTGT|CONSCOUNT=35|PRIMER=IGHV_10,IGHV_11,IGHV_12,IGHV_14,IGHV_15,IGHV_2,IGHV_26,IGHV_28,IGHV_30,IGHV_33,IGHV_36,IGHV_37,IGHV_39,IGHV_4,IGHV_41|PRCOUNT=2,2,3,8,1,7,1,1,1,1,1,1,4,1,1

- CGATGTATATCTTTA
  STATUS: FOUND_DIFFERENT
  SMALL_HEADER: CGATGTATATCTTTA|CONSCOUNT=2|PRIMER=IGHV_2,IGHV_32|PRCOUNT=1,1
  LARGE_HEADER: CGATGTATATCTTTA|CONSCOUNT=8|PRIMER=IGHV_10,IGHV_13,IGHV_2,IGHV_21,IGHV_26,IGHV_32|PRCOUNT=1,1,2,1,2,1

- TACGGTTCACCTCAC
  STATUS: SAME_SEQUENCE
  SMALL_HEADER: TACGGTTCACCTCAC|CONSCOUNT=4|PRIMER=IGHV_17|PRCOUNT=4
  LARGE_HEADER: TACGGTTCACCTCAC|CONSCOUNT=6|PRIMER=IGHV_17|PRCOUNT=6

- GCAGAGTTTTTGCAA
  STATUS: SAME_SEQUENCE
  SMALL_HEADER: GCAGAGTTTTTGCAA|CONSCOUNT=30|PRIMER=IGHV_1,IGHV_17|PRCOUNT=1,29
  LARGE_HEADER: GCAGAGTTTTTGCAA|CONSCOUNT=69|PRIMER=IGHV_1,IGHV_17|PRCOUNT=6,63

- TCTGGGGGGAGTGTG
  STATUS: IDENTICAL
  SMALL_HEADER: TCTGGGGGGAGTGTG|CONSCOUNT=2|PRIMER=IGHV_11,IGHV_2|PRCOUNT=1,1
  LARGE_HEADER: TCTGGGGGGAGTGTG|CONSCOUNT=2|PRIMER=IGHV_11,IGHV_2|PRCOUNT=1,1

- TCCGTCAAATTTTCG
  STATUS: SAME_SEQUENCE
  SMALL_HEADER: TCCGTCAAATTTTCG|CONSCOUNT=24|PRIMER=IGHV_10,IGHV_14,IGHV_15,IGHV_16,IGHV_2,IGHV_26,IGHV_30,IGHV_32,IGHV_33,IGHV_36,IGHV_37,IGHV_39,IGHV_40,IGHV_41,IGHV_42,IGHV_43|PRCOUNT=3,1,2,1,5,2,1,1,1,1,1,1,1,1,1,1
  LARGE_HEADER: TCCGTCAAATTTTCG|CONSCOUNT=36|PRIMER=IGHV_10,IGHV_14,IGHV_15,IGHV_16,IGHV_2,IGHV_21,IGHV_22,IGHV_26,IGHV_28,IGHV_30,IGHV_32,IGHV_33,IGHV_36,IGHV_37,IGHV_39,IGHV_40,IGHV_41,IGHV_42,IGHV_43|PRCOUNT=3,1,2,1,11,1,1,2,1,3,1,2,1,1,1,1,1,1,1

- CATATTTACAGTGGT
  STATUS: FOUND_DIFFERENT
  SMALL_HEADER: CATATTTACAGTGGT|CONSCOUNT=2|PRIMER=IGHV_27|PRCOUNT=2
  LARGE_HEADER: CATATTTACAGTGGT|CONSCOUNT=4|PRIMER=IGHV_27|PRCOUNT=4

- AGTGATAACAATCTG
  STATUS: IDENTICAL
  SMALL_HEADER: AGTGATAACAATCTG|CONSCOUNT=1|PRIMER=IGHV_28|PRCOUNT=1
  LARGE_HEADER: AGTGATAACAATCTG|CONSCOUNT=1|PRIMER=IGHV_28|PRCOUNT=1

- GTGAGTGGAGGGCAA
  STATUS: IDENTICAL
  SMALL_HEADER: GTGAGTGGAGGGCAA|CONSCOUNT=1|PRIMER=IGHV_22|PRCOUNT=1
  LARGE_HEADER: GTGAGTGGAGGGCAA|CONSCOUNT=1|PRIMER=IGHV_22|PRCOUNT=1

- GGAGAAGGCGGGTAT
  STATUS: FOUND_DIFFERENT
  SMALL_HEADER: GGAGAAGGCGGGTAT|CONSCOUNT=1|PRIMER=IGHV_35|PRCOUNT=1
  LARGE_HEADER: GGAGAAGGCGGGTAT|CONSCOUNT=2|PRIMER=IGHV_35|PRCOUNT=2

- TCATCGCTTCGTTGC
  STATUS: FOUND_DIFFERENT
  SMALL_HEADER: TCATCGCTTCGTTGC|CONSCOUNT=43|PRIMER=IGHV_10,IGHV_12,IGHV_14,IGHV_15,IGHV_2,IGHV_26,IGHV_28,IGHV_30,IGHV_32,IGHV_4,IGHV_45,IGHV_6,IGHV_8,IGHV_9|PRCOUNT=2,3,12,1,1,3,2,2,2,8,2,2,2,1
  LARGE_HEADER: TCATCGCTTCGTTGC|CONSCOUNT=445|PRIMER=IGHV_10,IGHV_11,IGHV_12,IGHV_13,IGHV_14,IGHV_15,IGHV_16,IGHV_2,IGHV_21,IGHV_22,IGHV_26,IGHV_28,IGHV_30,IGHV_32,IGHV_33,IGHV_36,IGHV_37,IGHV_4,IGHV_40,IGHV_41,IGHV_45,IGHV_6,IGHV_8,IGHV_9|PRCOUNT=25,10,34,3,75,10,3,47,2,1,17,41,14,19,2,7,7,77,3,5,20,6,5,12

- TCCAATTCATGTCGC
  STATUS: FOUND_DIFFERENT
  SMALL_HEADER: TCCAATTCATGTCGC|CONSCOUNT=4|PRIMER=IGHV_2,IGHV_22,IGHV_30,IGHV_40|PRCOUNT=1,1,1,1
  LARGE_HEADER: TCCAATTCATGTCGC|CONSCOUNT=14|PRIMER=IGHV_14,IGHV_2,IGHV_22,IGHV_30,IGHV_32,IGHV_40|PRCOUNT=1,9,1,1,1,1

- AGGTCTACAGATGCG
  STATUS: SAME_SEQUENCE
  SMALL_HEADER: AGGTCTACAGATGCG|CONSCOUNT=4|PRIMER=IGHV_14,IGHV_2|PRCOUNT=1,3
  LARGE_HEADER: AGGTCTACAGATGCG|CONSCOUNT=6|PRIMER=IGHV_14,IGHV_2|PRCOUNT=1,5

- TAGGATGTTCATCAC
  STATUS: SAME_SEQUENCE
  SMALL_HEADER: TAGGATGTTCATCAC|CONSCOUNT=8|PRIMER=IGHV_12,IGHV_14,IGHV_26,IGHV_37,IGHV_6|PRCOUNT=2,1,1,1,3
  LARGE_HEADER: TAGGATGTTCATCAC|CONSCOUNT=26|PRIMER=IGHV_12,IGHV_14,IGHV_2,IGHV_26,IGHV_32,IGHV_37,IGHV_45,IGHV_6|PRCOUNT=4,3,1,2,1,2,1,12

- TCATCTCCTATGTCC
  STATUS: SAME_SEQUENCE
  SMALL_HEADER: TCATCTCCTATGTCC|CONSCOUNT=6|PRIMER=IGHV_10,IGHV_15,IGHV_2|PRCOUNT=1,1,4
  LARGE_HEADER: TCATCTCCTATGTCC|CONSCOUNT=13|PRIMER=IGHV_10,IGHV_15,IGHV_2,IGHV_21,IGHV_30,IGHV_33|PRCOUNT=2,1,7,1,1,1

- CCCCGCGTTTTCCCT
  STATUS: FOUND_DIFFERENT
  SMALL_HEADER: CCCCGCGTTTTCCCT|CONSCOUNT=57|PRIMER=IGHV_15,IGHV_2,IGHV_3,IGHV_36,IGHV_44,IGHV_7|PRCOUNT=1,4,22,1,18,11
  LARGE_HEADER: CCCCGCGTTTTCCCT|CONSCOUNT=274|PRIMER=IGHV_10,IGHV_13,IGHV_15,IGHV_2,IGHV_21,IGHV_26,IGHV_3,IGHV_33,IGHV_36,IGHV_40,IGHV_41,IGHV_44,IGHV_7|PRCOUNT=3,2,4,12,1,1,99,6,3,6,1,59,77

- CTGCATCGTTCTCTC
  STATUS: SAME_SEQUENCE
  SMALL_HEADER: CTGCATCGTTCTCTC|CONSCOUNT=25|PRIMER=IGHV_15,IGHV_16,IGHV_2,IGHV_26,IGHV_30,IGHV_33,IGHV_36,IGHV_40,IGHV_41|PRCOUNT=3,2,10,3,1,2,2,1,1
  LARGE_HEADER: CTGCATCGTTCTCTC|CONSCOUNT=201|PRIMER=IGHV_10,IGHV_11,IGHV_12,IGHV_13,IGHV_14,IGHV_15,IGHV_16,IGHV_2,IGHV_21,IGHV_22,IGHV_26,IGHV_28,IGHV_30,IGHV_32,IGHV_33,IGHV_36,IGHV_40,IGHV_41,IGHV_43,IGHV_45|PRCOUNT=5,2,1,4,3,6,2,86,8,2,15,1,1,6,8,10,32,1,7,1

- TGCGCCTGGAATCAG
  STATUS: SAME_SEQUENCE
  SMALL_HEADER: TGCGCCTGGAATCAG|CONSCOUNT=12|PRIMER=IGHV_10,IGHV_13,IGHV_14,IGHV_2,IGHV_43|PRCOUNT=1,1,1,8,1
  LARGE_HEADER: TGCGCCTGGAATCAG|CONSCOUNT=101|PRIMER=IGHV_10,IGHV_13,IGHV_14,IGHV_2,IGHV_21,IGHV_22,IGHV_26,IGHV_28,IGHV_32,IGHV_33,IGHV_36,IGHV_40,IGHV_43|PRCOUNT=8,1,6,56,3,5,1,2,2,4,3,6,4

- ATTTAAACCCGCTGT
  STATUS: SAME_SEQUENCE
  SMALL_HEADER: ATTTAAACCCGCTGT|CONSCOUNT=4|PRIMER=IGHV_10,IGHV_2,IGHV_22,IGHV_40|PRCOUNT=1,1,1,1
  LARGE_HEADER: ATTTAAACCCGCTGT|CONSCOUNT=10|PRIMER=IGHV_10,IGHV_2,IGHV_21,IGHV_22,IGHV_28,IGHV_40|PRCOUNT=3,3,1,1,1,1

- CAAGGGATACAGCGT
  STATUS: SAME_SEQUENCE
  SMALL_HEADER: CAAGGGATACAGCGT|CONSCOUNT=7|PRIMER=IGHV_2,IGHV_32,IGHV_33,IGHV_35|PRCOUNT=4,1,1,1
  LARGE_HEADER: CAAGGGATACAGCGT|CONSCOUNT=45|PRIMER=IGHV_10,IGHV_13,IGHV_14,IGHV_2,IGHV_21,IGHV_26,IGHV_32,IGHV_33,IGHV_35|PRCOUNT=3,2,3,14,4,4,2,10,3

- TACATGCATCCCATA
  STATUS: FOUND_DIFFERENT
  SMALL_HEADER: TACATGCATCCCATA|CONSCOUNT=1|PRIMER=IGHV_2|PRCOUNT=1
  LARGE_HEADER: TACATGCATCCCATA|CONSCOUNT=9|PRIMER=IGHV_13,IGHV_14,IGHV_2,IGHV_21,IGHV_26,IGHV_32|PRCOUNT=1,1,4,1,1,1

- CGAGCGGCGATTGAT
  STATUS: SAME_SEQUENCE
  SMALL_HEADER: CGAGCGGCGATTGAT|CONSCOUNT=19|PRIMER=IGHV_1,IGHV_10,IGHV_13|PRCOUNT=16,2,1
  LARGE_HEADER: CGAGCGGCGATTGAT|CONSCOUNT=99|PRIMER=IGHV_1,IGHV_10,IGHV_13,IGHV_21,IGHV_22,IGHV_32|PRCOUNT=74,10,6,4,1,4

- AGAAGTGTTTGCTGG
  STATUS: FOUND_DIFFERENT
  SMALL_HEADER: AGAAGTGTTTGCTGG|CONSCOUNT=22|PRIMER=IGHV_10,IGHV_12,IGHV_14,IGHV_2,IGHV_30,IGHV_33,IGHV_39,IGHV_6|PRCOUNT=4,1,7,5,1,1,2,1
  LARGE_HEADER: AGAAGTGTTTGCTGG|CONSCOUNT=38|PRIMER=IGHV_10,IGHV_11,IGHV_12,IGHV_14,IGHV_16,IGHV_2,IGHV_26,IGHV_30,IGHV_32,IGHV_33,IGHV_37,IGHV_39,IGHV_41,IGHV_6|PRCOUNT=6,2,2,10,1,7,1,1,1,1,1,3,1,1

- ATGTTTAACGTACGA
  STATUS: FOUND_DIFFERENT
  SMALL_HEADER: ATGTTTAACGTACGA|CONSCOUNT=1|PRIMER=IGHV_2|PRCOUNT=1
  LARGE_HEADER: ATGTTTAACGTACGA|CONSCOUNT=3|PRIMER=IGHV_11,IGHV_2,IGHV_28|PRCOUNT=1,1,1

- GGTGCGGTTACGATC
  STATUS: FOUND_DIFFERENT
  SMALL_HEADER: GGTGCGGTTACGATC|CONSCOUNT=51|PRIMER=IGHV_10,IGHV_12,IGHV_13,IGHV_14,IGHV_15,IGHV_16,IGHV_2,IGHV_21,IGHV_22,IGHV_26,IGHV_28,IGHV_30,IGHV_32,IGHV_33,IGHV_40,IGHV_43,IGHV_45,IGHV_9|PRCOUNT=1,1,2,3,1,1,17,1,4,2,1,1,4,3,5,2,1,1
  LARGE_HEADER: GGTGCGGTTACGATC|CONSCOUNT=1109|PRIMER=IGHV_10,IGHV_11,IGHV_12,IGHV_13,IGHV_14,IGHV_15,IGHV_16,IGHV_2,IGHV_21,IGHV_22,IGHV_25,IGHV_26,IGHV_28,IGHV_30,IGHV_32,IGHV_33,IGHV_36,IGHV_37,IGHV_40,IGHV_41,IGHV_43,IGHV_45,IGHV_6,IGHV_8,IGHV_9|PRCOUNT=52,11,7,46,66,44,3,441,37,26,1,58,29,32,48,36,59,6,47,4,10,17,13,6,10

- GGAGGGGGCGTTCCC
  STATUS: FOUND_DIFFERENT
  SMALL_HEADER: GGAGGGGGCGTTCCC|CONSCOUNT=3|PRIMER=IGHV_28,IGHV_32,IGHV_8|PRCOUNT=1,1,1
  LARGE_HEADER: GGAGGGGGCGTTCCC|CONSCOUNT=7|PRIMER=IGHV_14,IGHV_15,IGHV_2,IGHV_28,IGHV_32,IGHV_33,IGHV_8|PRCOUNT=1,1,1,1,1,1,1

- CTTATAGTTGAACAG
  STATUS: FOUND_DIFFERENT
  SMALL_HEADER: CTTATAGTTGAACAG|CONSCOUNT=6|PRIMER=IGHV_14,IGHV_21,IGHV_28,IGHV_4|PRCOUNT=1,1,2,2
  LARGE_HEADER: CTTATAGTTGAACAG|CONSCOUNT=71|PRIMER=IGHV_10,IGHV_13,IGHV_14,IGHV_2,IGHV_21,IGHV_28,IGHV_32,IGHV_4,IGHV_40,IGHV_41,IGHV_45,IGHV_8|PRCOUNT=2,4,4,12,2,14,1,18,2,7,4,1

- TACAGCGAGGCAGGG
  STATUS: FOUND_DIFFERENT
  SMALL_HEADER: TACAGCGAGGCAGGG|CONSCOUNT=4|PRIMER=IGHV_13,IGHV_15,IGHV_28,IGHV_8|PRCOUNT=1,1,1,1
  LARGE_HEADER: TACAGCGAGGCAGGG|CONSCOUNT=24|PRIMER=IGHV_10,IGHV_13,IGHV_14,IGHV_15,IGHV_2,IGHV_21,IGHV_22,IGHV_28,IGHV_32,IGHV_8|PRCOUNT=4,4,1,1,8,2,1,1,1,1

- CTGGGGGAAGGAGTG
  STATUS: SAME_SEQUENCE
  SMALL_HEADER: CTGGGGGAAGGAGTG|CONSCOUNT=6|PRIMER=IGHV_11,IGHV_12,IGHV_14,IGHV_4,IGHV_6|PRCOUNT=1,1,2,1,1
  LARGE_HEADER: CTGGGGGAAGGAGTG|CONSCOUNT=109|PRIMER=IGHV_10,IGHV_11,IGHV_12,IGHV_14,IGHV_2,IGHV_30,IGHV_32,IGHV_36,IGHV_39,IGHV_4,IGHV_40,IGHV_45,IGHV_6,IGHV_8|PRCOUNT=6,4,3,22,9,3,1,1,6,44,2,2,4,2

- GGCTGTATGTCGCTA
  STATUS: FOUND_DIFFERENT
  SMALL_HEADER: GGCTGTATGTCGCTA|CONSCOUNT=7|PRIMER=IGHV_11,IGHV_12,IGHV_13,IGHV_28,IGHV_3,IGHV_41|PRCOUNT=1,1,1,1,1,2
  LARGE_HEADER: GGCTGTATGTCGCTA|CONSCOUNT=26|PRIMER=IGHV_11,IGHV_12,IGHV_13,IGHV_14,IGHV_2,IGHV_26,IGHV_28,IGHV_3,IGHV_41,IGHV_45,IGHV_6|PRCOUNT=1,3,1,2,4,1,5,4,3,1,1

- TTTTCTCAATTGCTG
  STATUS: FOUND_DIFFERENT
  SMALL_HEADER: TTTTCTCAATTGCTG|CONSCOUNT=1|PRIMER=IGHV_27|PRCOUNT=1
  LARGE_HEADER: TTTTCTCAATTGCTG|CONSCOUNT=4|PRIMER=IGHV_27|PRCOUNT=4

- TCGCAAATTACCATA
  STATUS: FOUND_DIFFERENT
  SMALL_HEADER: TCGCAAATTACCATA|CONSCOUNT=2|PRIMER=IGHV_13,IGHV_30|PRCOUNT=1,1
  LARGE_HEADER: TCGCAAATTACCATA|CONSCOUNT=5|PRIMER=IGHV_11,IGHV_13,IGHV_30,IGHV_33,IGHV_36|PRCOUNT=1,1,1,1,1

- ACTAGTCTACATAGG
  STATUS: IDENTICAL
  SMALL_HEADER: ACTAGTCTACATAGG|CONSCOUNT=1|PRIMER=IGHV_20|PRCOUNT=1
  LARGE_HEADER: ACTAGTCTACATAGG|CONSCOUNT=1|PRIMER=IGHV_20|PRCOUNT=1

- CTGTTGACACTCTTC
  STATUS: SAME_SEQUENCE
  SMALL_HEADER: CTGTTGACACTCTTC|CONSCOUNT=33|PRIMER=IGHV_10,IGHV_13,IGHV_15,IGHV_2,IGHV_26,IGHV_28,IGHV_36,IGHV_43,IGHV_6|PRCOUNT=4,2,2,19,2,1,1,1,1
  LARGE_HEADER: CTGTTGACACTCTTC|CONSCOUNT=349|PRIMER=IGHV_10,IGHV_11,IGHV_12,IGHV_13,IGHV_14,IGHV_15,IGHV_2,IGHV_21,IGHV_22,IGHV_26,IGHV_28,IGHV_30,IGHV_32,IGHV_33,IGHV_36,IGHV_40,IGHV_43,IGHV_6,IGHV_8|PRCOUNT=19,1,3,24,11,13,175,15,6,10,4,5,10,11,11,16,12,2,1

- ACATGGAATATTGAT
  STATUS: SAME_SEQUENCE
  SMALL_HEADER: ACATGGAATATTGAT|CONSCOUNT=3|PRIMER=IGHV_14,IGHV_2,IGHV_26|PRCOUNT=1,1,1
  LARGE_HEADER: ACATGGAATATTGAT|CONSCOUNT=5|PRIMER=IGHV_14,IGHV_2,IGHV_26|PRCOUNT=2,2,1

- TTACACTTTTTGGTC
  STATUS: IDENTICAL
  SMALL_HEADER: TTACACTTTTTGGTC|CONSCOUNT=1|PRIMER=IGHV_14|PRCOUNT=1
  LARGE_HEADER: TTACACTTTTTGGTC|CONSCOUNT=1|PRIMER=IGHV_14|PRCOUNT=1

- GTCGGGATCACAGGG
  STATUS: SAME_SEQUENCE
  SMALL_HEADER: GTCGGGATCACAGGG|CONSCOUNT=2|PRIMER=IGHV_11|PRCOUNT=2
  LARGE_HEADER: GTCGGGATCACAGGG|CONSCOUNT=3|PRIMER=IGHV_11|PRCOUNT=3

- TCAAGTTCAACGTCA
  STATUS: IDENTICAL
  SMALL_HEADER: TCAAGTTCAACGTCA|CONSCOUNT=1|PRIMER=IGHV_2|PRCOUNT=1
  LARGE_HEADER: TCAAGTTCAACGTCA|CONSCOUNT=1|PRIMER=IGHV_2|PRCOUNT=1

- GGTTGTTCGACGCTT
  STATUS: SAME_SEQUENCE
  SMALL_HEADER: GGTTGTTCGACGCTT|CONSCOUNT=26|PRIMER=IGHV_11,IGHV_12,IGHV_14,IGHV_2,IGHV_26,IGHV_28,IGHV_32,IGHV_45|PRCOUNT=3,1,10,3,5,2,1,1
  LARGE_HEADER: GGTTGTTCGACGCTT|CONSCOUNT=101|PRIMER=IGHV_10,IGHV_11,IGHV_12,IGHV_13,IGHV_14,IGHV_16,IGHV_2,IGHV_22,IGHV_26,IGHV_28,IGHV_30,IGHV_32,IGHV_33,IGHV_43,IGHV_45,IGHV_6,IGHV_8|PRCOUNT=1,11,7,2,34,1,12,1,9,3,2,5,1,4,2,3,3

- TATGTGTGCTTTTTT
  STATUS: FOUND_DIFFERENT
  SMALL_HEADER: TATGTGTGCTTTTTT|CONSCOUNT=1|PRIMER=IGHV_27|PRCOUNT=1
  LARGE_HEADER: TATGTGTGCTTTTTT|CONSCOUNT=5|PRIMER=IGHV_27,IGHV_32|PRCOUNT=4,1

- TTATCCCAACTGTCC
  STATUS: SAME_SEQUENCE
  SMALL_HEADER: TTATCCCAACTGTCC|CONSCOUNT=5|PRIMER=IGHV_14,IGHV_26|PRCOUNT=3,2
  LARGE_HEADER: TTATCCCAACTGTCC|CONSCOUNT=21|PRIMER=IGHV_14,IGHV_2,IGHV_26,IGHV_43,IGHV_6|PRCOUNT=9,4,6,1,1

- ATAGGAATTGTTGTA
  STATUS: IDENTICAL
  SMALL_HEADER: ATAGGAATTGTTGTA|CONSCOUNT=2|PRIMER=IGHV_10,IGHV_2|PRCOUNT=1,1
  LARGE_HEADER: ATAGGAATTGTTGTA|CONSCOUNT=2|PRIMER=IGHV_10,IGHV_2|PRCOUNT=1,1

- TGGCGTAGTGACCGG
  STATUS: IDENTICAL
  SMALL_HEADER: TGGCGTAGTGACCGG|CONSCOUNT=1|PRIMER=IGHV_44|PRCOUNT=1
  LARGE_HEADER: TGGCGTAGTGACCGG|CONSCOUNT=1|PRIMER=IGHV_44|PRCOUNT=1

- CTGATTCCTGAACGC
  STATUS: SAME_SEQUENCE
  SMALL_HEADER: CTGATTCCTGAACGC|CONSCOUNT=3|PRIMER=IGHV_10,IGHV_2,IGHV_37|PRCOUNT=1,1,1
  LARGE_HEADER: CTGATTCCTGAACGC|CONSCOUNT=9|PRIMER=IGHV_10,IGHV_2,IGHV_32,IGHV_37|PRCOUNT=1,6,1,1

- GCCGGCTTTCACTGT
  STATUS: FOUND_DIFFERENT
  SMALL_HEADER: GCCGGCTTTCACTGT|CONSCOUNT=2|PRIMER=IGHV_10,IGHV_2|PRCOUNT=1,1
  LARGE_HEADER: GCCGGCTTTCACTGT|CONSCOUNT=9|PRIMER=IGHV_10,IGHV_13,IGHV_14,IGHV_2,IGHV_33|PRCOUNT=1,1,1,4,2

- ATTAGTTAATCTTGT
  STATUS: SAME_SEQUENCE
  SMALL_HEADER: ATTAGTTAATCTTGT|CONSCOUNT=10|PRIMER=IGHV_12,IGHV_14,IGHV_2,IGHV_22,IGHV_30,IGHV_36|PRCOUNT=1,4,2,1,1,1
  LARGE_HEADER: ATTAGTTAATCTTGT|CONSCOUNT=15|PRIMER=IGHV_10,IGHV_12,IGHV_14,IGHV_2,IGHV_22,IGHV_30,IGHV_36|PRCOUNT=1,2,4,5,1,1,1

- ACCCTAGCATATCGA
  STATUS: FOUND_DIFFERENT
  SMALL_HEADER: ACCCTAGCATATCGA|CONSCOUNT=1|PRIMER=IGHV_40|PRCOUNT=1
  LARGE_HEADER: ACCCTAGCATATCGA|CONSCOUNT=4|PRIMER=IGHV_40|PRCOUNT=4

- GAGTAGGGTCCTTGA
  STATUS: FOUND_DIFFERENT
  SMALL_HEADER: GAGTAGGGTCCTTGA|CONSCOUNT=14|PRIMER=IGHV_10,IGHV_12,IGHV_13,IGHV_16,IGHV_2,IGHV_21,IGHV_28,IGHV_39|PRCOUNT=1,1,3,1,5,1,1,1
  LARGE_HEADER: GAGTAGGGTCCTTGA|CONSCOUNT=301|PRIMER=IGHV_10,IGHV_11,IGHV_12,IGHV_13,IGHV_14,IGHV_15,IGHV_16,IGHV_2,IGHV_21,IGHV_22,IGHV_26,IGHV_28,IGHV_30,IGHV_32,IGHV_33,IGHV_36,IGHV_37,IGHV_39,IGHV_40,IGHV_43,IGHV_6,IGHV_9|PRCOUNT=12,3,3,16,12,16,2,122,14,7,6,4,11,27,11,3,2,1,19,2,7,1

- GCGTTTTTGCACTTG
  STATUS: FOUND_DIFFERENT
  SMALL_HEADER: GCGTTTTTGCACTTG|CONSCOUNT=2|PRIMER=IGHV_1|PRCOUNT=2
  LARGE_HEADER: GCGTTTTTGCACTTG|CONSCOUNT=8|PRIMER=IGHV_1|PRCOUNT=8

- GACTTCAAGGGGGTG
  STATUS: SAME_SEQUENCE
  SMALL_HEADER: GACTTCAAGGGGGTG|CONSCOUNT=9|PRIMER=IGHV_11,IGHV_14,IGHV_28,IGHV_30,IGHV_4,IGHV_45|PRCOUNT=1,1,1,1,4,1
  LARGE_HEADER: GACTTCAAGGGGGTG|CONSCOUNT=33|PRIMER=IGHV_10,IGHV_11,IGHV_14,IGHV_16,IGHV_2,IGHV_28,IGHV_30,IGHV_32,IGHV_4,IGHV_45,IGHV_8|PRCOUNT=1,1,2,1,5,2,6,1,10,3,1

- GGAAGGTAACGTGCA
  STATUS: SAME_SEQUENCE
  SMALL_HEADER: GGAAGGTAACGTGCA|CONSCOUNT=15|PRIMER=IGHV_11,IGHV_14,IGHV_37,IGHV_39,IGHV_6|PRCOUNT=4,1,3,4,3
  LARGE_HEADER: GGAAGGTAACGTGCA|CONSCOUNT=30|PRIMER=IGHV_10,IGHV_11,IGHV_14,IGHV_2,IGHV_26,IGHV_37,IGHV_39,IGHV_6|PRCOUNT=1,7,4,1,1,5,7,4

- TGGCGCTGGTTTGAC
  STATUS: IDENTICAL
  SMALL_HEADER: TGGCGCTGGTTTGAC|CONSCOUNT=1|PRIMER=IGHV_27|PRCOUNT=1
  LARGE_HEADER: TGGCGCTGGTTTGAC|CONSCOUNT=1|PRIMER=IGHV_27|PRCOUNT=1

- TGTACGCAAACGTCA
  STATUS: IDENTICAL
  SMALL_HEADER: TGTACGCAAACGTCA|CONSCOUNT=1|PRIMER=IGHV_14|PRCOUNT=1
  LARGE_HEADER: TGTACGCAAACGTCA|CONSCOUNT=1|PRIMER=IGHV_14|PRCOUNT=1

- CAGGTTTCGGAAGTG
  STATUS: IDENTICAL
  SMALL_HEADER: CAGGTTTCGGAAGTG|CONSCOUNT=1|PRIMER=IGHV_27|PRCOUNT=1
  LARGE_HEADER: CAGGTTTCGGAAGTG|CONSCOUNT=1|PRIMER=IGHV_27|PRCOUNT=1

- ACTTTCAATGCGGAA
  STATUS: SAME_SEQUENCE
  SMALL_HEADER: ACTTTCAATGCGGAA|CONSCOUNT=13|PRIMER=IGHV_1,IGHV_17|PRCOUNT=1,12
  LARGE_HEADER: ACTTTCAATGCGGAA|CONSCOUNT=29|PRIMER=IGHV_1,IGHV_17|PRCOUNT=3,26

- GTCATTGTTCTACTT
  STATUS: FOUND_DIFFERENT
  SMALL_HEADER: GTCATTGTTCTACTT|CONSCOUNT=1|PRIMER=IGHV_1|PRCOUNT=1
  LARGE_HEADER: GTCATTGTTCTACTT|CONSCOUNT=2|PRIMER=IGHV_1|PRCOUNT=2

- CTAGAGGATGCGCAT
  STATUS: FOUND_DIFFERENT
  SMALL_HEADER: CTAGAGGATGCGCAT|CONSCOUNT=21|PRIMER=IGHV_11,IGHV_13,IGHV_14,IGHV_16,IGHV_2,IGHV_4,IGHV_45,IGHV_8|PRCOUNT=2,1,8,2,2,1,4,1
  LARGE_HEADER: CTAGAGGATGCGCAT|CONSCOUNT=276|PRIMER=IGHV_10,IGHV_11,IGHV_12,IGHV_13,IGHV_14,IGHV_15,IGHV_16,IGHV_2,IGHV_21,IGHV_22,IGHV_26,IGHV_28,IGHV_30,IGHV_33,IGHV_36,IGHV_37,IGHV_4,IGHV_40,IGHV_41,IGHV_45,IGHV_6,IGHV_8,IGHV_9|PRCOUNT=12,17,14,4,47,3,10,22,2,5,25,26,8,7,1,7,29,8,2,11,1,9,6

- CATGCGGGCGGGCGG
  STATUS: FOUND_DIFFERENT
  SMALL_HEADER: CATGCGGGCGGGCGG|CONSCOUNT=1|PRIMER=IGHV_28|PRCOUNT=1
  LARGE_HEADER: CATGCGGGCGGGCGG|CONSCOUNT=2|PRIMER=IGHV_2,IGHV_28|PRCOUNT=1,1

- ATAACGAGAATGACC
  STATUS: SAME_SEQUENCE
  SMALL_HEADER: ATAACGAGAATGACC|CONSCOUNT=5|PRIMER=IGHV_13,IGHV_14,IGHV_2,IGHV_26,IGHV_36|PRCOUNT=1,1,1,1,1
  LARGE_HEADER: ATAACGAGAATGACC|CONSCOUNT=13|PRIMER=IGHV_10,IGHV_13,IGHV_14,IGHV_2,IGHV_21,IGHV_26,IGHV_32,IGHV_36|PRCOUNT=2,1,1,5,1,1,1,1

- CTTCGTTCTACAATA
  STATUS: FOUND_DIFFERENT
  SMALL_HEADER: CTTCGTTCTACAATA|CONSCOUNT=3|PRIMER=IGHV_12,IGHV_2|PRCOUNT=1,2
  LARGE_HEADER: CTTCGTTCTACAATA|CONSCOUNT=17|PRIMER=IGHV_12,IGHV_13,IGHV_14,IGHV_15,IGHV_2,IGHV_22,IGHV_26,IGHV_33,IGHV_42|PRCOUNT=1,1,2,1,6,1,1,2,2

- TATTTCATTACTCGT
  STATUS: SAME_SEQUENCE
  SMALL_HEADER: TATTTCATTACTCGT|CONSCOUNT=7|PRIMER=IGHV_2,IGHV_3,IGHV_44,IGHV_7|PRCOUNT=1,3,2,1
  LARGE_HEADER: TATTTCATTACTCGT|CONSCOUNT=61|PRIMER=IGHV_2,IGHV_3,IGHV_32,IGHV_33,IGHV_44,IGHV_7|PRCOUNT=4,16,2,1,19,19

- ATTTATATCAGCTTG
  STATUS: FOUND_DIFFERENT
  SMALL_HEADER: ATTTATATCAGCTTG|CONSCOUNT=1|PRIMER=IGHV_36|PRCOUNT=1
  LARGE_HEADER: ATTTATATCAGCTTG|CONSCOUNT=4|PRIMER=IGHV_2,IGHV_21,IGHV_36,IGHV_4|PRCOUNT=1,1,1,1

- CCGCACAATAAATTC
  STATUS: SAME_SEQUENCE
  SMALL_HEADER: CCGCACAATAAATTC|CONSCOUNT=7|PRIMER=IGHV_13,IGHV_14,IGHV_2,IGHV_21,IGHV_33,IGHV_40,IGHV_6|PRCOUNT=1,1,1,1,1,1,1
  LARGE_HEADER: CCGCACAATAAATTC|CONSCOUNT=75|PRIMER=IGHV_11,IGHV_12,IGHV_13,IGHV_14,IGHV_15,IGHV_2,IGHV_21,IGHV_26,IGHV_30,IGHV_32,IGHV_33,IGHV_40,IGHV_6|PRCOUNT=8,3,6,7,1,17,2,8,1,1,9,1,11

- TGTGTGTATGGAGGG
  STATUS: FOUND_DIFFERENT
  SMALL_HEADER: TGTGTGTATGGAGGG|CONSCOUNT=121|PRIMER=IGHV_10,IGHV_11,IGHV_12,IGHV_13,IGHV_14,IGHV_15,IGHV_2,IGHV_21,IGHV_22,IGHV_26,IGHV_28,IGHV_30,IGHV_32,IGHV_33,IGHV_36,IGHV_39,IGHV_4,IGHV_40,IGHV_41|PRCOUNT=10,1,1,2,6,2,55,6,8,4,1,2,10,3,5,1,1,2,1
  LARGE_HEADER: TGTGTGTATGGAGGG|CONSCOUNT=766|PRIMER=IGHV_10,IGHV_11,IGHV_12,IGHV_13,IGHV_14,IGHV_15,IGHV_2,IGHV_21,IGHV_22,IGHV_26,IGHV_28,IGHV_30,IGHV_32,IGHV_33,IGHV_34,IGHV_36,IGHV_37,IGHV_39,IGHV_4,IGHV_40,IGHV_41,IGHV_42|PRCOUNT=58,10,3,26,31,18,388,25,38,34,4,8,51,21,1,19,1,2,1,23,3,1

- TTCCTTCCCATATTG
  STATUS: FOUND_DIFFERENT
  SMALL_HEADER: TTCCTTCCCATATTG|CONSCOUNT=1|PRIMER=IGHV_14|PRCOUNT=1
  LARGE_HEADER: TTCCTTCCCATATTG|CONSCOUNT=5|PRIMER=IGHV_14,IGHV_2,IGHV_30|PRCOUNT=3,1,1

- ACTTAGTGTGTATAC
  STATUS: SAME_SEQUENCE
  SMALL_HEADER: ACTTAGTGTGTATAC|CONSCOUNT=6|PRIMER=IGHV_13,IGHV_14,IGHV_32,IGHV_36,IGHV_41,IGHV_6|PRCOUNT=1,1,1,1,1,1
  LARGE_HEADER: ACTTAGTGTGTATAC|CONSCOUNT=99|PRIMER=IGHV_10,IGHV_11,IGHV_13,IGHV_14,IGHV_15,IGHV_2,IGHV_22,IGHV_32,IGHV_33,IGHV_36,IGHV_39,IGHV_41,IGHV_6|PRCOUNT=19,4,7,5,2,37,7,9,1,2,1,3,2

- GATTACTTCAGTATA
  STATUS: FOUND_DIFFERENT
  SMALL_HEADER: GATTACTTCAGTATA|CONSCOUNT=10|PRIMER=IGHV_22,IGHV_27,IGHV_28,IGHV_32|PRCOUNT=1,4,4,1
  LARGE_HEADER: GATTACTTCAGTATA|CONSCOUNT=31|PRIMER=IGHV_11,IGHV_14,IGHV_2,IGHV_22,IGHV_27,IGHV_28,IGHV_32,IGHV_36,IGHV_8|PRCOUNT=1,5,1,1,15,5,1,1,1

- GTCTTATTCTTACTG
  STATUS: IDENTICAL
  SMALL_HEADER: GTCTTATTCTTACTG|CONSCOUNT=6|PRIMER=IGHV_10,IGHV_11,IGHV_2,IGHV_40|PRCOUNT=1,1,3,1
  LARGE_HEADER: GTCTTATTCTTACTG|CONSCOUNT=6|PRIMER=IGHV_10,IGHV_11,IGHV_2,IGHV_40|PRCOUNT=1,1,3,1

- ATTTTCACCCTGGCG
  STATUS: IDENTICAL
  SMALL_HEADER: ATTTTCACCCTGGCG|CONSCOUNT=1|PRIMER=IGHV_27|PRCOUNT=1
  LARGE_HEADER: ATTTTCACCCTGGCG|CONSCOUNT=1|PRIMER=IGHV_27|PRCOUNT=1

- CCAAGAAGTATTTTA
  STATUS: IDENTICAL
  SMALL_HEADER: CCAAGAAGTATTTTA|CONSCOUNT=1|PRIMER=IGHV_39|PRCOUNT=1
  LARGE_HEADER: CCAAGAAGTATTTTA|CONSCOUNT=1|PRIMER=IGHV_39|PRCOUNT=1

- TGTGTCTGTTGACAT
  STATUS: IDENTICAL
  SMALL_HEADER: TGTGTCTGTTGACAT|CONSCOUNT=2|PRIMER=IGHV_2|PRCOUNT=2
  LARGE_HEADER: TGTGTCTGTTGACAT|CONSCOUNT=2|PRIMER=IGHV_2|PRCOUNT=2

- TTCAGCCCTATCTTT
  STATUS: SAME_SEQUENCE
  SMALL_HEADER: TTCAGCCCTATCTTT|CONSCOUNT=3|PRIMER=IGHV_14,IGHV_2|PRCOUNT=2,1
  LARGE_HEADER: TTCAGCCCTATCTTT|CONSCOUNT=7|PRIMER=IGHV_11,IGHV_14,IGHV_2,IGHV_26|PRCOUNT=1,4,1,1

- TGAGCGATAGATAAT
  STATUS: FOUND_DIFFERENT
  SMALL_HEADER: TGAGCGATAGATAAT|CONSCOUNT=1|PRIMER=IGHV_36|PRCOUNT=1
  LARGE_HEADER: TGAGCGATAGATAAT|CONSCOUNT=4|PRIMER=IGHV_2,IGHV_36|PRCOUNT=3,1

- GGTCGTTTCGGAGGG
  STATUS: SAME_SEQUENCE
  SMALL_HEADER: GGTCGTTTCGGAGGG|CONSCOUNT=44|PRIMER=IGHV_10,IGHV_13,IGHV_14,IGHV_15,IGHV_2,IGHV_21,IGHV_22,IGHV_28,IGHV_32,IGHV_33,IGHV_36,IGHV_40,IGHV_43|PRCOUNT=3,3,1,2,16,5,2,1,2,4,3,1,1
  LARGE_HEADER: GGTCGTTTCGGAGGG|CONSCOUNT=251|PRIMER=IGHV_10,IGHV_13,IGHV_14,IGHV_15,IGHV_16,IGHV_2,IGHV_21,IGHV_22,IGHV_26,IGHV_28,IGHV_30,IGHV_32,IGHV_33,IGHV_36,IGHV_40,IGHV_43,IGHV_45|PRCOUNT=12,20,9,8,2,91,29,3,16,1,1,8,14,5,17,14,1

- TGGCTACGTATAAAC
  STATUS: SAME_SEQUENCE
  SMALL_HEADER: TGGCTACGTATAAAC|CONSCOUNT=2|PRIMER=IGHV_2|PRCOUNT=2
  LARGE_HEADER: TGGCTACGTATAAAC|CONSCOUNT=4|PRIMER=IGHV_2,IGHV_32|PRCOUNT=3,1

- CATATGGGTATCCTA
  STATUS: FOUND_DIFFERENT
  SMALL_HEADER: CATATGGGTATCCTA|CONSCOUNT=1|PRIMER=IGHV_30|PRCOUNT=1
  LARGE_HEADER: CATATGGGTATCCTA|CONSCOUNT=2|PRIMER=IGHV_14,IGHV_30|PRCOUNT=1,1

- CTTTCACTCATGACT
  STATUS: FOUND_DIFFERENT
  SMALL_HEADER: CTTTCACTCATGACT|CONSCOUNT=12|PRIMER=IGHV_1|PRCOUNT=12
  LARGE_HEADER: CTTTCACTCATGACT|CONSCOUNT=222|PRIMER=IGHV_1,IGHV_10,IGHV_32,IGHV_33,IGHV_37,IGHV_38,IGHV_43|PRCOUNT=199,12,6,1,1,1,2

- TTTCCTGTTACTCCT
  STATUS: SAME_SEQUENCE
  SMALL_HEADER: TTTCCTGTTACTCCT|CONSCOUNT=3|PRIMER=IGHV_14,IGHV_15,IGHV_22|PRCOUNT=1,1,1
  LARGE_HEADER: TTTCCTGTTACTCCT|CONSCOUNT=4|PRIMER=IGHV_10,IGHV_14,IGHV_15,IGHV_22|PRCOUNT=1,1,1,1

- GTATAAATTAAATTA
  STATUS: SAME_SEQUENCE
  SMALL_HEADER: GTATAAATTAAATTA|CONSCOUNT=3|PRIMER=IGHV_14,IGHV_2|PRCOUNT=1,2
  LARGE_HEADER: GTATAAATTAAATTA|CONSCOUNT=4|PRIMER=IGHV_14,IGHV_2|PRCOUNT=1,3

- TCATCCCGCGCACAC
  STATUS: FOUND_DIFFERENT
  SMALL_HEADER: TCATCCCGCGCACAC|CONSCOUNT=68|PRIMER=IGHV_10,IGHV_11,IGHV_13,IGHV_15,IGHV_16,IGHV_2,IGHV_21,IGHV_22,IGHV_26,IGHV_28,IGHV_32,IGHV_33,IGHV_36,IGHV_40,IGHV_43,IGHV_6|PRCOUNT=6,1,5,1,1,34,2,2,3,1,3,2,1,4,1,1
  LARGE_HEADER: TCATCCCGCGCACAC|CONSCOUNT=574|PRIMER=IGHV_10,IGHV_11,IGHV_12,IGHV_13,IGHV_14,IGHV_15,IGHV_16,IGHV_2,IGHV_21,IGHV_22,IGHV_26,IGHV_28,IGHV_30,IGHV_32,IGHV_33,IGHV_35,IGHV_36,IGHV_40,IGHV_43,IGHV_6,IGHV_8|PRCOUNT=39,4,2,40,9,17,4,259,15,20,22,6,3,34,24,2,19,24,26,3,2

- TCTTCGTATGAGTAT
  STATUS: SAME_SEQUENCE
  SMALL_HEADER: TCTTCGTATGAGTAT|CONSCOUNT=4|PRIMER=IGHV_14,IGHV_2|PRCOUNT=2,2
  LARGE_HEADER: TCTTCGTATGAGTAT|CONSCOUNT=9|PRIMER=IGHV_10,IGHV_14,IGHV_2,IGHV_30,IGHV_32|PRCOUNT=1,2,4,1,1

- AATGGATATAAACGA
  STATUS: FOUND_DIFFERENT
  SMALL_HEADER: AATGGATATAAACGA|CONSCOUNT=1|PRIMER=IGHV_27|PRCOUNT=1
  LARGE_HEADER: AATGGATATAAACGA|CONSCOUNT=2|PRIMER=IGHV_27|PRCOUNT=2

- TAAAATGGGACGGTC
  STATUS: FOUND_DIFFERENT
  SMALL_HEADER: TAAAATGGGACGGTC|CONSCOUNT=2|PRIMER=IGHV_2,IGHV_21|PRCOUNT=1,1
  LARGE_HEADER: TAAAATGGGACGGTC|CONSCOUNT=23|PRIMER=IGHV_2,IGHV_21,IGHV_26,IGHV_36|PRCOUNT=17,3,1,2

- TCCCGGATACGATTG
  STATUS: SAME_SEQUENCE
  SMALL_HEADER: TCCCGGATACGATTG|CONSCOUNT=18|PRIMER=IGHV_10,IGHV_12,IGHV_14,IGHV_2,IGHV_21,IGHV_22,IGHV_30,IGHV_32,IGHV_33,IGHV_37,IGHV_6|PRCOUNT=1,1,4,5,1,1,1,1,1,1,1
  LARGE_HEADER: TCCCGGATACGATTG|CONSCOUNT=110|PRIMER=IGHV_10,IGHV_11,IGHV_12,IGHV_13,IGHV_14,IGHV_2,IGHV_21,IGHV_22,IGHV_26,IGHV_28,IGHV_30,IGHV_32,IGHV_33,IGHV_36,IGHV_37,IGHV_40,IGHV_43,IGHV_6|PRCOUNT=8,5,6,6,24,27,1,1,4,4,4,6,2,3,2,2,1,4

- AATACCGGTGACGGT
  STATUS: SAME_SEQUENCE
  SMALL_HEADER: AATACCGGTGACGGT|CONSCOUNT=1|PRIMER=IGHV_2|PRCOUNT=1
  LARGE_HEADER: AATACCGGTGACGGT|CONSCOUNT=5|PRIMER=IGHV_2|PRCOUNT=5

- GCAGGTTTTCGTAGT
  STATUS: FOUND_DIFFERENT
  SMALL_HEADER: GCAGGTTTTCGTAGT|CONSCOUNT=7|PRIMER=IGHV_10,IGHV_13,IGHV_14,IGHV_2,IGHV_28|PRCOUNT=1,1,1,3,1
  LARGE_HEADER: GCAGGTTTTCGTAGT|CONSCOUNT=47|PRIMER=IGHV_10,IGHV_13,IGHV_14,IGHV_15,IGHV_2,IGHV_21,IGHV_28,IGHV_32,IGHV_36,IGHV_37,IGHV_39,IGHV_43|PRCOUNT=9,2,10,1,9,4,1,1,1,2,1,6

- TGTCCCTAAAAGTCA
  STATUS: FOUND_DIFFERENT
  SMALL_HEADER: TGTCCCTAAAAGTCA|CONSCOUNT=12|PRIMER=IGHV_2,IGHV_21,IGHV_33,IGHV_36|PRCOUNT=9,1,1,1
  LARGE_HEADER: TGTCCCTAAAAGTCA|CONSCOUNT=42|PRIMER=IGHV_13,IGHV_2,IGHV_21,IGHV_26,IGHV_32,IGHV_33,IGHV_36|PRCOUNT=1,24,4,2,4,2,5

- TTGGTATGAAAATCT
  STATUS: SAME_SEQUENCE
  SMALL_HEADER: TTGGTATGAAAATCT|CONSCOUNT=6|PRIMER=IGHV_26,IGHV_30,IGHV_6|PRCOUNT=1,1,4
  LARGE_HEADER: TTGGTATGAAAATCT|CONSCOUNT=25|PRIMER=IGHV_11,IGHV_26,IGHV_30,IGHV_41,IGHV_6|PRCOUNT=1,1,2,1,20

- ATTACTTCGATACTC
  STATUS: SAME_SEQUENCE
  SMALL_HEADER: ATTACTTCGATACTC|CONSCOUNT=11|PRIMER=IGHV_10,IGHV_14,IGHV_2,IGHV_21,IGHV_32|PRCOUNT=2,1,6,1,1
  LARGE_HEADER: ATTACTTCGATACTC|CONSCOUNT=18|PRIMER=IGHV_10,IGHV_13,IGHV_14,IGHV_2,IGHV_21,IGHV_32|PRCOUNT=2,1,1,12,1,1

- TGTGTTGGAAAATTA
  STATUS: SAME_SEQUENCE
  SMALL_HEADER: TGTGTTGGAAAATTA|CONSCOUNT=26|PRIMER=IGHV_17|PRCOUNT=26
  LARGE_HEADER: TGTGTTGGAAAATTA|CONSCOUNT=47|PRIMER=IGHV_1,IGHV_17|PRCOUNT=2,45

- GTTTTTCTACTGCTC
  STATUS: SAME_SEQUENCE
  SMALL_HEADER: GTTTTTCTACTGCTC|CONSCOUNT=1|PRIMER=IGHV_2|PRCOUNT=1
  LARGE_HEADER: GTTTTTCTACTGCTC|CONSCOUNT=4|PRIMER=IGHV_2|PRCOUNT=4

- AACGAGTCGAATAGT
  STATUS: FOUND_DIFFERENT
  SMALL_HEADER: AACGAGTCGAATAGT|CONSCOUNT=49|PRIMER=IGHV_10,IGHV_2,IGHV_3,IGHV_39,IGHV_40,IGHV_44,IGHV_7|PRCOUNT=2,2,25,1,1,10,8
  LARGE_HEADER: AACGAGTCGAATAGT|CONSCOUNT=204|PRIMER=IGHV_10,IGHV_13,IGHV_2,IGHV_21,IGHV_22,IGHV_3,IGHV_32,IGHV_33,IGHV_35,IGHV_36,IGHV_39,IGHV_40,IGHV_41,IGHV_44,IGHV_7|PRCOUNT=7,1,8,2,1,85,1,1,1,1,1,8,1,31,55

- GTTTCGAGATCGGGA
  STATUS: FOUND_DIFFERENT
  SMALL_HEADER: GTTTCGAGATCGGGA|CONSCOUNT=4|PRIMER=IGHV_10,IGHV_2,IGHV_32|PRCOUNT=1,2,1
  LARGE_HEADER: GTTTCGAGATCGGGA|CONSCOUNT=9|PRIMER=IGHV_10,IGHV_14,IGHV_2,IGHV_32|PRCOUNT=3,2,3,1

- AGAGTAGTGGGGATA
  STATUS: SAME_SEQUENCE
  SMALL_HEADER: AGAGTAGTGGGGATA|CONSCOUNT=2|PRIMER=IGHV_32,IGHV_33|PRCOUNT=1,1
  LARGE_HEADER: AGAGTAGTGGGGATA|CONSCOUNT=6|PRIMER=IGHV_10,IGHV_2,IGHV_32,IGHV_33|PRCOUNT=1,3,1,1

- GAGACAGGGTAGGTG
  STATUS: SAME_SEQUENCE
  SMALL_HEADER: GAGACAGGGTAGGTG|CONSCOUNT=5|PRIMER=IGHV_10,IGHV_14,IGHV_28,IGHV_6,IGHV_8|PRCOUNT=1,1,1,1,1
  LARGE_HEADER: GAGACAGGGTAGGTG|CONSCOUNT=11|PRIMER=IGHV_10,IGHV_14,IGHV_28,IGHV_6,IGHV_8|PRCOUNT=2,1,4,2,2

- GAGAGAGCTTTTCGC
  STATUS: FOUND_DIFFERENT
  SMALL_HEADER: GAGAGAGCTTTTCGC|CONSCOUNT=5|PRIMER=IGHV_10,IGHV_11,IGHV_2|PRCOUNT=1,1,3
  LARGE_HEADER: GAGAGAGCTTTTCGC|CONSCOUNT=10|PRIMER=IGHV_10,IGHV_11,IGHV_14,IGHV_2,IGHV_22|PRCOUNT=2,1,1,5,1

- GGACCACTACTGATG
  STATUS: SAME_SEQUENCE
  SMALL_HEADER: GGACCACTACTGATG|CONSCOUNT=5|PRIMER=IGHV_2,IGHV_32,IGHV_8|PRCOUNT=3,1,1
  LARGE_HEADER: GGACCACTACTGATG|CONSCOUNT=24|PRIMER=IGHV_11,IGHV_13,IGHV_15,IGHV_2,IGHV_21,IGHV_32,IGHV_33,IGHV_36,IGHV_39,IGHV_8|PRCOUNT=2,1,1,12,1,1,1,2,2,1

- CTATTACTTGCGACA
  STATUS: SAME_SEQUENCE
  SMALL_HEADER: CTATTACTTGCGACA|CONSCOUNT=3|PRIMER=IGHV_12,IGHV_26,IGHV_27|PRCOUNT=1,1,1
  LARGE_HEADER: CTATTACTTGCGACA|CONSCOUNT=5|PRIMER=IGHV_12,IGHV_26,IGHV_27|PRCOUNT=1,2,2

- TTATAGTACAGTTCC
  STATUS: SAME_SEQUENCE
  SMALL_HEADER: TTATAGTACAGTTCC|CONSCOUNT=13|PRIMER=IGHV_10,IGHV_14,IGHV_15,IGHV_2,IGHV_25,IGHV_26,IGHV_28,IGHV_32,IGHV_40,IGHV_8,IGHV_9|PRCOUNT=1,2,1,2,1,1,1,1,1,1,1
  LARGE_HEADER: TTATAGTACAGTTCC|CONSCOUNT=64|PRIMER=IGHV_10,IGHV_12,IGHV_14,IGHV_15,IGHV_2,IGHV_25,IGHV_26,IGHV_28,IGHV_30,IGHV_32,IGHV_33,IGHV_40,IGHV_6,IGHV_8,IGHV_9|PRCOUNT=2,1,22,3,8,2,4,6,1,8,1,1,2,2,1

- TAATTCGTTTCGCAA
  STATUS: FOUND_DIFFERENT
  SMALL_HEADER: TAATTCGTTTCGCAA|CONSCOUNT=1|PRIMER=IGHV_27|PRCOUNT=1
  LARGE_HEADER: TAATTCGTTTCGCAA|CONSCOUNT=2|PRIMER=IGHV_27|PRCOUNT=2

- CGTTCAAGTTACTCT
  STATUS: FOUND_DIFFERENT
  SMALL_HEADER: CGTTCAAGTTACTCT|CONSCOUNT=22|PRIMER=IGHV_11,IGHV_12,IGHV_14,IGHV_2,IGHV_26,IGHV_4,IGHV_45,IGHV_6,IGHV_8|PRCOUNT=2,1,3,1,2,9,1,1,2
  LARGE_HEADER: CGTTCAAGTTACTCT|CONSCOUNT=148|PRIMER=IGHV_10,IGHV_11,IGHV_12,IGHV_13,IGHV_14,IGHV_2,IGHV_21,IGHV_26,IGHV_28,IGHV_33,IGHV_37,IGHV_4,IGHV_41,IGHV_45,IGHV_6,IGHV_8,IGHV_9|PRCOUNT=3,8,6,1,20,10,3,11,9,1,1,47,9,5,4,6,4

- CTTGGTACTATGGAG
  STATUS: FOUND_DIFFERENT
  SMALL_HEADER: CTTGGTACTATGGAG|CONSCOUNT=1|PRIMER=IGHV_27|PRCOUNT=1
  LARGE_HEADER: CTTGGTACTATGGAG|CONSCOUNT=3|PRIMER=IGHV_27|PRCOUNT=3

- AGAGGGGCTGCGTGG
  STATUS: FOUND_DIFFERENT
  SMALL_HEADER: AGAGGGGCTGCGTGG|CONSCOUNT=13|PRIMER=IGHV_12,IGHV_14,IGHV_2,IGHV_4|PRCOUNT=1,2,1,9
  LARGE_HEADER: AGAGGGGCTGCGTGG|CONSCOUNT=134|PRIMER=IGHV_10,IGHV_11,IGHV_12,IGHV_13,IGHV_14,IGHV_15,IGHV_16,IGHV_2,IGHV_25,IGHV_26,IGHV_28,IGHV_30,IGHV_36,IGHV_37,IGHV_4,IGHV_40,IGHV_41,IGHV_45,IGHV_8,IGHV_9|PRCOUNT=1,1,6,1,14,2,1,5,4,6,20,3,1,4,53,1,6,3,1,1

- CTTTAACGGTTCATA
  STATUS: SAME_SEQUENCE
  SMALL_HEADER: CTTTAACGGTTCATA|CONSCOUNT=4|PRIMER=IGHV_13,IGHV_2|PRCOUNT=1,3
  LARGE_HEADER: CTTTAACGGTTCATA|CONSCOUNT=9|PRIMER=IGHV_13,IGHV_15,IGHV_2|PRCOUNT=1,1,7

- TCCTCGAAGCTTTTA
  STATUS: FOUND_DIFFERENT
  SMALL_HEADER: TCCTCGAAGCTTTTA|CONSCOUNT=2|PRIMER=IGHV_2,IGHV_21|PRCOUNT=1,1
  LARGE_HEADER: TCCTCGAAGCTTTTA|CONSCOUNT=10|PRIMER=IGHV_14,IGHV_2,IGHV_21,IGHV_26,IGHV_32|PRCOUNT=1,5,2,1,1

- ACAATACTTCCGACG
  STATUS: SAME_SEQUENCE
  SMALL_HEADER: ACAATACTTCCGACG|CONSCOUNT=4|PRIMER=IGHV_2,IGHV_35,IGHV_39,IGHV_6|PRCOUNT=1,1,1,1
  LARGE_HEADER: ACAATACTTCCGACG|CONSCOUNT=9|PRIMER=IGHV_2,IGHV_22,IGHV_35,IGHV_39,IGHV_6|PRCOUNT=5,1,1,1,1

- GATGTCTGCATTTTT
  STATUS: FOUND_DIFFERENT
  SMALL_HEADER: GATGTCTGCATTTTT|CONSCOUNT=3|PRIMER=IGHV_14,IGHV_2|PRCOUNT=1,2
  LARGE_HEADER: GATGTCTGCATTTTT|CONSCOUNT=122|PRIMER=IGHV_10,IGHV_14,IGHV_15,IGHV_2,IGHV_21,IGHV_22,IGHV_30,IGHV_32,IGHV_33,IGHV_36,IGHV_37,IGHV_39,IGHV_40,IGHV_42,IGHV_6|PRCOUNT=8,3,4,57,5,4,2,5,14,3,1,1,9,1,5

- TGCCTACTACTCCGG
  STATUS: SAME_SEQUENCE
  SMALL_HEADER: TGCCTACTACTCCGG|CONSCOUNT=7|PRIMER=IGHV_11,IGHV_14,IGHV_25,IGHV_35,IGHV_41,IGHV_45|PRCOUNT=2,1,1,1,1,1
  LARGE_HEADER: TGCCTACTACTCCGG|CONSCOUNT=14|PRIMER=IGHV_11,IGHV_14,IGHV_25,IGHV_35,IGHV_41,IGHV_45,IGHV_6|PRCOUNT=5,3,1,1,1,2,1

- TGGCGTAGTGGCCGG
  STATUS: FOUND_DIFFERENT
  SMALL_HEADER: TGGCGTAGTGGCCGG|CONSCOUNT=61|PRIMER=IGHV_10,IGHV_2,IGHV_3,IGHV_40,IGHV_44,IGHV_7|PRCOUNT=2,2,24,1,17,15
  LARGE_HEADER: TGGCGTAGTGGCCGG|CONSCOUNT=242|PRIMER=IGHV_10,IGHV_13,IGHV_14,IGHV_15,IGHV_2,IGHV_21,IGHV_3,IGHV_32,IGHV_36,IGHV_40,IGHV_44,IGHV_7|PRCOUNT=7,1,3,3,9,2,83,1,5,3,47,78

- CCCCGTTAATGTATT
  STATUS: SAME_SEQUENCE
  SMALL_HEADER: CCCCGTTAATGTATT|CONSCOUNT=36|PRIMER=IGHV_10,IGHV_2,IGHV_3,IGHV_36,IGHV_40,IGHV_44,IGHV_7|PRCOUNT=1,1,12,1,2,9,10
  LARGE_HEADER: CCCCGTTAATGTATT|CONSCOUNT=117|PRIMER=IGHV_10,IGHV_2,IGHV_3,IGHV_36,IGHV_40,IGHV_41,IGHV_44,IGHV_7|PRCOUNT=5,1,45,3,2,4,25,32

- CAATGTCAGTAATTT
  STATUS: FOUND_DIFFERENT
  SMALL_HEADER: CAATGTCAGTAATTT|CONSCOUNT=2|PRIMER=IGHV_14,IGHV_43|PRCOUNT=1,1
  LARGE_HEADER: CAATGTCAGTAATTT|CONSCOUNT=4|PRIMER=IGHV_14,IGHV_15,IGHV_20,IGHV_43|PRCOUNT=1,1,1,1

- TTCAAACCAGCGTCG
  STATUS: SAME_SEQUENCE
  SMALL_HEADER: TTCAAACCAGCGTCG|CONSCOUNT=19|PRIMER=IGHV_10,IGHV_12,IGHV_13,IGHV_14,IGHV_2,IGHV_36,IGHV_37,IGHV_40,IGHV_41,IGHV_8|PRCOUNT=1,1,2,6,2,1,1,1,3,1
  LARGE_HEADER: TTCAAACCAGCGTCG|CONSCOUNT=202|PRIMER=IGHV_1,IGHV_10,IGHV_11,IGHV_12,IGHV_13,IGHV_14,IGHV_15,IGHV_16,IGHV_2,IGHV_20,IGHV_22,IGHV_26,IGHV_28,IGHV_30,IGHV_32,IGHV_33,IGHV_36,IGHV_37,IGHV_40,IGHV_41,IGHV_45,IGHV_6,IGHV_8,IGHV_9|PRCOUNT=4,10,7,6,5,45,4,6,32,1,1,2,10,1,5,5,1,10,2,30,5,3,5,2

- TTAATACATTTCATG
  STATUS: FOUND_DIFFERENT
  SMALL_HEADER: TTAATACATTTCATG|CONSCOUNT=1|PRIMER=IGHV_6|PRCOUNT=1
  LARGE_HEADER: TTAATACATTTCATG|CONSCOUNT=12|PRIMER=IGHV_14,IGHV_15,IGHV_2,IGHV_21,IGHV_6|PRCOUNT=3,1,6,1,1

- AGTGTTCTTACGCTT
  STATUS: FOUND_DIFFERENT
  SMALL_HEADER: AGTGTTCTTACGCTT|CONSCOUNT=2|PRIMER=IGHV_5|PRCOUNT=2
  LARGE_HEADER: AGTGTTCTTACGCTT|CONSCOUNT=9|PRIMER=IGHV_5|PRCOUNT=9

- GGAGTGTTGATTCAT
  STATUS: SAME_SEQUENCE
  SMALL_HEADER: GGAGTGTTGATTCAT|CONSCOUNT=7|PRIMER=IGHV_10,IGHV_2,IGHV_26|PRCOUNT=2,3,2
  LARGE_HEADER: GGAGTGTTGATTCAT|CONSCOUNT=34|PRIMER=IGHV_10,IGHV_13,IGHV_15,IGHV_2,IGHV_21,IGHV_22,IGHV_26,IGHV_28,IGHV_30,IGHV_33,IGHV_36,IGHV_40|PRCOUNT=6,1,3,9,2,1,3,1,2,2,3,1

- TCTGCTCTGTTCCTT
  STATUS: FOUND_DIFFERENT
  SMALL_HEADER: TCTGCTCTGTTCCTT|CONSCOUNT=1|PRIMER=IGHV_2|PRCOUNT=1
  LARGE_HEADER: TCTGCTCTGTTCCTT|CONSCOUNT=2|PRIMER=IGHV_10,IGHV_2|PRCOUNT=1,1

- ATTCGCATCAGTTAG
  STATUS: SAME_SEQUENCE
  SMALL_HEADER: ATTCGCATCAGTTAG|CONSCOUNT=2|PRIMER=IGHV_17|PRCOUNT=2
  LARGE_HEADER: ATTCGCATCAGTTAG|CONSCOUNT=5|PRIMER=IGHV_17|PRCOUNT=5

- AGTCATGCCTGGATT
  STATUS: SAME_SEQUENCE
  SMALL_HEADER: AGTCATGCCTGGATT|CONSCOUNT=4|PRIMER=IGHV_11,IGHV_38,IGHV_42,IGHV_45|PRCOUNT=1,1,1,1
  LARGE_HEADER: AGTCATGCCTGGATT|CONSCOUNT=11|PRIMER=IGHV_11,IGHV_17,IGHV_25,IGHV_35,IGHV_38,IGHV_39,IGHV_42,IGHV_45,IGHV_8|PRCOUNT=1,1,1,1,1,2,1,2,1

- AGTTCTATAAACCCA
  STATUS: SAME_SEQUENCE
  SMALL_HEADER: AGTTCTATAAACCCA|CONSCOUNT=4|PRIMER=IGHV_17|PRCOUNT=4
  LARGE_HEADER: AGTTCTATAAACCCA|CONSCOUNT=5|PRIMER=IGHV_17|PRCOUNT=5

- GCGTAAGACGAGATC
  STATUS: FOUND_DIFFERENT
  SMALL_HEADER: GCGTAAGACGAGATC|CONSCOUNT=1|PRIMER=IGHV_27|PRCOUNT=1
  LARGE_HEADER: GCGTAAGACGAGATC|CONSCOUNT=3|PRIMER=IGHV_27|PRCOUNT=3

- ATTGTTGATGCGAGG
  STATUS: FOUND_DIFFERENT
  SMALL_HEADER: ATTGTTGATGCGAGG|CONSCOUNT=5|PRIMER=IGHV_2,IGHV_22,IGHV_36|PRCOUNT=3,1,1
  LARGE_HEADER: ATTGTTGATGCGAGG|CONSCOUNT=166|PRIMER=IGHV_10,IGHV_13,IGHV_14,IGHV_15,IGHV_17,IGHV_2,IGHV_21,IGHV_22,IGHV_26,IGHV_30,IGHV_32,IGHV_33,IGHV_35,IGHV_36,IGHV_38,IGHV_40,IGHV_45|PRCOUNT=4,1,3,3,1,77,4,3,7,2,5,21,5,19,6,4,1

- GGAGTCGCTAAATCA
  STATUS: FOUND_DIFFERENT
  SMALL_HEADER: GGAGTCGCTAAATCA|CONSCOUNT=2|PRIMER=IGHV_11,IGHV_14|PRCOUNT=1,1
  LARGE_HEADER: GGAGTCGCTAAATCA|CONSCOUNT=85|PRIMER=IGHV_10,IGHV_11,IGHV_12,IGHV_14,IGHV_16,IGHV_2,IGHV_26,IGHV_28,IGHV_30,IGHV_33,IGHV_37,IGHV_6,IGHV_8,IGHV_9|PRCOUNT=2,4,9,28,5,5,1,7,8,2,1,3,9,1

- TTACGAATATTTCAT
  STATUS: SAME_SEQUENCE
  SMALL_HEADER: TTACGAATATTTCAT|CONSCOUNT=48|PRIMER=IGHV_1,IGHV_10,IGHV_11,IGHV_13,IGHV_14,IGHV_2,IGHV_21,IGHV_26,IGHV_28,IGHV_32,IGHV_33,IGHV_36,IGHV_9|PRCOUNT=11,1,1,3,1,17,4,2,1,4,1,1,1
  LARGE_HEADER: TTACGAATATTTCAT|CONSCOUNT=333|PRIMER=IGHV_1,IGHV_10,IGHV_11,IGHV_12,IGHV_13,IGHV_14,IGHV_15,IGHV_2,IGHV_21,IGHV_22,IGHV_25,IGHV_26,IGHV_28,IGHV_32,IGHV_33,IGHV_36,IGHV_40,IGHV_43,IGHV_45,IGHV_9|PRCOUNT=62,24,5,1,12,19,22,95,20,7,5,9,4,13,11,5,12,2,1,4

- TTCCAATCGGGGGGT
  STATUS: SAME_SEQUENCE
  SMALL_HEADER: TTCCAATCGGGGGGT|CONSCOUNT=4|PRIMER=IGHV_2,IGHV_21,IGHV_36|PRCOUNT=2,1,1
  LARGE_HEADER: TTCCAATCGGGGGGT|CONSCOUNT=9|PRIMER=IGHV_13,IGHV_2,IGHV_21,IGHV_36|PRCOUNT=1,5,1,2

- TTGCGATTAAGATTA
  STATUS: FOUND_DIFFERENT
  SMALL_HEADER: TTGCGATTAAGATTA|CONSCOUNT=1|PRIMER=IGHV_2|PRCOUNT=1
  LARGE_HEADER: TTGCGATTAAGATTA|CONSCOUNT=9|PRIMER=IGHV_14,IGHV_15,IGHV_2,IGHV_32|PRCOUNT=1,1,6,1

- AATGTCTCCGCTTTA
  STATUS: SAME_SEQUENCE
  SMALL_HEADER: AATGTCTCCGCTTTA|CONSCOUNT=6|PRIMER=IGHV_11,IGHV_15,IGHV_21,IGHV_36,IGHV_37|PRCOUNT=1,1,2,1,1
  LARGE_HEADER: AATGTCTCCGCTTTA|CONSCOUNT=48|PRIMER=IGHV_10,IGHV_11,IGHV_12,IGHV_13,IGHV_14,IGHV_15,IGHV_16,IGHV_2,IGHV_21,IGHV_22,IGHV_32,IGHV_36,IGHV_37,IGHV_41,IGHV_43,IGHV_45,IGHV_8|PRCOUNT=2,1,5,1,6,2,1,14,3,1,1,4,3,1,1,1,1

- CTACCCACATCCTTG
  STATUS: FOUND_DIFFERENT
  SMALL_HEADER: CTACCCACATCCTTG|CONSCOUNT=7|PRIMER=IGHV_1,IGHV_14,IGHV_15,IGHV_2|PRCOUNT=2,1,1,3
  LARGE_HEADER: CTACCCACATCCTTG|CONSCOUNT=30|PRIMER=IGHV_1,IGHV_10,IGHV_13,IGHV_14,IGHV_15,IGHV_2,IGHV_21,IGHV_26,IGHV_30,IGHV_32,IGHV_36,IGHV_37,IGHV_42|PRCOUNT=8,1,1,1,2,7,2,1,1,2,1,2,1

- TTAATCAGATCCACG
  STATUS: SAME_SEQUENCE
  SMALL_HEADER: TTAATCAGATCCACG|CONSCOUNT=30|PRIMER=IGHV_2,IGHV_3,IGHV_44,IGHV_7|PRCOUNT=1,12,10,7
  LARGE_HEADER: TTAATCAGATCCACG|CONSCOUNT=108|PRIMER=IGHV_11,IGHV_2,IGHV_21,IGHV_3,IGHV_41,IGHV_44,IGHV_7|PRCOUNT=1,4,3,43,1,32,24

- AGAGTATGTTACATT
  STATUS: FOUND_DIFFERENT
  SMALL_HEADER: AGAGTATGTTACATT|CONSCOUNT=4|PRIMER=IGHV_15,IGHV_2|PRCOUNT=2,2
  LARGE_HEADER: AGAGTATGTTACATT|CONSCOUNT=10|PRIMER=IGHV_14,IGHV_15,IGHV_2,IGHV_26|PRCOUNT=2,2,5,1

- AAAGTTAAATGTTTT
  STATUS: FOUND_DIFFERENT
  SMALL_HEADER: AAAGTTAAATGTTTT|CONSCOUNT=1|PRIMER=IGHV_10|PRCOUNT=1
  LARGE_HEADER: AAAGTTAAATGTTTT|CONSCOUNT=4|PRIMER=IGHV_10,IGHV_27|PRCOUNT=2,2

- ATCTGGAAGCCGGAT
  STATUS: FOUND_DIFFERENT
  SMALL_HEADER: ATCTGGAAGCCGGAT|CONSCOUNT=2|PRIMER=IGHV_11,IGHV_17|PRCOUNT=1,1
  LARGE_HEADER: ATCTGGAAGCCGGAT|CONSCOUNT=25|PRIMER=IGHV_11,IGHV_17,IGHV_2,IGHV_33|PRCOUNT=3,4,16,2

- AGATTAACGTAACTG
  STATUS: FOUND_DIFFERENT
  SMALL_HEADER: AGATTAACGTAACTG|CONSCOUNT=2|PRIMER=IGHV_2|PRCOUNT=2
  LARGE_HEADER: AGATTAACGTAACTG|CONSCOUNT=6|PRIMER=IGHV_12,IGHV_14,IGHV_2,IGHV_28|PRCOUNT=1,2,2,1

- GCTATGTTATTTGTA
  STATUS: FOUND_DIFFERENT
  SMALL_HEADER: GCTATGTTATTTGTA|CONSCOUNT=1|PRIMER=IGHV_32|PRCOUNT=1
  LARGE_HEADER: GCTATGTTATTTGTA|CONSCOUNT=2|PRIMER=IGHV_27,IGHV_32|PRCOUNT=1,1

- GTCGCAGGCGACAGG
  STATUS: FOUND_DIFFERENT
  SMALL_HEADER: GTCGCAGGCGACAGG|CONSCOUNT=1|PRIMER=IGHV_28|PRCOUNT=1
  LARGE_HEADER: GTCGCAGGCGACAGG|CONSCOUNT=7|PRIMER=IGHV_11,IGHV_14,IGHV_2,IGHV_28,IGHV_33,IGHV_37|PRCOUNT=1,1,2,1,1,1

- GGAGTTGAGCTATGA
  STATUS: SAME_SEQUENCE
  SMALL_HEADER: GGAGTTGAGCTATGA|CONSCOUNT=1|PRIMER=IGHV_2|PRCOUNT=1
  LARGE_HEADER: GGAGTTGAGCTATGA|CONSCOUNT=3|PRIMER=IGHV_2|PRCOUNT=3

- GGTAAAGGGATGTAG
  STATUS: FOUND_DIFFERENT
  SMALL_HEADER: GGTAAAGGGATGTAG|CONSCOUNT=1|PRIMER=IGHV_2|PRCOUNT=1
  LARGE_HEADER: GGTAAAGGGATGTAG|CONSCOUNT=25|PRIMER=IGHV_2,IGHV_21,IGHV_40|PRCOUNT=14,10,1

- TGGATCACATAACCC
  STATUS: SAME_SEQUENCE
  SMALL_HEADER: TGGATCACATAACCC|CONSCOUNT=3|PRIMER=IGHV_2|PRCOUNT=3
  LARGE_HEADER: TGGATCACATAACCC|CONSCOUNT=4|PRIMER=IGHV_2,IGHV_42|PRCOUNT=3,1

- CCCTACTAGTCTACC
  STATUS: SAME_SEQUENCE
  SMALL_HEADER: CCCTACTAGTCTACC|CONSCOUNT=4|PRIMER=IGHV_14,IGHV_28,IGHV_36,IGHV_45|PRCOUNT=1,1,1,1
  LARGE_HEADER: CCCTACTAGTCTACC|CONSCOUNT=7|PRIMER=IGHV_14,IGHV_2,IGHV_28,IGHV_36,IGHV_45,IGHV_6|PRCOUNT=1,2,1,1,1,1

- GAGAGATGTATTGGC
  STATUS: SAME_SEQUENCE
  SMALL_HEADER: GAGAGATGTATTGGC|CONSCOUNT=2|PRIMER=IGHV_26,IGHV_37|PRCOUNT=1,1
  LARGE_HEADER: GAGAGATGTATTGGC|CONSCOUNT=7|PRIMER=IGHV_26,IGHV_37|PRCOUNT=1,6

- CTCCATAAAGGTCTT
  STATUS: FOUND_DIFFERENT
  SMALL_HEADER: CTCCATAAAGGTCTT|CONSCOUNT=1|PRIMER=IGHV_2|PRCOUNT=1
  LARGE_HEADER: CTCCATAAAGGTCTT|CONSCOUNT=10|PRIMER=IGHV_10,IGHV_2,IGHV_32,IGHV_33,IGHV_8|PRCOUNT=2,5,1,1,1

- TTAGGGTTGGTTCTC
  STATUS: FOUND_DIFFERENT
  SMALL_HEADER: TTAGGGTTGGTTCTC|CONSCOUNT=28|PRIMER=IGHV_10,IGHV_11,IGHV_13,IGHV_14,IGHV_15,IGHV_16,IGHV_2,IGHV_22,IGHV_28,IGHV_32,IGHV_36,IGHV_6,IGHV_8|PRCOUNT=1,2,2,5,1,1,9,1,1,1,2,1,1
  LARGE_HEADER: TTAGGGTTGGTTCTC|CONSCOUNT=564|PRIMER=IGHV_10,IGHV_11,IGHV_12,IGHV_13,IGHV_14,IGHV_15,IGHV_16,IGHV_2,IGHV_21,IGHV_22,IGHV_26,IGHV_28,IGHV_30,IGHV_32,IGHV_33,IGHV_36,IGHV_37,IGHV_4,IGHV_40,IGHV_41,IGHV_43,IGHV_45,IGHV_6,IGHV_8|PRCOUNT=37,24,10,30,48,25,3,193,12,14,16,27,2,26,28,15,2,1,31,3,4,2,8,3

- GTCGGTTTAACAACT
  STATUS: SAME_SEQUENCE
  SMALL_HEADER: GTCGGTTTAACAACT|CONSCOUNT=6|PRIMER=IGHV_10,IGHV_2,IGHV_26|PRCOUNT=1,4,1
  LARGE_HEADER: GTCGGTTTAACAACT|CONSCOUNT=15|PRIMER=IGHV_10,IGHV_12,IGHV_14,IGHV_2,IGHV_26,IGHV_36|PRCOUNT=1,1,2,8,2,1

- TGTTGAACCCGGCTT
  STATUS: FOUND_DIFFERENT
  SMALL_HEADER: TGTTGAACCCGGCTT|CONSCOUNT=1|PRIMER=IGHV_2|PRCOUNT=1
  LARGE_HEADER: TGTTGAACCCGGCTT|CONSCOUNT=4|PRIMER=IGHV_2|PRCOUNT=4

- ATCGTGGAGCCATCA
  STATUS: SAME_SEQUENCE
  SMALL_HEADER: ATCGTGGAGCCATCA|CONSCOUNT=3|PRIMER=IGHV_17|PRCOUNT=3
  LARGE_HEADER: ATCGTGGAGCCATCA|CONSCOUNT=10|PRIMER=IGHV_1,IGHV_17|PRCOUNT=2,8

- TGCTTAGAATGTGTG
  STATUS: IDENTICAL
  SMALL_HEADER: TGCTTAGAATGTGTG|CONSCOUNT=1|PRIMER=IGHV_30|PRCOUNT=1
  LARGE_HEADER: TGCTTAGAATGTGTG|CONSCOUNT=1|PRIMER=IGHV_30|PRCOUNT=1

- GGATTTCACCTTTAT
  STATUS: SAME_SEQUENCE
  SMALL_HEADER: GGATTTCACCTTTAT|CONSCOUNT=3|PRIMER=IGHV_2,IGHV_40|PRCOUNT=2,1
  LARGE_HEADER: GGATTTCACCTTTAT|CONSCOUNT=19|PRIMER=IGHV_13,IGHV_15,IGHV_2,IGHV_21,IGHV_22,IGHV_28,IGHV_32,IGHV_33,IGHV_40|PRCOUNT=1,1,10,2,1,1,1,1,1

- GGTAGGGGGAGTGGT
  STATUS: FOUND_DIFFERENT
  SMALL_HEADER: GGTAGGGGGAGTGGT|CONSCOUNT=6|PRIMER=IGHV_14,IGHV_9|PRCOUNT=5,1
  LARGE_HEADER: GGTAGGGGGAGTGGT|CONSCOUNT=36|PRIMER=IGHV_1,IGHV_11,IGHV_12,IGHV_14,IGHV_16,IGHV_26,IGHV_28,IGHV_30,IGHV_37,IGHV_6,IGHV_9|PRCOUNT=9,1,1,15,1,3,1,2,1,1,1

- CTGTACGTGGCGCCA
  STATUS: FOUND_DIFFERENT
  SMALL_HEADER: CTGTACGTGGCGCCA|CONSCOUNT=1|PRIMER=IGHV_10|PRCOUNT=1
  LARGE_HEADER: CTGTACGTGGCGCCA|CONSCOUNT=3|PRIMER=IGHV_10,IGHV_11|PRCOUNT=2,1

- TATCCGATCTAAATA
  STATUS: FOUND_DIFFERENT
  SMALL_HEADER: TATCCGATCTAAATA|CONSCOUNT=1|PRIMER=IGHV_27|PRCOUNT=1
  LARGE_HEADER: TATCCGATCTAAATA|CONSCOUNT=6|PRIMER=IGHV_10,IGHV_27|PRCOUNT=1,5

- GGACTGTGATTGTGG
  STATUS: FOUND_DIFFERENT
  SMALL_HEADER: GGACTGTGATTGTGG|CONSCOUNT=3|PRIMER=IGHV_14,IGHV_37|PRCOUNT=1,2
  LARGE_HEADER: GGACTGTGATTGTGG|CONSCOUNT=15|PRIMER=IGHV_10,IGHV_14,IGHV_2,IGHV_22,IGHV_37,IGHV_41|PRCOUNT=1,2,4,3,4,1

- TGGGTGTGGCGATGT
  STATUS: IDENTICAL
  SMALL_HEADER: TGGGTGTGGCGATGT|CONSCOUNT=1|PRIMER=IGHV_10|PRCOUNT=1
  LARGE_HEADER: TGGGTGTGGCGATGT|CONSCOUNT=1|PRIMER=IGHV_10|PRCOUNT=1

- CTACAGGGCTCTTAG
  STATUS: SAME_SEQUENCE
  SMALL_HEADER: CTACAGGGCTCTTAG|CONSCOUNT=32|PRIMER=IGHV_10,IGHV_11,IGHV_12,IGHV_14,IGHV_2,IGHV_22,IGHV_26,IGHV_28,IGHV_40,IGHV_6,IGHV_9|PRCOUNT=1,2,1,11,8,1,3,2,1,1,1
  LARGE_HEADER: CTACAGGGCTCTTAG|CONSCOUNT=211|PRIMER=IGHV_10,IGHV_11,IGHV_12,IGHV_13,IGHV_14,IGHV_2,IGHV_21,IGHV_22,IGHV_26,IGHV_28,IGHV_30,IGHV_32,IGHV_33,IGHV_36,IGHV_40,IGHV_41,IGHV_43,IGHV_6,IGHV_8,IGHV_9|PRCOUNT=7,8,10,11,52,29,2,5,30,17,8,4,6,1,6,1,4,6,3,1

- AAAAAGTTAGCAATA
  STATUS: FOUND_DIFFERENT
  SMALL_HEADER: AAAAAGTTAGCAATA|CONSCOUNT=6|PRIMER=IGHV_12,IGHV_14,IGHV_2,IGHV_41|PRCOUNT=1,1,1,3
  LARGE_HEADER: AAAAAGTTAGCAATA|CONSCOUNT=127|PRIMER=IGHV_10,IGHV_11,IGHV_12,IGHV_14,IGHV_15,IGHV_2,IGHV_20,IGHV_26,IGHV_28,IGHV_30,IGHV_37,IGHV_40,IGHV_41,IGHV_45,IGHV_6,IGHV_9|PRCOUNT=11,1,2,50,1,16,2,2,4,4,7,1,14,7,1,4

- AGTCCAGAGACTGGA
  STATUS: FOUND_DIFFERENT
  SMALL_HEADER: AGTCCAGAGACTGGA|CONSCOUNT=59|PRIMER=IGHV_3,IGHV_44,IGHV_7|PRCOUNT=10,25,24
  LARGE_HEADER: AGTCCAGAGACTGGA|CONSCOUNT=259|PRIMER=IGHV_10,IGHV_15,IGHV_2,IGHV_22,IGHV_3,IGHV_33,IGHV_40,IGHV_44,IGHV_7|PRCOUNT=3,4,3,2,61,3,3,80,100

- TGTGGCAGATCACGT
  STATUS: FOUND_DIFFERENT
  SMALL_HEADER: TGTGGCAGATCACGT|CONSCOUNT=20|PRIMER=IGHV_11,IGHV_14,IGHV_16,IGHV_2,IGHV_21,IGHV_22,IGHV_33,IGHV_36,IGHV_40|PRCOUNT=1,1,2,10,1,2,1,1,1
  LARGE_HEADER: TGTGGCAGATCACGT|CONSCOUNT=107|PRIMER=IGHV_10,IGHV_11,IGHV_13,IGHV_14,IGHV_16,IGHV_2,IGHV_21,IGHV_22,IGHV_26,IGHV_32,IGHV_33,IGHV_36,IGHV_37,IGHV_40,IGHV_6,IGHV_8|PRCOUNT=1,3,2,5,5,59,2,4,3,4,9,3,1,4,1,1

- TATGCAGGTAATTAA
  STATUS: SAME_SEQUENCE
  SMALL_HEADER: TATGCAGGTAATTAA|CONSCOUNT=3|PRIMER=IGHV_2,IGHV_28|PRCOUNT=2,1
  LARGE_HEADER: TATGCAGGTAATTAA|CONSCOUNT=9|PRIMER=IGHV_10,IGHV_2,IGHV_28,IGHV_32,IGHV_40|PRCOUNT=1,5,1,1,1

- TTACGCGGGTTGGTT
  STATUS: FOUND_DIFFERENT
  SMALL_HEADER: TTACGCGGGTTGGTT|CONSCOUNT=4|PRIMER=IGHV_13,IGHV_2,IGHV_36|PRCOUNT=1,2,1
  LARGE_HEADER: TTACGCGGGTTGGTT|CONSCOUNT=17|PRIMER=IGHV_10,IGHV_11,IGHV_13,IGHV_2,IGHV_22,IGHV_26,IGHV_30,IGHV_33,IGHV_36|PRCOUNT=2,1,1,6,2,1,1,1,2

- GCCTCAACTCCTTGA
  STATUS: FOUND_DIFFERENT
  SMALL_HEADER: GCCTCAACTCCTTGA|CONSCOUNT=8|PRIMER=IGHV_14,IGHV_4,IGHV_41,IGHV_8|PRCOUNT=2,2,3,1
  LARGE_HEADER: GCCTCAACTCCTTGA|CONSCOUNT=156|PRIMER=IGHV_10,IGHV_11,IGHV_12,IGHV_13,IGHV_14,IGHV_15,IGHV_2,IGHV_22,IGHV_25,IGHV_26,IGHV_28,IGHV_30,IGHV_33,IGHV_36,IGHV_37,IGHV_4,IGHV_40,IGHV_41,IGHV_43,IGHV_45,IGHV_6,IGHV_8,IGHV_9|PRCOUNT=4,1,6,1,13,2,15,1,2,3,20,1,4,2,1,35,3,24,1,6,2,8,1

- CTTGTTGCAGTGGTC
  STATUS: SAME_SEQUENCE
  SMALL_HEADER: CTTGTTGCAGTGGTC|CONSCOUNT=12|PRIMER=IGHV_14,IGHV_22,IGHV_28,IGHV_32,IGHV_4,IGHV_45,IGHV_9|PRCOUNT=1,1,3,1,3,1,2
  LARGE_HEADER: CTTGTTGCAGTGGTC|CONSCOUNT=232|PRIMER=IGHV_10,IGHV_11,IGHV_12,IGHV_13,IGHV_14,IGHV_15,IGHV_16,IGHV_2,IGHV_21,IGHV_22,IGHV_26,IGHV_28,IGHV_30,IGHV_32,IGHV_33,IGHV_36,IGHV_4,IGHV_40,IGHV_41,IGHV_45,IGHV_6,IGHV_8,IGHV_9|PRCOUNT=9,6,7,4,27,16,1,31,3,4,1,24,5,7,1,6,57,2,1,7,7,1,5

- CCTGCTATCCATGAA
  STATUS: SAME_SEQUENCE
  SMALL_HEADER: CCTGCTATCCATGAA|CONSCOUNT=2|PRIMER=IGHV_37|PRCOUNT=2
  LARGE_HEADER: CCTGCTATCCATGAA|CONSCOUNT=32|PRIMER=IGHV_11,IGHV_37,IGHV_9|PRCOUNT=1,29,2

- TCGAAGCATGTCAAG
  STATUS: FOUND_DIFFERENT
  SMALL_HEADER: TCGAAGCATGTCAAG|CONSCOUNT=1|PRIMER=IGHV_2|PRCOUNT=1
  LARGE_HEADER: TCGAAGCATGTCAAG|CONSCOUNT=4|PRIMER=IGHV_2,IGHV_30,IGHV_40|PRCOUNT=2,1,1

- GCTTCGATACGGCGT
  STATUS: FOUND_DIFFERENT
  SMALL_HEADER: GCTTCGATACGGCGT|CONSCOUNT=15|PRIMER=IGHV_10,IGHV_12,IGHV_14,IGHV_16,IGHV_2,IGHV_28,IGHV_30,IGHV_4,IGHV_41,IGHV_45|PRCOUNT=2,1,1,1,3,2,2,1,1,1
  LARGE_HEADER: GCTTCGATACGGCGT|CONSCOUNT=193|PRIMER=IGHV_10,IGHV_11,IGHV_12,IGHV_13,IGHV_14,IGHV_15,IGHV_16,IGHV_2,IGHV_21,IGHV_25,IGHV_26,IGHV_28,IGHV_30,IGHV_36,IGHV_37,IGHV_4,IGHV_40,IGHV_41,IGHV_45,IGHV_8,IGHV_9|PRCOUNT=3,4,5,2,17,6,3,22,5,5,3,32,9,6,3,32,2,11,14,7,2

- TGCGCAAAGTGGGTG
  STATUS: FOUND_DIFFERENT
  SMALL_HEADER: TGCGCAAAGTGGGTG|CONSCOUNT=2|PRIMER=IGHV_2,IGHV_22|PRCOUNT=1,1
  LARGE_HEADER: TGCGCAAAGTGGGTG|CONSCOUNT=5|PRIMER=IGHV_2,IGHV_22,IGHV_40|PRCOUNT=3,1,1

- GATACGTACTACCCG
  STATUS: SAME_SEQUENCE
  SMALL_HEADER: GATACGTACTACCCG|CONSCOUNT=4|PRIMER=IGHV_12,IGHV_2,IGHV_26|PRCOUNT=1,2,1
  LARGE_HEADER: GATACGTACTACCCG|CONSCOUNT=11|PRIMER=IGHV_11,IGHV_12,IGHV_14,IGHV_15,IGHV_2,IGHV_26|PRCOUNT=1,1,1,1,6,1

- AGAGCGGTGGGGGTG
  STATUS: FOUND_DIFFERENT
  SMALL_HEADER: AGAGCGGTGGGGGTG|CONSCOUNT=4|PRIMER=IGHV_10,IGHV_11,IGHV_2|PRCOUNT=1,1,2
  LARGE_HEADER: AGAGCGGTGGGGGTG|CONSCOUNT=8|PRIMER=IGHV_10,IGHV_11,IGHV_14,IGHV_2,IGHV_32|PRCOUNT=1,1,2,3,1

- TTTGGATGTAGCCAT
  STATUS: SAME_SEQUENCE
  SMALL_HEADER: TTTGGATGTAGCCAT|CONSCOUNT=1|PRIMER=IGHV_27|PRCOUNT=1
  LARGE_HEADER: TTTGGATGTAGCCAT|CONSCOUNT=3|PRIMER=IGHV_27|PRCOUNT=3

- TTTCTAACACTGTTT
  STATUS: SAME_SEQUENCE
  SMALL_HEADER: TTTCTAACACTGTTT|CONSCOUNT=8|PRIMER=IGHV_13,IGHV_2,IGHV_26|PRCOUNT=2,5,1
  LARGE_HEADER: TTTCTAACACTGTTT|CONSCOUNT=56|PRIMER=IGHV_10,IGHV_13,IGHV_14,IGHV_2,IGHV_21,IGHV_26,IGHV_30,IGHV_32,IGHV_33,IGHV_36,IGHV_40|PRCOUNT=2,3,2,23,2,4,4,2,6,4,4

- GACGTGGAGGGGCGT
  STATUS: FOUND_DIFFERENT
  SMALL_HEADER: GACGTGGAGGGGCGT|CONSCOUNT=2|PRIMER=IGHV_22,IGHV_26|PRCOUNT=1,1
  LARGE_HEADER: GACGTGGAGGGGCGT|CONSCOUNT=6|PRIMER=IGHV_10,IGHV_13,IGHV_2,IGHV_22,IGHV_26,IGHV_32|PRCOUNT=1,1,1,1,1,1

- CTCACAAACCTCGTA
  STATUS: FOUND_DIFFERENT
  SMALL_HEADER: CTCACAAACCTCGTA|CONSCOUNT=1|PRIMER=IGHV_27|PRCOUNT=1
  LARGE_HEADER: CTCACAAACCTCGTA|CONSCOUNT=4|PRIMER=IGHV_27|PRCOUNT=4

- TGTACAGTGAGCTCG
  STATUS: FOUND_DIFFERENT
  SMALL_HEADER: TGTACAGTGAGCTCG|CONSCOUNT=3|PRIMER=IGHV_2,IGHV_26|PRCOUNT=2,1
  LARGE_HEADER: TGTACAGTGAGCTCG|CONSCOUNT=191|PRIMER=IGHV_10,IGHV_11,IGHV_13,IGHV_14,IGHV_15,IGHV_17,IGHV_2,IGHV_21,IGHV_22,IGHV_26,IGHV_30,IGHV_32,IGHV_33,IGHV_34,IGHV_37,IGHV_39,IGHV_40,IGHV_42,IGHV_9|PRCOUNT=5,1,4,7,3,1,71,5,2,12,4,4,37,3,6,2,5,18,1

- ATTTTGGGTGGGGTA
  STATUS: FOUND_DIFFERENT
  SMALL_HEADER: ATTTTGGGTGGGGTA|CONSCOUNT=3|PRIMER=IGHV_10,IGHV_12,IGHV_13|PRCOUNT=1,1,1
  LARGE_HEADER: ATTTTGGGTGGGGTA|CONSCOUNT=8|PRIMER=IGHV_10,IGHV_12,IGHV_13,IGHV_14,IGHV_15,IGHV_2,IGHV_32,IGHV_33|PRCOUNT=1,1,1,1,1,1,1,1

- TAATTTTTTAACGCA
  STATUS: FOUND_DIFFERENT
  SMALL_HEADER: TAATTTTTTAACGCA|CONSCOUNT=6|PRIMER=IGHV_10,IGHV_2,IGHV_22,IGHV_33|PRCOUNT=1,3,1,1
  LARGE_HEADER: TAATTTTTTAACGCA|CONSCOUNT=12|PRIMER=IGHV_10,IGHV_13,IGHV_14,IGHV_2,IGHV_21,IGHV_22,IGHV_33,IGHV_36,IGHV_40|PRCOUNT=1,1,1,4,1,1,1,1,1

- ATAGAGCCTTGTTCA
  STATUS: SAME_SEQUENCE
  SMALL_HEADER: ATAGAGCCTTGTTCA|CONSCOUNT=3|PRIMER=IGHV_14,IGHV_2|PRCOUNT=1,2
  LARGE_HEADER: ATAGAGCCTTGTTCA|CONSCOUNT=12|PRIMER=IGHV_10,IGHV_13,IGHV_14,IGHV_15,IGHV_2|PRCOUNT=3,1,2,2,4

- AGTCCAGAGACTTGA
  STATUS: IDENTICAL
  SMALL_HEADER: AGTCCAGAGACTTGA|CONSCOUNT=1|PRIMER=IGHV_7|PRCOUNT=1
  LARGE_HEADER: AGTCCAGAGACTTGA|CONSCOUNT=1|PRIMER=IGHV_7|PRCOUNT=1

- TAATTCGGTTAGCCT
  STATUS: SAME_SEQUENCE
  SMALL_HEADER: TAATTCGGTTAGCCT|CONSCOUNT=3|PRIMER=IGHV_2,IGHV_22,IGHV_40|PRCOUNT=1,1,1
  LARGE_HEADER: TAATTCGGTTAGCCT|CONSCOUNT=9|PRIMER=IGHV_10,IGHV_2,IGHV_22,IGHV_30,IGHV_32,IGHV_40|PRCOUNT=1,3,2,1,1,1

- TCTAGTGCGTATTCC
  STATUS: FOUND_DIFFERENT
  SMALL_HEADER: TCTAGTGCGTATTCC|CONSCOUNT=10|PRIMER=IGHV_13,IGHV_14,IGHV_2,IGHV_28,IGHV_36|PRCOUNT=2,1,5,1,1
  LARGE_HEADER: TCTAGTGCGTATTCC|CONSCOUNT=301|PRIMER=IGHV_10,IGHV_11,IGHV_13,IGHV_14,IGHV_15,IGHV_16,IGHV_2,IGHV_21,IGHV_22,IGHV_26,IGHV_28,IGHV_32,IGHV_33,IGHV_36,IGHV_37,IGHV_40,IGHV_43|PRCOUNT=11,3,19,6,16,5,148,19,9,13,11,12,9,6,2,5,7

- AGTCAAGCACTAAGT
  STATUS: SAME_SEQUENCE
  SMALL_HEADER: AGTCAAGCACTAAGT|CONSCOUNT=4|PRIMER=IGHV_2,IGHV_32,IGHV_37,IGHV_4|PRCOUNT=1,1,1,1
  LARGE_HEADER: AGTCAAGCACTAAGT|CONSCOUNT=13|PRIMER=IGHV_14,IGHV_2,IGHV_22,IGHV_32,IGHV_36,IGHV_37,IGHV_4|PRCOUNT=2,4,1,3,1,1,1

- GGCATTGTAGAGGAG
  STATUS: SAME_SEQUENCE
  SMALL_HEADER: GGCATTGTAGAGGAG|CONSCOUNT=5|PRIMER=IGHV_15,IGHV_2,IGHV_32,IGHV_40|PRCOUNT=1,2,1,1
  LARGE_HEADER: GGCATTGTAGAGGAG|CONSCOUNT=10|PRIMER=IGHV_15,IGHV_2,IGHV_21,IGHV_32,IGHV_40|PRCOUNT=1,5,2,1,1

- TGCGTTGAGTAGGGG
  STATUS: SAME_SEQUENCE
  SMALL_HEADER: TGCGTTGAGTAGGGG|CONSCOUNT=5|PRIMER=IGHV_35|PRCOUNT=5
  LARGE_HEADER: TGCGTTGAGTAGGGG|CONSCOUNT=12|PRIMER=IGHV_35|PRCOUNT=12

- CGCGTGGGGGCACCC
  STATUS: FOUND_DIFFERENT
  SMALL_HEADER: CGCGTGGGGGCACCC|CONSCOUNT=4|PRIMER=IGHV_20,IGHV_33|PRCOUNT=3,1
  LARGE_HEADER: CGCGTGGGGGCACCC|CONSCOUNT=17|PRIMER=IGHV_13,IGHV_14,IGHV_2,IGHV_20,IGHV_26,IGHV_30,IGHV_32,IGHV_33|PRCOUNT=1,3,5,4,1,1,1,1

- GACAAGGTCTAAGTA
  STATUS: SAME_SEQUENCE
  SMALL_HEADER: GACAAGGTCTAAGTA|CONSCOUNT=3|PRIMER=IGHV_14,IGHV_2,IGHV_36|PRCOUNT=1,1,1
  LARGE_HEADER: GACAAGGTCTAAGTA|CONSCOUNT=9|PRIMER=IGHV_10,IGHV_14,IGHV_2,IGHV_30,IGHV_36|PRCOUNT=1,1,4,2,1

- TTAGTAAAGATCTTT
  STATUS: FOUND_DIFFERENT
  SMALL_HEADER: TTAGTAAAGATCTTT|CONSCOUNT=2|PRIMER=IGHV_21,IGHV_22|PRCOUNT=1,1
  LARGE_HEADER: TTAGTAAAGATCTTT|CONSCOUNT=9|PRIMER=IGHV_14,IGHV_2,IGHV_21,IGHV_22,IGHV_30,IGHV_32|PRCOUNT=1,4,1,1,1,1

- AGATGCACAGTGGAC
  STATUS: SAME_SEQUENCE
  SMALL_HEADER: AGATGCACAGTGGAC|CONSCOUNT=1|PRIMER=IGHV_35|PRCOUNT=1
  LARGE_HEADER: AGATGCACAGTGGAC|CONSCOUNT=55|PRIMER=IGHV_10,IGHV_2,IGHV_33,IGHV_35,IGHV_38|PRCOUNT=1,4,5,29,16

- GCCTTTGATCTAGTT
  STATUS: FOUND_DIFFERENT
  SMALL_HEADER: GCCTTTGATCTAGTT|CONSCOUNT=1|PRIMER=IGHV_27|PRCOUNT=1
  LARGE_HEADER: GCCTTTGATCTAGTT|CONSCOUNT=2|PRIMER=IGHV_27|PRCOUNT=2

- CTATCTGATGTATAA
  STATUS: FOUND_DIFFERENT
  SMALL_HEADER: CTATCTGATGTATAA|CONSCOUNT=1|PRIMER=IGHV_27|PRCOUNT=1
  LARGE_HEADER: CTATCTGATGTATAA|CONSCOUNT=2|PRIMER=IGHV_27|PRCOUNT=2

- AGAGGGGGTGGAGAA
  STATUS: FOUND_DIFFERENT
  SMALL_HEADER: AGAGGGGGTGGAGAA|CONSCOUNT=3|PRIMER=IGHV_2,IGHV_33|PRCOUNT=1,2
  LARGE_HEADER: AGAGGGGGTGGAGAA|CONSCOUNT=6|PRIMER=IGHV_13,IGHV_14,IGHV_2,IGHV_33,IGHV_40|PRCOUNT=1,1,1,2,1

- CCAAGTCTACTCATA
  STATUS: SAME_SEQUENCE
  SMALL_HEADER: CCAAGTCTACTCATA|CONSCOUNT=1|PRIMER=IGHV_32|PRCOUNT=1
  LARGE_HEADER: CCAAGTCTACTCATA|CONSCOUNT=5|PRIMER=IGHV_2,IGHV_32|PRCOUNT=4,1

- GCGGCGTTTTGAGGG
  STATUS: SAME_SEQUENCE
  SMALL_HEADER: GCGGCGTTTTGAGGG|CONSCOUNT=16|PRIMER=IGHV_14,IGHV_2,IGHV_20,IGHV_33,IGHV_37|PRCOUNT=1,1,12,1,1
  LARGE_HEADER: GCGGCGTTTTGAGGG|CONSCOUNT=139|PRIMER=IGHV_14,IGHV_17,IGHV_2,IGHV_20,IGHV_22,IGHV_27,IGHV_28,IGHV_33,IGHV_35,IGHV_36,IGHV_37,IGHV_42,IGHV_45,IGHV_8,IGHV_9|PRCOUNT=5,2,5,97,1,1,1,1,5,1,6,2,4,3,5

- ACGGTAATCAGGCAT
  STATUS: FOUND_DIFFERENT
  SMALL_HEADER: ACGGTAATCAGGCAT|CONSCOUNT=5|PRIMER=IGHV_14,IGHV_15,IGHV_33,IGHV_45,IGHV_9|PRCOUNT=1,1,1,1,1
  LARGE_HEADER: ACGGTAATCAGGCAT|CONSCOUNT=8|PRIMER=IGHV_14,IGHV_15,IGHV_33,IGHV_37,IGHV_45,IGHV_9|PRCOUNT=3,1,1,1,1,1

- TCAGTGTCTATTGAT
  STATUS: SAME_SEQUENCE
  SMALL_HEADER: TCAGTGTCTATTGAT|CONSCOUNT=2|PRIMER=IGHV_32,IGHV_33|PRCOUNT=1,1
  LARGE_HEADER: TCAGTGTCTATTGAT|CONSCOUNT=5|PRIMER=IGHV_10,IGHV_2,IGHV_32,IGHV_33|PRCOUNT=2,1,1,1

- GCCAGGGATCGTTAT
  STATUS: FOUND_DIFFERENT
  SMALL_HEADER: GCCAGGGATCGTTAT|CONSCOUNT=1|PRIMER=IGHV_21|PRCOUNT=1
  LARGE_HEADER: GCCAGGGATCGTTAT|CONSCOUNT=10|PRIMER=IGHV_10,IGHV_11,IGHV_14,IGHV_2,IGHV_21,IGHV_22,IGHV_36|PRCOUNT=1,1,1,3,1,2,1

- AATGTGTCATTGTAT
  STATUS: FOUND_DIFFERENT
  SMALL_HEADER: AATGTGTCATTGTAT|CONSCOUNT=4|PRIMER=IGHV_15,IGHV_2,IGHV_36|PRCOUNT=1,2,1
  LARGE_HEADER: AATGTGTCATTGTAT|CONSCOUNT=13|PRIMER=IGHV_10,IGHV_15,IGHV_2,IGHV_26,IGHV_32,IGHV_36,IGHV_40|PRCOUNT=1,1,4,1,2,2,2

- CTCAAAAACTACGAA
  STATUS: FOUND_DIFFERENT
  SMALL_HEADER: CTCAAAAACTACGAA|CONSCOUNT=10|PRIMER=IGHV_13,IGHV_15,IGHV_2,IGHV_21,IGHV_22,IGHV_30,IGHV_36,IGHV_42|PRCOUNT=1,1,3,1,1,1,1,1
  LARGE_HEADER: CTCAAAAACTACGAA|CONSCOUNT=48|PRIMER=IGHV_11,IGHV_12,IGHV_13,IGHV_14,IGHV_15,IGHV_2,IGHV_21,IGHV_22,IGHV_26,IGHV_30,IGHV_32,IGHV_33,IGHV_36,IGHV_42|PRCOUNT=1,1,6,5,3,14,3,2,2,3,5,1,1,1

- AACTTTAGTTTTCTC
  STATUS: IDENTICAL
  SMALL_HEADER: AACTTTAGTTTTCTC|CONSCOUNT=1|PRIMER=IGHV_27|PRCOUNT=1
  LARGE_HEADER: AACTTTAGTTTTCTC|CONSCOUNT=1|PRIMER=IGHV_27|PRCOUNT=1

- GGACTTAAGCTAGCG
  STATUS: FOUND_DIFFERENT
  SMALL_HEADER: GGACTTAAGCTAGCG|CONSCOUNT=3|PRIMER=IGHV_14,IGHV_28,IGHV_40|PRCOUNT=1,1,1
  LARGE_HEADER: GGACTTAAGCTAGCG|CONSCOUNT=65|PRIMER=IGHV_11,IGHV_12,IGHV_13,IGHV_14,IGHV_15,IGHV_2,IGHV_28,IGHV_30,IGHV_33,IGHV_36,IGHV_37,IGHV_40,IGHV_45,IGHV_6|PRCOUNT=8,7,1,11,1,1,8,14,1,1,6,1,2,3

- TGGTGGTAATTTCGC
  STATUS: SAME_SEQUENCE
  SMALL_HEADER: TGGTGGTAATTTCGC|CONSCOUNT=6|PRIMER=IGHV_10,IGHV_2,IGHV_26,IGHV_33,IGHV_40|PRCOUNT=2,1,1,1,1
  LARGE_HEADER: TGGTGGTAATTTCGC|CONSCOUNT=14|PRIMER=IGHV_10,IGHV_14,IGHV_2,IGHV_26,IGHV_33,IGHV_40|PRCOUNT=2,1,6,2,2,1

- TTGCAGAGACACATG
  STATUS: FOUND_DIFFERENT
  SMALL_HEADER: TTGCAGAGACACATG|CONSCOUNT=2|PRIMER=IGHV_2,IGHV_40|PRCOUNT=1,1
  LARGE_HEADER: TTGCAGAGACACATG|CONSCOUNT=10|PRIMER=IGHV_10,IGHV_2,IGHV_26,IGHV_40|PRCOUNT=1,5,2,2

- CCAGCAAAGTATATG
  STATUS: FOUND_DIFFERENT
  SMALL_HEADER: CCAGCAAAGTATATG|CONSCOUNT=4|PRIMER=IGHV_2,IGHV_33,IGHV_40,IGHV_9|PRCOUNT=1,1,1,1
  LARGE_HEADER: CCAGCAAAGTATATG|CONSCOUNT=9|PRIMER=IGHV_2,IGHV_26,IGHV_33,IGHV_40,IGHV_9|PRCOUNT=5,1,1,1,1

- ATATTTATGGTTGTC
  STATUS: FOUND_DIFFERENT
  SMALL_HEADER: ATATTTATGGTTGTC|CONSCOUNT=8|PRIMER=IGHV_10,IGHV_13,IGHV_2,IGHV_33,IGHV_40|PRCOUNT=2,1,2,2,1
  LARGE_HEADER: ATATTTATGGTTGTC|CONSCOUNT=106|PRIMER=IGHV_10,IGHV_13,IGHV_14,IGHV_15,IGHV_2,IGHV_21,IGHV_22,IGHV_26,IGHV_28,IGHV_32,IGHV_33,IGHV_36,IGHV_40,IGHV_43,IGHV_8|PRCOUNT=9,4,4,2,38,2,4,2,3,1,20,4,4,6,3

- CTCCCACTGTTCTTT
  STATUS: FOUND_DIFFERENT
  SMALL_HEADER: CTCCCACTGTTCTTT|CONSCOUNT=3|PRIMER=IGHV_10,IGHV_12,IGHV_14|PRCOUNT=1,1,1
  LARGE_HEADER: CTCCCACTGTTCTTT|CONSCOUNT=74|PRIMER=IGHV_10,IGHV_11,IGHV_12,IGHV_13,IGHV_14,IGHV_15,IGHV_2,IGHV_20,IGHV_26,IGHV_28,IGHV_30,IGHV_32,IGHV_37,IGHV_40,IGHV_41,IGHV_45,IGHV_6,IGHV_8,IGHV_9|PRCOUNT=6,3,8,3,16,2,4,2,4,2,5,1,4,2,1,6,3,1,1

- AGAAGTTTGTAGGGA
  STATUS: IDENTICAL
  SMALL_HEADER: AGAAGTTTGTAGGGA|CONSCOUNT=1|PRIMER=IGHV_13|PRCOUNT=1
  LARGE_HEADER: AGAAGTTTGTAGGGA|CONSCOUNT=1|PRIMER=IGHV_13|PRCOUNT=1

- TTCGGAATTGACGAT
  STATUS: SAME_SEQUENCE
  SMALL_HEADER: TTCGGAATTGACGAT|CONSCOUNT=5|PRIMER=IGHV_2,IGHV_26,IGHV_40|PRCOUNT=3,1,1
  LARGE_HEADER: TTCGGAATTGACGAT|CONSCOUNT=11|PRIMER=IGHV_13,IGHV_2,IGHV_26,IGHV_40|PRCOUNT=1,8,1,1

- GAATTCCATTGACTT
  STATUS: FOUND_DIFFERENT
  SMALL_HEADER: GAATTCCATTGACTT|CONSCOUNT=2|PRIMER=IGHV_28,IGHV_36|PRCOUNT=1,1
  LARGE_HEADER: GAATTCCATTGACTT|CONSCOUNT=10|PRIMER=IGHV_13,IGHV_2,IGHV_21,IGHV_28,IGHV_32,IGHV_36,IGHV_40,IGHV_45|PRCOUNT=1,1,2,2,1,1,1,1

- ATTGAGGGGCGAATA
  STATUS: SAME_SEQUENCE
  SMALL_HEADER: ATTGAGGGGCGAATA|CONSCOUNT=6|PRIMER=IGHV_14,IGHV_4,IGHV_8|PRCOUNT=1,4,1
  LARGE_HEADER: ATTGAGGGGCGAATA|CONSCOUNT=36|PRIMER=IGHV_10,IGHV_14,IGHV_28,IGHV_4,IGHV_40,IGHV_8|PRCOUNT=1,2,6,24,1,2

- ATCCAAGCTAACTTC
  STATUS: FOUND_DIFFERENT
  SMALL_HEADER: ATCCAAGCTAACTTC|CONSCOUNT=1|PRIMER=IGHV_2|PRCOUNT=1
  LARGE_HEADER: ATCCAAGCTAACTTC|CONSCOUNT=12|PRIMER=IGHV_10,IGHV_12,IGHV_14,IGHV_2,IGHV_21,IGHV_26,IGHV_6|PRCOUNT=1,1,1,5,1,1,2

- AAATTGCCAATTGAC
  STATUS: SAME_SEQUENCE
  SMALL_HEADER: AAATTGCCAATTGAC|CONSCOUNT=5|PRIMER=IGHV_14,IGHV_2,IGHV_22,IGHV_36|PRCOUNT=1,1,2,1
  LARGE_HEADER: AAATTGCCAATTGAC|CONSCOUNT=11|PRIMER=IGHV_10,IGHV_14,IGHV_2,IGHV_22,IGHV_36|PRCOUNT=3,1,4,2,1

- CTTATCTCAATATTT
  STATUS: FOUND_DIFFERENT
  SMALL_HEADER: CTTATCTCAATATTT|CONSCOUNT=2|PRIMER=IGHV_2|PRCOUNT=2
  LARGE_HEADER: CTTATCTCAATATTT|CONSCOUNT=6|PRIMER=IGHV_2,IGHV_30,IGHV_4|PRCOUNT=4,1,1

- TTATTGTATACCGTG
  STATUS: SAME_SEQUENCE
  SMALL_HEADER: TTATTGTATACCGTG|CONSCOUNT=3|PRIMER=IGHV_10,IGHV_2|PRCOUNT=1,2
  LARGE_HEADER: TTATTGTATACCGTG|CONSCOUNT=10|PRIMER=IGHV_10,IGHV_13,IGHV_2,IGHV_40|PRCOUNT=1,1,7,1

- TTACGCCCCCTTTTT
  STATUS: FOUND_DIFFERENT
  SMALL_HEADER: TTACGCCCCCTTTTT|CONSCOUNT=3|PRIMER=IGHV_10,IGHV_13,IGHV_2|PRCOUNT=1,1,1
  LARGE_HEADER: TTACGCCCCCTTTTT|CONSCOUNT=10|PRIMER=IGHV_10,IGHV_13,IGHV_14,IGHV_2,IGHV_40|PRCOUNT=1,1,2,4,2

- AGCCTTTTTTAGGAT
  STATUS: FOUND_DIFFERENT
  SMALL_HEADER: AGCCTTTTTTAGGAT|CONSCOUNT=3|PRIMER=IGHV_12,IGHV_21,IGHV_33|PRCOUNT=1,1,1
  LARGE_HEADER: AGCCTTTTTTAGGAT|CONSCOUNT=8|PRIMER=IGHV_12,IGHV_2,IGHV_21,IGHV_26,IGHV_30,IGHV_33|PRCOUNT=1,1,1,3,1,1

- TTCATCTGTTTCTTT
  STATUS: SAME_SEQUENCE
  SMALL_HEADER: TTCATCTGTTTCTTT|CONSCOUNT=40|PRIMER=IGHV_10,IGHV_12,IGHV_13,IGHV_14,IGHV_15,IGHV_2,IGHV_22,IGHV_25,IGHV_26,IGHV_32,IGHV_37,IGHV_40,IGHV_6|PRCOUNT=3,1,1,6,2,17,2,1,1,3,1,1,1
  LARGE_HEADER: TTCATCTGTTTCTTT|CONSCOUNT=199|PRIMER=IGHV_10,IGHV_11,IGHV_12,IGHV_13,IGHV_14,IGHV_15,IGHV_16,IGHV_2,IGHV_21,IGHV_22,IGHV_25,IGHV_26,IGHV_30,IGHV_32,IGHV_33,IGHV_36,IGHV_37,IGHV_39,IGHV_40,IGHV_43,IGHV_6,IGHV_8|PRCOUNT=13,5,2,4,28,6,2,81,3,4,1,11,4,10,1,6,2,4,5,2,4,1

- ATGGCAATCTCCTAC
  STATUS: FOUND_DIFFERENT
  SMALL_HEADER: ATGGCAATCTCCTAC|CONSCOUNT=1|PRIMER=IGHV_2|PRCOUNT=1
  LARGE_HEADER: ATGGCAATCTCCTAC|CONSCOUNT=6|PRIMER=IGHV_13,IGHV_2,IGHV_22,IGHV_32|PRCOUNT=1,3,1,1

- TACAGGTTGCGACAT
  STATUS: SAME_SEQUENCE
  SMALL_HEADER: TACAGGTTGCGACAT|CONSCOUNT=19|PRIMER=IGHV_14,IGHV_15,IGHV_2,IGHV_26,IGHV_32,IGHV_33,IGHV_36,IGHV_39|PRCOUNT=1,2,9,1,2,1,2,1
  LARGE_HEADER: TACAGGTTGCGACAT|CONSCOUNT=185|PRIMER=IGHV_10,IGHV_11,IGHV_13,IGHV_14,IGHV_15,IGHV_16,IGHV_2,IGHV_21,IGHV_22,IGHV_26,IGHV_27,IGHV_32,IGHV_33,IGHV_36,IGHV_39,IGHV_40|PRCOUNT=9,1,1,6,9,1,108,5,5,6,1,11,4,13,2,3

- TTCCAGGGGACAGGG
  STATUS: FOUND_DIFFERENT
  SMALL_HEADER: TTCCAGGGGACAGGG|CONSCOUNT=13|PRIMER=IGHV_11,IGHV_12,IGHV_14,IGHV_2,IGHV_26,IGHV_30|PRCOUNT=2,2,3,3,2,1
  LARGE_HEADER: TTCCAGGGGACAGGG|CONSCOUNT=45|PRIMER=IGHV_10,IGHV_11,IGHV_12,IGHV_13,IGHV_14,IGHV_2,IGHV_26,IGHV_30,IGHV_37,IGHV_6|PRCOUNT=1,6,8,1,6,14,3,4,1,1

- TATCTACAGCGCGGA
  STATUS: SAME_SEQUENCE
  SMALL_HEADER: TATCTACAGCGCGGA|CONSCOUNT=4|PRIMER=IGHV_14,IGHV_2,IGHV_21,IGHV_33|PRCOUNT=1,1,1,1
  LARGE_HEADER: TATCTACAGCGCGGA|CONSCOUNT=5|PRIMER=IGHV_14,IGHV_2,IGHV_21,IGHV_33|PRCOUNT=1,2,1,1

- TCAGACATTTTTGTT
  STATUS: FOUND_DIFFERENT
  SMALL_HEADER: TCAGACATTTTTGTT|CONSCOUNT=2|PRIMER=IGHV_27|PRCOUNT=2
  LARGE_HEADER: TCAGACATTTTTGTT|CONSCOUNT=3|PRIMER=IGHV_27|PRCOUNT=3

- TACCAAAGAGGTATT
  STATUS: SAME_SEQUENCE
  SMALL_HEADER: TACCAAAGAGGTATT|CONSCOUNT=1|PRIMER=IGHV_10|PRCOUNT=1
  LARGE_HEADER: TACCAAAGAGGTATT|CONSCOUNT=6|PRIMER=IGHV_10,IGHV_27|PRCOUNT=1,5

- CCACTAAACTCACTT
  STATUS: SAME_SEQUENCE
  SMALL_HEADER: CCACTAAACTCACTT|CONSCOUNT=1|PRIMER=IGHV_27|PRCOUNT=1
  LARGE_HEADER: CCACTAAACTCACTT|CONSCOUNT=2|PRIMER=IGHV_27|PRCOUNT=2

- GGTCACAGGTTTAGT
  STATUS: SAME_SEQUENCE
  SMALL_HEADER: GGTCACAGGTTTAGT|CONSCOUNT=3|PRIMER=IGHV_26|PRCOUNT=3
  LARGE_HEADER: GGTCACAGGTTTAGT|CONSCOUNT=18|PRIMER=IGHV_10,IGHV_12,IGHV_14,IGHV_15,IGHV_2,IGHV_22,IGHV_26,IGHV_30,IGHV_32|PRCOUNT=1,1,2,1,1,1,3,7,1

- ACGGCAGTTATCTGG
  STATUS: FOUND_DIFFERENT
  SMALL_HEADER: ACGGCAGTTATCTGG|CONSCOUNT=4|PRIMER=IGHV_2,IGHV_21,IGHV_41|PRCOUNT=2,1,1
  LARGE_HEADER: ACGGCAGTTATCTGG|CONSCOUNT=64|PRIMER=IGHV_10,IGHV_11,IGHV_12,IGHV_13,IGHV_14,IGHV_15,IGHV_2,IGHV_21,IGHV_26,IGHV_28,IGHV_30,IGHV_32,IGHV_36,IGHV_37,IGHV_40,IGHV_41,IGHV_45,IGHV_6|PRCOUNT=3,2,3,2,8,2,20,2,3,2,3,1,1,2,1,2,1,6

- CTTGTGGCAACTGTT
  STATUS: SAME_SEQUENCE
  SMALL_HEADER: CTTGTGGCAACTGTT|CONSCOUNT=8|PRIMER=IGHV_10,IGHV_14,IGHV_2,IGHV_36,IGHV_40|PRCOUNT=2,1,3,1,1
  LARGE_HEADER: CTTGTGGCAACTGTT|CONSCOUNT=14|PRIMER=IGHV_10,IGHV_11,IGHV_14,IGHV_2,IGHV_36,IGHV_40|PRCOUNT=4,1,1,6,1,1

- CCCTCAAGTTTGTCT
  STATUS: FOUND_DIFFERENT
  SMALL_HEADER: CCCTCAAGTTTGTCT|CONSCOUNT=1|PRIMER=IGHV_13|PRCOUNT=1
  LARGE_HEADER: CCCTCAAGTTTGTCT|CONSCOUNT=6|PRIMER=IGHV_13,IGHV_2,IGHV_32,IGHV_40|PRCOUNT=1,2,2,1

- TTCAAGGGCATATAT
  STATUS: FOUND_DIFFERENT
  SMALL_HEADER: TTCAAGGGCATATAT|CONSCOUNT=3|PRIMER=IGHV_2,IGHV_26,IGHV_33|PRCOUNT=1,1,1
  LARGE_HEADER: TTCAAGGGCATATAT|CONSCOUNT=17|PRIMER=IGHV_13,IGHV_2,IGHV_22,IGHV_26,IGHV_32,IGHV_33|PRCOUNT=1,5,2,2,4,3

- TCCGTAGGGGGTCGA
  STATUS: FOUND_DIFFERENT
  SMALL_HEADER: TCCGTAGGGGGTCGA|CONSCOUNT=2|PRIMER=IGHV_10,IGHV_6|PRCOUNT=1,1
  LARGE_HEADER: TCCGTAGGGGGTCGA|CONSCOUNT=19|PRIMER=IGHV_10,IGHV_11,IGHV_14,IGHV_2,IGHV_26,IGHV_30,IGHV_33,IGHV_40,IGHV_6|PRCOUNT=3,1,1,7,1,1,1,1,3

- TTGGCTGGCATCTAT
  STATUS: SAME_SEQUENCE
  SMALL_HEADER: TTGGCTGGCATCTAT|CONSCOUNT=1|PRIMER=IGHV_33|PRCOUNT=1
  LARGE_HEADER: TTGGCTGGCATCTAT|CONSCOUNT=3|PRIMER=IGHV_21,IGHV_33,IGHV_6|PRCOUNT=1,1,1

- CCATAGTCTCCGCTT
  STATUS: SAME_SEQUENCE
  SMALL_HEADER: CCATAGTCTCCGCTT|CONSCOUNT=14|PRIMER=IGHV_10,IGHV_13,IGHV_14,IGHV_16,IGHV_2,IGHV_22,IGHV_26,IGHV_33,IGHV_36,IGHV_40|PRCOUNT=1,3,1,1,3,1,1,1,1,1
  LARGE_HEADER: CCATAGTCTCCGCTT|CONSCOUNT=290|PRIMER=IGHV_10,IGHV_11,IGHV_12,IGHV_13,IGHV_14,IGHV_15,IGHV_16,IGHV_2,IGHV_21,IGHV_22,IGHV_26,IGHV_28,IGHV_30,IGHV_32,IGHV_33,IGHV_36,IGHV_40,IGHV_43,IGHV_6,IGHV_8|PRCOUNT=9,2,1,12,12,11,15,99,6,13,18,6,8,9,18,30,14,4,1,2

- TTTATGTTAACCGTT
  STATUS: SAME_SEQUENCE
  SMALL_HEADER: TTTATGTTAACCGTT|CONSCOUNT=8|PRIMER=IGHV_2,IGHV_21,IGHV_36,IGHV_37,IGHV_40|PRCOUNT=4,1,1,1,1
  LARGE_HEADER: TTTATGTTAACCGTT|CONSCOUNT=115|PRIMER=IGHV_10,IGHV_11,IGHV_13,IGHV_14,IGHV_15,IGHV_2,IGHV_21,IGHV_22,IGHV_25,IGHV_26,IGHV_30,IGHV_32,IGHV_33,IGHV_36,IGHV_37,IGHV_40|PRCOUNT=7,4,2,14,1,41,6,2,5,1,2,4,9,4,1,12

- ATTGGATAAGGATGT
  STATUS: SAME_SEQUENCE
  SMALL_HEADER: ATTGGATAAGGATGT|CONSCOUNT=4|PRIMER=IGHV_37|PRCOUNT=4
  LARGE_HEADER: ATTGGATAAGGATGT|CONSCOUNT=11|PRIMER=IGHV_1,IGHV_37|PRCOUNT=1,10

- GTACGACTGGGGCAG
  STATUS: SAME_SEQUENCE
  SMALL_HEADER: GTACGACTGGGGCAG|CONSCOUNT=5|PRIMER=IGHV_11,IGHV_15,IGHV_2,IGHV_33|PRCOUNT=1,1,2,1
  LARGE_HEADER: GTACGACTGGGGCAG|CONSCOUNT=16|PRIMER=IGHV_10,IGHV_11,IGHV_15,IGHV_2,IGHV_21,IGHV_30,IGHV_33|PRCOUNT=3,1,1,8,1,1,1

- TCTCTATGATCAGGT
  STATUS: SAME_SEQUENCE
  SMALL_HEADER: TCTCTATGATCAGGT|CONSCOUNT=3|PRIMER=IGHV_2|PRCOUNT=3
  LARGE_HEADER: TCTCTATGATCAGGT|CONSCOUNT=11|PRIMER=IGHV_13,IGHV_2|PRCOUNT=1,10

- TTTTTGTGCCCCGAG
  STATUS: SAME_SEQUENCE
  SMALL_HEADER: TTTTTGTGCCCCGAG|CONSCOUNT=25|PRIMER=IGHV_10,IGHV_3,IGHV_44,IGHV_6,IGHV_7|PRCOUNT=1,10,6,1,7
  LARGE_HEADER: TTTTTGTGCCCCGAG|CONSCOUNT=109|PRIMER=IGHV_10,IGHV_2,IGHV_3,IGHV_44,IGHV_6,IGHV_7|PRCOUNT=4,1,52,26,1,25

- TTAATACATCGGAAA
  STATUS: SAME_SEQUENCE
  SMALL_HEADER: TTAATACATCGGAAA|CONSCOUNT=4|PRIMER=IGHV_10,IGHV_13,IGHV_2|PRCOUNT=1,1,2
  LARGE_HEADER: TTAATACATCGGAAA|CONSCOUNT=14|PRIMER=IGHV_10,IGHV_13,IGHV_15,IGHV_2,IGHV_30,IGHV_32,IGHV_33|PRCOUNT=1,1,1,7,1,2,1

- GACAATCTAGCCATG
  STATUS: FOUND_DIFFERENT
  SMALL_HEADER: GACAATCTAGCCATG|CONSCOUNT=8|PRIMER=IGHV_35,IGHV_38|PRCOUNT=5,3
  LARGE_HEADER: GACAATCTAGCCATG|CONSCOUNT=73|PRIMER=IGHV_2,IGHV_35,IGHV_37,IGHV_38|PRCOUNT=2,47,1,23

- AAACATATTCCAGGT
  STATUS: SAME_SEQUENCE
  SMALL_HEADER: AAACATATTCCAGGT|CONSCOUNT=1|PRIMER=IGHV_27|PRCOUNT=1
  LARGE_HEADER: AAACATATTCCAGGT|CONSCOUNT=4|PRIMER=IGHV_27|PRCOUNT=4

- TCCTAAGTTATCGTT
  STATUS: SAME_SEQUENCE
  SMALL_HEADER: TCCTAAGTTATCGTT|CONSCOUNT=5|PRIMER=IGHV_14,IGHV_2,IGHV_32,IGHV_35|PRCOUNT=1,2,1,1
  LARGE_HEADER: TCCTAAGTTATCGTT|CONSCOUNT=15|PRIMER=IGHV_14,IGHV_2,IGHV_26,IGHV_32,IGHV_33,IGHV_35,IGHV_36,IGHV_40,IGHV_45|PRCOUNT=1,7,1,1,1,1,1,1,1

- AGCGGGAGACAGACA
  STATUS: FOUND_DIFFERENT
  SMALL_HEADER: AGCGGGAGACAGACA|CONSCOUNT=2|PRIMER=IGHV_10,IGHV_2|PRCOUNT=1,1
  LARGE_HEADER: AGCGGGAGACAGACA|CONSCOUNT=4|PRIMER=IGHV_10,IGHV_2|PRCOUNT=1,3

- TAAGCCGCGGATAGT
  STATUS: SAME_SEQUENCE
  SMALL_HEADER: TAAGCCGCGGATAGT|CONSCOUNT=5|PRIMER=IGHV_2|PRCOUNT=5
  LARGE_HEADER: TAAGCCGCGGATAGT|CONSCOUNT=14|PRIMER=IGHV_11,IGHV_2,IGHV_32,IGHV_33,IGHV_36,IGHV_42|PRCOUNT=1,9,1,1,1,1

- TATCAGTAACAATGC
  STATUS: FOUND_DIFFERENT
  SMALL_HEADER: TATCAGTAACAATGC|CONSCOUNT=3|PRIMER=IGHV_2,IGHV_33|PRCOUNT=2,1
  LARGE_HEADER: TATCAGTAACAATGC|CONSCOUNT=10|PRIMER=IGHV_10,IGHV_13,IGHV_2,IGHV_26,IGHV_30,IGHV_33,IGHV_36|PRCOUNT=1,1,4,1,1,1,1

- CCATGGGGCTGGAGG
  STATUS: SAME_SEQUENCE
  SMALL_HEADER: CCATGGGGCTGGAGG|CONSCOUNT=38|PRIMER=IGHV_10,IGHV_11,IGHV_12,IGHV_16,IGHV_26,IGHV_28,IGHV_30,IGHV_35,IGHV_4,IGHV_6,IGHV_8|PRCOUNT=1,4,2,2,1,5,1,1,16,4,1
  LARGE_HEADER: CCATGGGGCTGGAGG|CONSCOUNT=357|PRIMER=IGHV_10,IGHV_11,IGHV_12,IGHV_13,IGHV_14,IGHV_15,IGHV_16,IGHV_2,IGHV_21,IGHV_22,IGHV_25,IGHV_26,IGHV_28,IGHV_30,IGHV_35,IGHV_36,IGHV_39,IGHV_4,IGHV_40,IGHV_41,IGHV_45,IGHV_6,IGHV_8|PRCOUNT=14,18,30,4,43,3,3,28,3,2,1,18,37,8,1,7,1,91,3,5,11,14,12

- AAAAGCGCCGAACAC
  STATUS: FOUND_DIFFERENT
  SMALL_HEADER: AAAAGCGCCGAACAC|CONSCOUNT=1|PRIMER=IGHV_13|PRCOUNT=1
  LARGE_HEADER: AAAAGCGCCGAACAC|CONSCOUNT=2|PRIMER=IGHV_13|PRCOUNT=2

- GTATGATCATTCCAT
  STATUS: SAME_SEQUENCE
  SMALL_HEADER: GTATGATCATTCCAT|CONSCOUNT=4|PRIMER=IGHV_15,IGHV_2,IGHV_32,IGHV_36|PRCOUNT=1,1,1,1
  LARGE_HEADER: GTATGATCATTCCAT|CONSCOUNT=6|PRIMER=IGHV_13,IGHV_15,IGHV_2,IGHV_32,IGHV_36|PRCOUNT=1,1,2,1,1

- GTCATTTACAAGATC
  STATUS: FOUND_DIFFERENT
  SMALL_HEADER: GTCATTTACAAGATC|CONSCOUNT=1|PRIMER=IGHV_12|PRCOUNT=1
  LARGE_HEADER: GTCATTTACAAGATC|CONSCOUNT=2|PRIMER=IGHV_12|PRCOUNT=2

- TTTTCCTTAGTCTCT
  STATUS: FOUND_DIFFERENT
  SMALL_HEADER: TTTTCCTTAGTCTCT|CONSCOUNT=16|PRIMER=IGHV_10,IGHV_13,IGHV_14,IGHV_16,IGHV_2,IGHV_22,IGHV_26,IGHV_36|PRCOUNT=2,1,2,1,6,1,2,1
  LARGE_HEADER: TTTTCCTTAGTCTCT|CONSCOUNT=123|PRIMER=IGHV_10,IGHV_13,IGHV_14,IGHV_16,IGHV_2,IGHV_21,IGHV_22,IGHV_26,IGHV_28,IGHV_32,IGHV_33,IGHV_36,IGHV_37,IGHV_39,IGHV_40|PRCOUNT=17,4,9,1,56,1,10,4,1,1,5,8,1,1,4

- TTACCATGCGGTAAA
  STATUS: IDENTICAL
  SMALL_HEADER: TTACCATGCGGTAAA|CONSCOUNT=1|PRIMER=IGHV_2|PRCOUNT=1
  LARGE_HEADER: TTACCATGCGGTAAA|CONSCOUNT=1|PRIMER=IGHV_2|PRCOUNT=1

- AATCGGAGCCAGCAC
  STATUS: SAME_SEQUENCE
  SMALL_HEADER: AATCGGAGCCAGCAC|CONSCOUNT=4|PRIMER=IGHV_13,IGHV_14,IGHV_2,IGHV_33|PRCOUNT=1,1,1,1
  LARGE_HEADER: AATCGGAGCCAGCAC|CONSCOUNT=15|PRIMER=IGHV_13,IGHV_14,IGHV_15,IGHV_2,IGHV_21,IGHV_26,IGHV_32,IGHV_33|PRCOUNT=2,1,1,7,1,1,1,1

- GGGGGGTAGACGTCA
  STATUS: SAME_SEQUENCE
  SMALL_HEADER: GGGGGGTAGACGTCA|CONSCOUNT=2|PRIMER=IGHV_14,IGHV_2|PRCOUNT=1,1
  LARGE_HEADER: GGGGGGTAGACGTCA|CONSCOUNT=6|PRIMER=IGHV_14,IGHV_15,IGHV_2|PRCOUNT=1,2,3

- TGAGTGCCGCGTAAT
  STATUS: SAME_SEQUENCE
  SMALL_HEADER: TGAGTGCCGCGTAAT|CONSCOUNT=2|PRIMER=IGHV_2,IGHV_32|PRCOUNT=1,1
  LARGE_HEADER: TGAGTGCCGCGTAAT|CONSCOUNT=4|PRIMER=IGHV_2,IGHV_32|PRCOUNT=1,3

- GTAAGACAAACCAGA
  STATUS: SAME_SEQUENCE
  SMALL_HEADER: GTAAGACAAACCAGA|CONSCOUNT=7|PRIMER=IGHV_2,IGHV_21,IGHV_26,IGHV_32,IGHV_33,IGHV_37|PRCOUNT=2,1,1,1,1,1
  LARGE_HEADER: GTAAGACAAACCAGA|CONSCOUNT=14|PRIMER=IGHV_14,IGHV_2,IGHV_21,IGHV_22,IGHV_26,IGHV_32,IGHV_33,IGHV_36,IGHV_37|PRCOUNT=1,5,1,1,2,1,1,1,1

- GTATAGAATTCGTTC
  STATUS: SAME_SEQUENCE
  SMALL_HEADER: GTATAGAATTCGTTC|CONSCOUNT=3|PRIMER=IGHV_14,IGHV_21|PRCOUNT=2,1
  LARGE_HEADER: GTATAGAATTCGTTC|CONSCOUNT=12|PRIMER=IGHV_14,IGHV_2,IGHV_21,IGHV_26,IGHV_32|PRCOUNT=2,4,4,1,1

- GGGGGCGCGCGGCCG
  STATUS: FOUND_DIFFERENT
  SMALL_HEADER: GGGGGCGCGCGGCCG|CONSCOUNT=2|PRIMER=IGHV_2,IGHV_40|PRCOUNT=1,1
  LARGE_HEADER: GGGGGCGCGCGGCCG|CONSCOUNT=4|PRIMER=IGHV_2,IGHV_32,IGHV_33,IGHV_40|PRCOUNT=1,1,1,1

- TTGGCGCATGATTAA
  STATUS: FOUND_DIFFERENT
  SMALL_HEADER: TTGGCGCATGATTAA|CONSCOUNT=3|PRIMER=IGHV_2,IGHV_36|PRCOUNT=1,2
  LARGE_HEADER: TTGGCGCATGATTAA|CONSCOUNT=27|PRIMER=IGHV_11,IGHV_14,IGHV_16,IGHV_2,IGHV_26,IGHV_28,IGHV_33,IGHV_36,IGHV_41,IGHV_8,IGHV_9|PRCOUNT=1,10,3,3,1,1,1,3,1,2,1

- CATTACCACTTGTCA
  STATUS: FOUND_DIFFERENT
  SMALL_HEADER: CATTACCACTTGTCA|CONSCOUNT=1|PRIMER=IGHV_2|PRCOUNT=1
  LARGE_HEADER: CATTACCACTTGTCA|CONSCOUNT=2|PRIMER=IGHV_2,IGHV_40|PRCOUNT=1,1

- CGCAACTAGCTAACC
  STATUS: SAME_SEQUENCE
  SMALL_HEADER: CGCAACTAGCTAACC|CONSCOUNT=4|PRIMER=IGHV_13,IGHV_14,IGHV_2,IGHV_33|PRCOUNT=1,1,1,1
  LARGE_HEADER: CGCAACTAGCTAACC|CONSCOUNT=13|PRIMER=IGHV_10,IGHV_12,IGHV_13,IGHV_14,IGHV_2,IGHV_26,IGHV_33,IGHV_36|PRCOUNT=1,3,1,2,3,1,1,1

- TCATTCATTTACAGA
  STATUS: SAME_SEQUENCE
  SMALL_HEADER: TCATTCATTTACAGA|CONSCOUNT=1|PRIMER=IGHV_26|PRCOUNT=1
  LARGE_HEADER: TCATTCATTTACAGA|CONSCOUNT=4|PRIMER=IGHV_14,IGHV_16,IGHV_26,IGHV_36|PRCOUNT=1,1,1,1

- TTTGTTTGAGTGGCT
  STATUS: FOUND_DIFFERENT
  SMALL_HEADER: TTTGTTTGAGTGGCT|CONSCOUNT=5|PRIMER=IGHV_10,IGHV_27,IGHV_28|PRCOUNT=1,3,1
  LARGE_HEADER: TTTGTTTGAGTGGCT|CONSCOUNT=47|PRIMER=IGHV_10,IGHV_14,IGHV_16,IGHV_2,IGHV_27,IGHV_28,IGHV_32,IGHV_39,IGHV_4,IGHV_43|PRCOUNT=1,11,1,1,21,5,2,2,1,2

- CATTAGTCTCTTTGC
  STATUS: IDENTICAL
  SMALL_HEADER: CATTAGTCTCTTTGC|CONSCOUNT=3|PRIMER=IGHV_14,IGHV_30|PRCOUNT=2,1
  LARGE_HEADER: CATTAGTCTCTTTGC|CONSCOUNT=3|PRIMER=IGHV_14,IGHV_30|PRCOUNT=2,1

- TAACTCCTCTATCAT
  STATUS: SAME_SEQUENCE
  SMALL_HEADER: TAACTCCTCTATCAT|CONSCOUNT=4|PRIMER=IGHV_14,IGHV_2,IGHV_33|PRCOUNT=1,2,1
  LARGE_HEADER: TAACTCCTCTATCAT|CONSCOUNT=13|PRIMER=IGHV_14,IGHV_2,IGHV_21,IGHV_32,IGHV_33,IGHV_40,IGHV_6|PRCOUNT=2,6,1,1,1,1,1

- GAGAAATTGTAGATG
  STATUS: FOUND_DIFFERENT
  SMALL_HEADER: GAGAAATTGTAGATG|CONSCOUNT=2|PRIMER=IGHV_36,IGHV_9|PRCOUNT=1,1
  LARGE_HEADER: GAGAAATTGTAGATG|CONSCOUNT=18|PRIMER=IGHV_14,IGHV_2,IGHV_28,IGHV_36,IGHV_4,IGHV_8,IGHV_9|PRCOUNT=2,1,1,2,7,1,4

- TAGGGAGGGTGCGTG
  STATUS: SAME_SEQUENCE
  SMALL_HEADER: TAGGGAGGGTGCGTG|CONSCOUNT=9|PRIMER=IGHV_10,IGHV_15,IGHV_2,IGHV_33|PRCOUNT=1,1,3,4
  LARGE_HEADER: TAGGGAGGGTGCGTG|CONSCOUNT=39|PRIMER=IGHV_10,IGHV_15,IGHV_2,IGHV_32,IGHV_33|PRCOUNT=7,2,10,4,16

- ACAAATCTAAAGTTG
  STATUS: SAME_SEQUENCE
  SMALL_HEADER: ACAAATCTAAAGTTG|CONSCOUNT=1|PRIMER=IGHV_42|PRCOUNT=1
  LARGE_HEADER: ACAAATCTAAAGTTG|CONSCOUNT=3|PRIMER=IGHV_42|PRCOUNT=3

- TATAAGCGTTACGTG
  STATUS: SAME_SEQUENCE
  SMALL_HEADER: TATAAGCGTTACGTG|CONSCOUNT=3|PRIMER=IGHV_2|PRCOUNT=3
  LARGE_HEADER: TATAAGCGTTACGTG|CONSCOUNT=9|PRIMER=IGHV_2,IGHV_32|PRCOUNT=8,1

- CCGCCGAGATTTAAT
  STATUS: FOUND_DIFFERENT
  SMALL_HEADER: CCGCCGAGATTTAAT|CONSCOUNT=1|PRIMER=IGHV_22|PRCOUNT=1
  LARGE_HEADER: CCGCCGAGATTTAAT|CONSCOUNT=2|PRIMER=IGHV_22,IGHV_33|PRCOUNT=1,1

- GCCGTGTTGTACCAT
  STATUS: SAME_SEQUENCE
  SMALL_HEADER: GCCGTGTTGTACCAT|CONSCOUNT=7|PRIMER=IGHV_2,IGHV_21,IGHV_26,IGHV_28,IGHV_40|PRCOUNT=3,1,1,1,1
  LARGE_HEADER: GCCGTGTTGTACCAT|CONSCOUNT=16|PRIMER=IGHV_14,IGHV_2,IGHV_21,IGHV_26,IGHV_28,IGHV_33,IGHV_36,IGHV_40|PRCOUNT=1,8,1,1,1,1,1,2

- AATCGATGGTTCTTT
  STATUS: SAME_SEQUENCE
  SMALL_HEADER: AATCGATGGTTCTTT|CONSCOUNT=3|PRIMER=IGHV_10,IGHV_2|PRCOUNT=1,2
  LARGE_HEADER: AATCGATGGTTCTTT|CONSCOUNT=6|PRIMER=IGHV_10,IGHV_2,IGHV_33,IGHV_40|PRCOUNT=1,3,1,1

- TAGTTTAATAGTTTG
  STATUS: FOUND_DIFFERENT
  SMALL_HEADER: TAGTTTAATAGTTTG|CONSCOUNT=3|PRIMER=IGHV_28,IGHV_36,IGHV_45|PRCOUNT=1,1,1
  LARGE_HEADER: TAGTTTAATAGTTTG|CONSCOUNT=7|PRIMER=IGHV_14,IGHV_2,IGHV_28,IGHV_36,IGHV_45,IGHV_9|PRCOUNT=1,2,1,1,1,1

- TCTTCATAACATAAT
  STATUS: FOUND_DIFFERENT
  SMALL_HEADER: TCTTCATAACATAAT|CONSCOUNT=1|PRIMER=IGHV_2|PRCOUNT=1
  LARGE_HEADER: TCTTCATAACATAAT|CONSCOUNT=7|PRIMER=IGHV_10,IGHV_2,IGHV_6|PRCOUNT=1,5,1

- AACATGACGTCTGTT
  STATUS: IDENTICAL
  SMALL_HEADER: AACATGACGTCTGTT|CONSCOUNT=1|PRIMER=IGHV_27|PRCOUNT=1
  LARGE_HEADER: AACATGACGTCTGTT|CONSCOUNT=1|PRIMER=IGHV_27|PRCOUNT=1

- CGGGAGAGTGGAAGC
  STATUS: IDENTICAL
  SMALL_HEADER: CGGGAGAGTGGAAGC|CONSCOUNT=1|PRIMER=IGHV_44|PRCOUNT=1
  LARGE_HEADER: CGGGAGAGTGGAAGC|CONSCOUNT=1|PRIMER=IGHV_44|PRCOUNT=1

- CTATTCACGATCGGT
  STATUS: FOUND_DIFFERENT
  SMALL_HEADER: CTATTCACGATCGGT|CONSCOUNT=3|PRIMER=IGHV_15,IGHV_2|PRCOUNT=1,2
  LARGE_HEADER: CTATTCACGATCGGT|CONSCOUNT=4|PRIMER=IGHV_15,IGHV_2|PRCOUNT=1,3

- CAGCCTAGGGGATGG
  STATUS: FOUND_DIFFERENT
  SMALL_HEADER: CAGCCTAGGGGATGG|CONSCOUNT=4|PRIMER=IGHV_15,IGHV_22,IGHV_25,IGHV_36|PRCOUNT=1,1,1,1
  LARGE_HEADER: CAGCCTAGGGGATGG|CONSCOUNT=179|PRIMER=IGHV_10,IGHV_11,IGHV_12,IGHV_13,IGHV_14,IGHV_15,IGHV_2,IGHV_22,IGHV_25,IGHV_26,IGHV_3,IGHV_30,IGHV_32,IGHV_33,IGHV_35,IGHV_36,IGHV_37,IGHV_40,IGHV_6|PRCOUNT=17,2,2,3,7,5,77,12,1,9,1,3,3,22,3,4,2,5,1

- TCTGCTGAGGTCGGC
  STATUS: SAME_SEQUENCE
  SMALL_HEADER: TCTGCTGAGGTCGGC|CONSCOUNT=1|PRIMER=IGHV_10|PRCOUNT=1
  LARGE_HEADER: TCTGCTGAGGTCGGC|CONSCOUNT=3|PRIMER=IGHV_10,IGHV_30|PRCOUNT=2,1

- AAGTTTGGGTGGCAG
  STATUS: FOUND_DIFFERENT
  SMALL_HEADER: AAGTTTGGGTGGCAG|CONSCOUNT=2|PRIMER=IGHV_2|PRCOUNT=2
  LARGE_HEADER: AAGTTTGGGTGGCAG|CONSCOUNT=7|PRIMER=IGHV_10,IGHV_2,IGHV_32|PRCOUNT=1,4,2

- GGGCGCATGGGCATA
  STATUS: SAME_SEQUENCE
  SMALL_HEADER: GGGCGCATGGGCATA|CONSCOUNT=30|PRIMER=IGHV_10,IGHV_11,IGHV_12,IGHV_14,IGHV_15,IGHV_2,IGHV_21,IGHV_22,IGHV_26,IGHV_32,IGHV_36,IGHV_37,IGHV_4,IGHV_6,IGHV_8|PRCOUNT=2,4,1,1,3,4,1,2,2,1,1,4,1,2,1
  LARGE_HEADER: GGGCGCATGGGCATA|CONSCOUNT=199|PRIMER=IGHV_10,IGHV_11,IGHV_12,IGHV_13,IGHV_14,IGHV_15,IGHV_2,IGHV_21,IGHV_22,IGHV_26,IGHV_28,IGHV_32,IGHV_33,IGHV_36,IGHV_37,IGHV_4,IGHV_40,IGHV_41,IGHV_43,IGHV_6,IGHV_8,IGHV_9|PRCOUNT=13,9,4,3,9,19,54,6,15,6,9,12,1,4,8,1,9,1,1,11,2,2

- AATTGTCTACAGCTT
  STATUS: FOUND_DIFFERENT
  SMALL_HEADER: AATTGTCTACAGCTT|CONSCOUNT=3|PRIMER=IGHV_22,IGHV_33|PRCOUNT=1,2
  LARGE_HEADER: AATTGTCTACAGCTT|CONSCOUNT=25|PRIMER=IGHV_14,IGHV_15,IGHV_2,IGHV_22,IGHV_33,IGHV_40,IGHV_43|PRCOUNT=2,3,9,2,7,1,1

- AAGAGCACGTTTCGT
  STATUS: FOUND_DIFFERENT
  SMALL_HEADER: AAGAGCACGTTTCGT|CONSCOUNT=2|PRIMER=IGHV_14,IGHV_26|PRCOUNT=1,1
  LARGE_HEADER: AAGAGCACGTTTCGT|CONSCOUNT=35|PRIMER=IGHV_10,IGHV_11,IGHV_12,IGHV_13,IGHV_14,IGHV_2,IGHV_26,IGHV_30,IGHV_36,IGHV_37,IGHV_40,IGHV_6,IGHV_9|PRCOUNT=2,1,1,1,8,9,2,2,2,2,2,1,2

- ACGCCTCGAGACGCG
  STATUS: SAME_SEQUENCE
  SMALL_HEADER: ACGCCTCGAGACGCG|CONSCOUNT=9|PRIMER=IGHV_11,IGHV_13,IGHV_15,IGHV_2,IGHV_21,IGHV_22,IGHV_26,IGHV_32,IGHV_33|PRCOUNT=1,1,1,1,1,1,1,1,1
  LARGE_HEADER: ACGCCTCGAGACGCG|CONSCOUNT=19|PRIMER=IGHV_10,IGHV_11,IGHV_13,IGHV_14,IGHV_15,IGHV_2,IGHV_21,IGHV_22,IGHV_26,IGHV_32,IGHV_33,IGHV_39,IGHV_40|PRCOUNT=2,1,3,1,1,3,1,1,1,2,1,1,1

- CAAATTACGCATGTT
  STATUS: IDENTICAL
  SMALL_HEADER: CAAATTACGCATGTT|CONSCOUNT=2|PRIMER=IGHV_10,IGHV_2|PRCOUNT=1,1
  LARGE_HEADER: CAAATTACGCATGTT|CONSCOUNT=2|PRIMER=IGHV_10,IGHV_2|PRCOUNT=1,1

- GACGCAATGGTCCTC
  STATUS: FOUND_DIFFERENT
  SMALL_HEADER: GACGCAATGGTCCTC|CONSCOUNT=1|PRIMER=IGHV_27|PRCOUNT=1
  LARGE_HEADER: GACGCAATGGTCCTC|CONSCOUNT=3|PRIMER=IGHV_27|PRCOUNT=3

- CAACCTTGTCACATT
  STATUS: FOUND_DIFFERENT
  SMALL_HEADER: CAACCTTGTCACATT|CONSCOUNT=2|PRIMER=IGHV_2,IGHV_8|PRCOUNT=1,1
  LARGE_HEADER: CAACCTTGTCACATT|CONSCOUNT=7|PRIMER=IGHV_10,IGHV_12,IGHV_2,IGHV_21,IGHV_28,IGHV_36,IGHV_8|PRCOUNT=1,1,1,1,1,1,1

- TGATGCATTTCCTTT
  STATUS: IDENTICAL
  SMALL_HEADER: TGATGCATTTCCTTT|CONSCOUNT=1|PRIMER=IGHV_30|PRCOUNT=1
  LARGE_HEADER: TGATGCATTTCCTTT|CONSCOUNT=1|PRIMER=IGHV_30|PRCOUNT=1

- CCTGCGGAGACAACC
  STATUS: FOUND_DIFFERENT
  SMALL_HEADER: CCTGCGGAGACAACC|CONSCOUNT=12|PRIMER=IGHV_27,IGHV_28,IGHV_36,IGHV_40|PRCOUNT=9,1,1,1
  LARGE_HEADER: CCTGCGGAGACAACC|CONSCOUNT=73|PRIMER=IGHV_10,IGHV_14,IGHV_15,IGHV_21,IGHV_25,IGHV_27,IGHV_28,IGHV_36,IGHV_40|PRCOUNT=6,8,7,1,1,41,1,5,3

- ATTATCGCCCTTTCT
  STATUS: FOUND_DIFFERENT
  SMALL_HEADER: ATTATCGCCCTTTCT|CONSCOUNT=3|PRIMER=IGHV_2|PRCOUNT=3
  LARGE_HEADER: ATTATCGCCCTTTCT|CONSCOUNT=8|PRIMER=IGHV_10,IGHV_12,IGHV_14,IGHV_2|PRCOUNT=2,1,1,4

- TAAATTTATGTGGCT
  STATUS: FOUND_DIFFERENT
  SMALL_HEADER: TAAATTTATGTGGCT|CONSCOUNT=2|PRIMER=IGHV_17|PRCOUNT=2
  LARGE_HEADER: TAAATTTATGTGGCT|CONSCOUNT=10|PRIMER=IGHV_17|PRCOUNT=10

- TTTATACCATATGGA
  STATUS: IDENTICAL
  SMALL_HEADER: TTTATACCATATGGA|CONSCOUNT=1|PRIMER=IGHV_27|PRCOUNT=1
  LARGE_HEADER: TTTATACCATATGGA|CONSCOUNT=1|PRIMER=IGHV_27|PRCOUNT=1

- TGGCTGTGTGAGATT
  STATUS: SAME_SEQUENCE
  SMALL_HEADER: TGGCTGTGTGAGATT|CONSCOUNT=7|PRIMER=IGHV_17,IGHV_20,IGHV_5|PRCOUNT=5,1,1
  LARGE_HEADER: TGGCTGTGTGAGATT|CONSCOUNT=24|PRIMER=IGHV_17,IGHV_20,IGHV_5|PRCOUNT=21,2,1

- CAAAGCGATCGTCTG
  STATUS: FOUND_DIFFERENT
  SMALL_HEADER: CAAAGCGATCGTCTG|CONSCOUNT=2|PRIMER=IGHV_1,IGHV_2|PRCOUNT=1,1
  LARGE_HEADER: CAAAGCGATCGTCTG|CONSCOUNT=15|PRIMER=IGHV_1,IGHV_2,IGHV_21,IGHV_22|PRCOUNT=3,7,3,2

- CTAGCGGTGGGGTGG
  STATUS: SAME_SEQUENCE
  SMALL_HEADER: CTAGCGGTGGGGTGG|CONSCOUNT=1|PRIMER=IGHV_2|PRCOUNT=1
  LARGE_HEADER: CTAGCGGTGGGGTGG|CONSCOUNT=5|PRIMER=IGHV_10,IGHV_2,IGHV_22|PRCOUNT=1,3,1

- AGAAACTGTTGAGGC
  STATUS: FOUND_DIFFERENT
  SMALL_HEADER: AGAAACTGTTGAGGC|CONSCOUNT=2|PRIMER=IGHV_2,IGHV_36|PRCOUNT=1,1
  LARGE_HEADER: AGAAACTGTTGAGGC|CONSCOUNT=14|PRIMER=IGHV_12,IGHV_14,IGHV_2,IGHV_26,IGHV_36,IGHV_6|PRCOUNT=2,2,7,1,1,1

- GGGTATGGAAAAGTT
  STATUS: SAME_SEQUENCE
  SMALL_HEADER: GGGTATGGAAAAGTT|CONSCOUNT=12|PRIMER=IGHV_14,IGHV_21,IGHV_26,IGHV_30,IGHV_33,IGHV_37|PRCOUNT=1,1,4,3,1,2
  LARGE_HEADER: GGGTATGGAAAAGTT|CONSCOUNT=34|PRIMER=IGHV_14,IGHV_2,IGHV_21,IGHV_26,IGHV_30,IGHV_33,IGHV_37|PRCOUNT=1,10,2,9,9,1,2

- TTGTTAGACTTTCTC
  STATUS: IDENTICAL
  SMALL_HEADER: TTGTTAGACTTTCTC|CONSCOUNT=1|PRIMER=IGHV_2|PRCOUNT=1
  LARGE_HEADER: TTGTTAGACTTTCTC|CONSCOUNT=1|PRIMER=IGHV_2|PRCOUNT=1

- TAAAATCGGATCCGA
  STATUS: FOUND_DIFFERENT
  SMALL_HEADER: TAAAATCGGATCCGA|CONSCOUNT=2|PRIMER=IGHV_10,IGHV_2|PRCOUNT=1,1
  LARGE_HEADER: TAAAATCGGATCCGA|CONSCOUNT=6|PRIMER=IGHV_10,IGHV_14,IGHV_2|PRCOUNT=1,1,4

- AACTATCCCATGTTA
  STATUS: FOUND_DIFFERENT
  SMALL_HEADER: AACTATCCCATGTTA|CONSCOUNT=3|PRIMER=IGHV_28,IGHV_4,IGHV_8|PRCOUNT=1,1,1
  LARGE_HEADER: AACTATCCCATGTTA|CONSCOUNT=24|PRIMER=IGHV_14,IGHV_28,IGHV_37,IGHV_4,IGHV_41,IGHV_45,IGHV_8|PRCOUNT=1,2,1,2,12,1,5

- TCGTCGCGTGATTAC
  STATUS: SAME_SEQUENCE
  SMALL_HEADER: TCGTCGCGTGATTAC|CONSCOUNT=1|PRIMER=IGHV_10|PRCOUNT=1
  LARGE_HEADER: TCGTCGCGTGATTAC|CONSCOUNT=6|PRIMER=IGHV_10,IGHV_27|PRCOUNT=1,5

- TACCAGCTTAATCTC
  STATUS: SAME_SEQUENCE
  SMALL_HEADER: TACCAGCTTAATCTC|CONSCOUNT=4|PRIMER=IGHV_14,IGHV_2,IGHV_21,IGHV_26|PRCOUNT=1,1,1,1
  LARGE_HEADER: TACCAGCTTAATCTC|CONSCOUNT=60|PRIMER=IGHV_11,IGHV_12,IGHV_13,IGHV_14,IGHV_15,IGHV_2,IGHV_21,IGHV_26,IGHV_28,IGHV_36,IGHV_40,IGHV_43|PRCOUNT=2,8,2,5,2,8,7,3,16,2,1,4

- GGTAAGGTACCGTAA
  STATUS: SAME_SEQUENCE
  SMALL_HEADER: GGTAAGGTACCGTAA|CONSCOUNT=7|PRIMER=IGHV_2,IGHV_33|PRCOUNT=5,2
  LARGE_HEADER: GGTAAGGTACCGTAA|CONSCOUNT=14|PRIMER=IGHV_2,IGHV_33,IGHV_40|PRCOUNT=11,2,1

- CGTTTACCAAGTATG
  STATUS: FOUND_DIFFERENT
  SMALL_HEADER: CGTTTACCAAGTATG|CONSCOUNT=2|PRIMER=IGHV_1|PRCOUNT=2
  LARGE_HEADER: CGTTTACCAAGTATG|CONSCOUNT=16|PRIMER=IGHV_1,IGHV_30|PRCOUNT=13,3

- TTATTGTCACTCCGA
  STATUS: SAME_SEQUENCE
  SMALL_HEADER: TTATTGTCACTCCGA|CONSCOUNT=2|PRIMER=IGHV_2,IGHV_26|PRCOUNT=1,1
  LARGE_HEADER: TTATTGTCACTCCGA|CONSCOUNT=9|PRIMER=IGHV_14,IGHV_15,IGHV_2,IGHV_26,IGHV_32,IGHV_36|PRCOUNT=1,1,4,1,1,1

- CGTTTTTTCATCGAC
  STATUS: FOUND_DIFFERENT
  SMALL_HEADER: CGTTTTTTCATCGAC|CONSCOUNT=5|PRIMER=IGHV_10,IGHV_13,IGHV_14,IGHV_40|PRCOUNT=2,1,1,1
  LARGE_HEADER: CGTTTTTTCATCGAC|CONSCOUNT=60|PRIMER=IGHV_10,IGHV_11,IGHV_13,IGHV_14,IGHV_15,IGHV_2,IGHV_22,IGHV_30,IGHV_33,IGHV_35,IGHV_40,IGHV_6|PRCOUNT=16,1,3,6,2,18,1,4,4,1,3,1

- TACAGGGGGGGGTAG
  STATUS: SAME_SEQUENCE
  SMALL_HEADER: TACAGGGGGGGGTAG|CONSCOUNT=6|PRIMER=IGHV_2,IGHV_33,IGHV_36|PRCOUNT=3,1,2
  LARGE_HEADER: TACAGGGGGGGGTAG|CONSCOUNT=16|PRIMER=IGHV_10,IGHV_2,IGHV_22,IGHV_33,IGHV_36|PRCOUNT=1,11,1,1,2

- TATAGCTCTGTGTGG
  STATUS: FOUND_DIFFERENT
  SMALL_HEADER: TATAGCTCTGTGTGG|CONSCOUNT=2|PRIMER=IGHV_13,IGHV_2|PRCOUNT=1,1
  LARGE_HEADER: TATAGCTCTGTGTGG|CONSCOUNT=7|PRIMER=IGHV_10,IGHV_13,IGHV_2,IGHV_22|PRCOUNT=1,1,4,1

- CAAAGAACATAGAGC
  STATUS: SAME_SEQUENCE
  SMALL_HEADER: CAAAGAACATAGAGC|CONSCOUNT=1|PRIMER=IGHV_2|PRCOUNT=1
  LARGE_HEADER: CAAAGAACATAGAGC|CONSCOUNT=34|PRIMER=IGHV_10,IGHV_13,IGHV_2,IGHV_21,IGHV_33,IGHV_36,IGHV_43|PRCOUNT=2,6,7,2,3,13,1

- ATTGTTAGCACTTAA
  STATUS: FOUND_DIFFERENT
  SMALL_HEADER: ATTGTTAGCACTTAA|CONSCOUNT=7|PRIMER=IGHV_15,IGHV_2,IGHV_21,IGHV_36|PRCOUNT=1,3,2,1
  LARGE_HEADER: ATTGTTAGCACTTAA|CONSCOUNT=23|PRIMER=IGHV_10,IGHV_13,IGHV_14,IGHV_15,IGHV_2,IGHV_21,IGHV_32,IGHV_36,IGHV_6|PRCOUNT=1,2,3,1,11,2,1,1,1

- TTTGAGGGGGGGCCG
  STATUS: FOUND_DIFFERENT
  SMALL_HEADER: TTTGAGGGGGGGCCG|CONSCOUNT=1|PRIMER=IGHV_33|PRCOUNT=1
  LARGE_HEADER: TTTGAGGGGGGGCCG|CONSCOUNT=6|PRIMER=IGHV_14,IGHV_2,IGHV_28,IGHV_33|PRCOUNT=2,2,1,1

- CCGGTCTTCTTCTTT
  STATUS: FOUND_DIFFERENT
  SMALL_HEADER: CCGGTCTTCTTCTTT|CONSCOUNT=1|PRIMER=IGHV_10|PRCOUNT=1
  LARGE_HEADER: CCGGTCTTCTTCTTT|CONSCOUNT=4|PRIMER=IGHV_10|PRCOUNT=4

- GTAACTGGCGTCGGG
  STATUS: FOUND_DIFFERENT
  SMALL_HEADER: GTAACTGGCGTCGGG|CONSCOUNT=1|PRIMER=IGHV_45|PRCOUNT=1
  LARGE_HEADER: GTAACTGGCGTCGGG|CONSCOUNT=11|PRIMER=IGHV_11,IGHV_12,IGHV_14,IGHV_2,IGHV_28,IGHV_45|PRCOUNT=2,2,2,3,1,1

- CTTAATTAGAATTCT
  STATUS: FOUND_DIFFERENT
  SMALL_HEADER: CTTAATTAGAATTCT|CONSCOUNT=2|PRIMER=IGHV_17|PRCOUNT=2
  LARGE_HEADER: CTTAATTAGAATTCT|CONSCOUNT=3|PRIMER=IGHV_17|PRCOUNT=3

- GCCGAGGCGCGTTGG
  STATUS: IDENTICAL
  SMALL_HEADER: GCCGAGGCGCGTTGG|CONSCOUNT=1|PRIMER=IGHV_2|PRCOUNT=1
  LARGE_HEADER: GCCGAGGCGCGTTGG|CONSCOUNT=1|PRIMER=IGHV_2|PRCOUNT=1

- TCTAAGTGTATAAGT
  STATUS: SAME_SEQUENCE
  SMALL_HEADER: TCTAAGTGTATAAGT|CONSCOUNT=9|PRIMER=IGHV_14,IGHV_2,IGHV_22,IGHV_26,IGHV_33|PRCOUNT=1,5,1,1,1
  LARGE_HEADER: TCTAAGTGTATAAGT|CONSCOUNT=22|PRIMER=IGHV_10,IGHV_14,IGHV_15,IGHV_2,IGHV_21,IGHV_22,IGHV_26,IGHV_28,IGHV_33|PRCOUNT=1,2,1,13,1,1,1,1,1

- ACGATACACAAACTG
  STATUS: IDENTICAL
  SMALL_HEADER: ACGATACACAAACTG|CONSCOUNT=1|PRIMER=IGHV_2|PRCOUNT=1
  LARGE_HEADER: ACGATACACAAACTG|CONSCOUNT=1|PRIMER=IGHV_2|PRCOUNT=1

- TAACACCACATCAAT
  STATUS: FOUND_DIFFERENT
  SMALL_HEADER: TAACACCACATCAAT|CONSCOUNT=10|PRIMER=IGHV_13,IGHV_2,IGHV_22,IGHV_32|PRCOUNT=1,5,2,2
  LARGE_HEADER: TAACACCACATCAAT|CONSCOUNT=75|PRIMER=IGHV_10,IGHV_11,IGHV_13,IGHV_14,IGHV_15,IGHV_2,IGHV_21,IGHV_22,IGHV_26,IGHV_28,IGHV_32,IGHV_33,IGHV_40|PRCOUNT=9,5,12,1,1,24,2,6,2,1,9,1,2

- AATAGTAGCTACTGT
  STATUS: IDENTICAL
  SMALL_HEADER: AATAGTAGCTACTGT|CONSCOUNT=2|PRIMER=IGHV_2|PRCOUNT=2
  LARGE_HEADER: AATAGTAGCTACTGT|CONSCOUNT=2|PRIMER=IGHV_2|PRCOUNT=2

- CACCGCCCTTTTAAG
  STATUS: FOUND_DIFFERENT
  SMALL_HEADER: CACCGCCCTTTTAAG|CONSCOUNT=4|PRIMER=IGHV_10,IGHV_2,IGHV_40|PRCOUNT=1,2,1
  LARGE_HEADER: CACCGCCCTTTTAAG|CONSCOUNT=13|PRIMER=IGHV_10,IGHV_14,IGHV_2,IGHV_22,IGHV_26,IGHV_28,IGHV_40|PRCOUNT=1,1,6,2,1,1,1

- GACATCATCGAATTG
  STATUS: SAME_SEQUENCE
  SMALL_HEADER: GACATCATCGAATTG|CONSCOUNT=2|PRIMER=IGHV_44|PRCOUNT=2
  LARGE_HEADER: GACATCATCGAATTG|CONSCOUNT=3|PRIMER=IGHV_44|PRCOUNT=3

- TGATTGTGCAGGGGG
  STATUS: FOUND_DIFFERENT
  SMALL_HEADER: TGATTGTGCAGGGGG|CONSCOUNT=3|PRIMER=IGHV_13,IGHV_22,IGHV_9|PRCOUNT=1,1,1
  LARGE_HEADER: TGATTGTGCAGGGGG|CONSCOUNT=113|PRIMER=IGHV_10,IGHV_11,IGHV_12,IGHV_13,IGHV_14,IGHV_2,IGHV_21,IGHV_22,IGHV_26,IGHV_28,IGHV_30,IGHV_32,IGHV_33,IGHV_40,IGHV_41,IGHV_8,IGHV_9|PRCOUNT=14,1,4,6,17,13,2,2,5,2,3,6,1,1,6,5,25

- ACATCATCTTAGAGT
  STATUS: FOUND_DIFFERENT
  SMALL_HEADER: ACATCATCTTAGAGT|CONSCOUNT=1|PRIMER=IGHV_2|PRCOUNT=1
  LARGE_HEADER: ACATCATCTTAGAGT|CONSCOUNT=15|PRIMER=IGHV_11,IGHV_12,IGHV_13,IGHV_14,IGHV_15,IGHV_2,IGHV_26,IGHV_28,IGHV_37,IGHV_40,IGHV_43|PRCOUNT=1,1,1,1,2,3,2,1,1,1,1

- TACGGGCAGGGCGAG
  STATUS: FOUND_DIFFERENT
  SMALL_HEADER: TACGGGCAGGGCGAG|CONSCOUNT=2|PRIMER=IGHV_13,IGHV_22|PRCOUNT=1,1
  LARGE_HEADER: TACGGGCAGGGCGAG|CONSCOUNT=5|PRIMER=IGHV_10,IGHV_13,IGHV_2,IGHV_22|PRCOUNT=1,1,2,1

- TAAATGGCCGTCAAT
  STATUS: SAME_SEQUENCE
  SMALL_HEADER: TAAATGGCCGTCAAT|CONSCOUNT=1|PRIMER=IGHV_2|PRCOUNT=1
  LARGE_HEADER: TAAATGGCCGTCAAT|CONSCOUNT=3|PRIMER=IGHV_2,IGHV_8|PRCOUNT=2,1

- CTCTGTTGGAGCTAA
  STATUS: FOUND_DIFFERENT
  SMALL_HEADER: CTCTGTTGGAGCTAA|CONSCOUNT=3|PRIMER=IGHV_11,IGHV_12,IGHV_14|PRCOUNT=1,1,1
  LARGE_HEADER: CTCTGTTGGAGCTAA|CONSCOUNT=6|PRIMER=IGHV_11,IGHV_12,IGHV_14,IGHV_22,IGHV_26|PRCOUNT=1,1,2,1,1

- GGAAGCCGGGGCTGG
  STATUS: SAME_SEQUENCE
  SMALL_HEADER: GGAAGCCGGGGCTGG|CONSCOUNT=1|PRIMER=IGHV_1|PRCOUNT=1
  LARGE_HEADER: GGAAGCCGGGGCTGG|CONSCOUNT=2|PRIMER=IGHV_1|PRCOUNT=2

- ACATTAGGAAGGTGG
  STATUS: FOUND_DIFFERENT
  SMALL_HEADER: ACATTAGGAAGGTGG|CONSCOUNT=9|PRIMER=IGHV_13,IGHV_15,IGHV_2,IGHV_21,IGHV_32|PRCOUNT=1,1,5,1,1
  LARGE_HEADER: ACATTAGGAAGGTGG|CONSCOUNT=35|PRIMER=IGHV_12,IGHV_13,IGHV_14,IGHV_15,IGHV_2,IGHV_21,IGHV_32|PRCOUNT=3,6,3,2,14,4,3

- TCCTAAAGCTGAACC
  STATUS: IDENTICAL
  SMALL_HEADER: TCCTAAAGCTGAACC|CONSCOUNT=2|PRIMER=IGHV_26,IGHV_27|PRCOUNT=1,1
  LARGE_HEADER: TCCTAAAGCTGAACC|CONSCOUNT=2|PRIMER=IGHV_26,IGHV_27|PRCOUNT=1,1

- CTTCGTGTATGTACA
  STATUS: FOUND_DIFFERENT
  SMALL_HEADER: CTTCGTGTATGTACA|CONSCOUNT=2|PRIMER=IGHV_2,IGHV_33|PRCOUNT=1,1
  LARGE_HEADER: CTTCGTGTATGTACA|CONSCOUNT=5|PRIMER=IGHV_14,IGHV_2,IGHV_21,IGHV_33|PRCOUNT=1,2,1,1

- TTCAGGCTCGATTCG
  STATUS: FOUND_DIFFERENT
  SMALL_HEADER: TTCAGGCTCGATTCG|CONSCOUNT=2|PRIMER=IGHV_15,IGHV_33|PRCOUNT=1,1
  LARGE_HEADER: TTCAGGCTCGATTCG|CONSCOUNT=7|PRIMER=IGHV_14,IGHV_15,IGHV_16,IGHV_21,IGHV_33|PRCOUNT=1,2,1,1,2

- ATCACTCTTCATGAA
  STATUS: FOUND_DIFFERENT
  SMALL_HEADER: ATCACTCTTCATGAA|CONSCOUNT=1|PRIMER=IGHV_2|PRCOUNT=1
  LARGE_HEADER: ATCACTCTTCATGAA|CONSCOUNT=3|PRIMER=IGHV_2|PRCOUNT=3

- TTGTCTAGCTGCGAC
  STATUS: SAME_SEQUENCE
  SMALL_HEADER: TTGTCTAGCTGCGAC|CONSCOUNT=3|PRIMER=IGHV_14,IGHV_2,IGHV_33|PRCOUNT=1,1,1
  LARGE_HEADER: TTGTCTAGCTGCGAC|CONSCOUNT=86|PRIMER=IGHV_10,IGHV_11,IGHV_13,IGHV_14,IGHV_15,IGHV_2,IGHV_21,IGHV_22,IGHV_28,IGHV_32,IGHV_33,IGHV_39,IGHV_40|PRCOUNT=3,1,2,2,5,46,6,3,3,1,5,1,8

- GGATGGTAATTGTAC
  STATUS: FOUND_DIFFERENT
  SMALL_HEADER: GGATGGTAATTGTAC|CONSCOUNT=1|PRIMER=IGHV_30|PRCOUNT=1
  LARGE_HEADER: GGATGGTAATTGTAC|CONSCOUNT=42|PRIMER=IGHV_10,IGHV_11,IGHV_13,IGHV_14,IGHV_2,IGHV_26,IGHV_28,IGHV_30,IGHV_32,IGHV_6|PRCOUNT=2,1,1,7,2,4,4,14,2,5

- TTAGTTCCGTAACTT
  STATUS: SAME_SEQUENCE
  SMALL_HEADER: TTAGTTCCGTAACTT|CONSCOUNT=4|PRIMER=IGHV_10,IGHV_14,IGHV_30|PRCOUNT=1,2,1
  LARGE_HEADER: TTAGTTCCGTAACTT|CONSCOUNT=11|PRIMER=IGHV_10,IGHV_14,IGHV_2,IGHV_21,IGHV_30,IGHV_33|PRCOUNT=1,2,4,1,2,1

- CGCCAACAGAAACGT
  STATUS: FOUND_DIFFERENT
  SMALL_HEADER: CGCCAACAGAAACGT|CONSCOUNT=5|PRIMER=IGHV_10,IGHV_13,IGHV_4,IGHV_41|PRCOUNT=1,1,1,2
  LARGE_HEADER: CGCCAACAGAAACGT|CONSCOUNT=84|PRIMER=IGHV_10,IGHV_11,IGHV_12,IGHV_13,IGHV_14,IGHV_2,IGHV_26,IGHV_28,IGHV_32,IGHV_33,IGHV_36,IGHV_4,IGHV_40,IGHV_41,IGHV_45,IGHV_8|PRCOUNT=4,2,1,11,13,9,4,5,5,3,3,2,1,13,6,2

- GCATAGTCATTAGGT
  STATUS: SAME_SEQUENCE
  SMALL_HEADER: GCATAGTCATTAGGT|CONSCOUNT=1|PRIMER=IGHV_27|PRCOUNT=1
  LARGE_HEADER: GCATAGTCATTAGGT|CONSCOUNT=2|PRIMER=IGHV_27|PRCOUNT=2

- GTACTAGGCGATCCT
  STATUS: FOUND_DIFFERENT
  SMALL_HEADER: GTACTAGGCGATCCT|CONSCOUNT=1|PRIMER=IGHV_2|PRCOUNT=1
  LARGE_HEADER: GTACTAGGCGATCCT|CONSCOUNT=5|PRIMER=IGHV_11,IGHV_14,IGHV_2|PRCOUNT=2,2,1

- TAGTTGTTGTTTTAG
  STATUS: FOUND_DIFFERENT
  SMALL_HEADER: TAGTTGTTGTTTTAG|CONSCOUNT=1|PRIMER=IGHV_11|PRCOUNT=1
  LARGE_HEADER: TAGTTGTTGTTTTAG|CONSCOUNT=59|PRIMER=IGHV_11,IGHV_14,IGHV_2,IGHV_22,IGHV_28,IGHV_4,IGHV_41,IGHV_45,IGHV_6|PRCOUNT=3,10,2,3,4,34,1,1,1

- CGAAACCGGAATATG
  STATUS: IDENTICAL
  SMALL_HEADER: CGAAACCGGAATATG|CONSCOUNT=2|PRIMER=IGHV_13,IGHV_36|PRCOUNT=1,1
  LARGE_HEADER: CGAAACCGGAATATG|CONSCOUNT=2|PRIMER=IGHV_13,IGHV_36|PRCOUNT=1,1

- ACTAATTTTGCAAAT
  STATUS: FOUND_DIFFERENT
  SMALL_HEADER: ACTAATTTTGCAAAT|CONSCOUNT=2|PRIMER=IGHV_27|PRCOUNT=2
  LARGE_HEADER: ACTAATTTTGCAAAT|CONSCOUNT=5|PRIMER=IGHV_27|PRCOUNT=5

- TTTATTTGTCACAAA
  STATUS: FOUND_DIFFERENT
  SMALL_HEADER: TTTATTTGTCACAAA|CONSCOUNT=1|PRIMER=IGHV_2|PRCOUNT=1
  LARGE_HEADER: TTTATTTGTCACAAA|CONSCOUNT=5|PRIMER=IGHV_13,IGHV_2|PRCOUNT=1,4

- CTTGGGTAAAATCGT
  STATUS: FOUND_DIFFERENT
  SMALL_HEADER: CTTGGGTAAAATCGT|CONSCOUNT=2|PRIMER=IGHV_32|PRCOUNT=2
  LARGE_HEADER: CTTGGGTAAAATCGT|CONSCOUNT=8|PRIMER=IGHV_2,IGHV_32,IGHV_33,IGHV_36,IGHV_43|PRCOUNT=3,2,1,1,1

- TGAGAGCTCCCCCAG
  STATUS: SAME_SEQUENCE
  SMALL_HEADER: TGAGAGCTCCCCCAG|CONSCOUNT=11|PRIMER=IGHV_10,IGHV_14,IGHV_2,IGHV_21,IGHV_22,IGHV_8|PRCOUNT=1,1,5,1,2,1
  LARGE_HEADER: TGAGAGCTCCCCCAG|CONSCOUNT=80|PRIMER=IGHV_10,IGHV_14,IGHV_2,IGHV_21,IGHV_22,IGHV_26,IGHV_30,IGHV_32,IGHV_33,IGHV_40,IGHV_6,IGHV_8|PRCOUNT=8,9,34,2,6,6,1,4,4,1,1,4

- TTGTAGTTCACGTCT
  STATUS: FOUND_DIFFERENT
  SMALL_HEADER: TTGTAGTTCACGTCT|CONSCOUNT=1|PRIMER=IGHV_2|PRCOUNT=1
  LARGE_HEADER: TTGTAGTTCACGTCT|CONSCOUNT=2|PRIMER=IGHV_2,IGHV_37|PRCOUNT=1,1

- GTTGTTGGTCGTGTC
  STATUS: SAME_SEQUENCE
  SMALL_HEADER: GTTGTTGGTCGTGTC|CONSCOUNT=7|PRIMER=IGHV_13,IGHV_14,IGHV_15,IGHV_2,IGHV_22|PRCOUNT=1,1,1,2,2
  LARGE_HEADER: GTTGTTGGTCGTGTC|CONSCOUNT=26|PRIMER=IGHV_10,IGHV_12,IGHV_13,IGHV_14,IGHV_15,IGHV_2,IGHV_22,IGHV_36,IGHV_40|PRCOUNT=2,1,2,1,2,13,3,1,1

- GTCGATGCTAAAGTA
  STATUS: FOUND_DIFFERENT
  SMALL_HEADER: GTCGATGCTAAAGTA|CONSCOUNT=2|PRIMER=IGHV_37|PRCOUNT=2
  LARGE_HEADER: GTCGATGCTAAAGTA|CONSCOUNT=9|PRIMER=IGHV_37|PRCOUNT=9

- TAACTGCTTGCTGTA
  STATUS: SAME_SEQUENCE
  SMALL_HEADER: TAACTGCTTGCTGTA|CONSCOUNT=3|PRIMER=IGHV_12,IGHV_2,IGHV_33|PRCOUNT=1,1,1
  LARGE_HEADER: TAACTGCTTGCTGTA|CONSCOUNT=5|PRIMER=IGHV_12,IGHV_13,IGHV_2,IGHV_33,IGHV_36|PRCOUNT=1,1,1,1,1

- CTTGTCGATTTTGTA
  STATUS: IDENTICAL
  SMALL_HEADER: CTTGTCGATTTTGTA|CONSCOUNT=1|PRIMER=IGHV_17|PRCOUNT=1
  LARGE_HEADER: CTTGTCGATTTTGTA|CONSCOUNT=1|PRIMER=IGHV_17|PRCOUNT=1

- GGACATAACTATGTT
  STATUS: IDENTICAL
  SMALL_HEADER: GGACATAACTATGTT|CONSCOUNT=1|PRIMER=IGHV_27|PRCOUNT=1
  LARGE_HEADER: GGACATAACTATGTT|CONSCOUNT=1|PRIMER=IGHV_27|PRCOUNT=1

- AATTTACAGTTGGTC
  STATUS: SAME_SEQUENCE
  SMALL_HEADER: AATTTACAGTTGGTC|CONSCOUNT=19|PRIMER=IGHV_10,IGHV_12,IGHV_14,IGHV_2,IGHV_22,IGHV_26,IGHV_28,IGHV_33,IGHV_40|PRCOUNT=2,3,4,4,1,1,1,2,1
  LARGE_HEADER: AATTTACAGTTGGTC|CONSCOUNT=79|PRIMER=IGHV_10,IGHV_11,IGHV_12,IGHV_14,IGHV_2,IGHV_21,IGHV_22,IGHV_26,IGHV_28,IGHV_30,IGHV_32,IGHV_33,IGHV_36,IGHV_40,IGHV_6|PRCOUNT=12,3,3,14,13,1,3,1,5,1,1,12,3,5,2

- ATATCGAGGGCGGCT
  STATUS: FOUND_DIFFERENT
  SMALL_HEADER: ATATCGAGGGCGGCT|CONSCOUNT=1|PRIMER=IGHV_13|PRCOUNT=1
  LARGE_HEADER: ATATCGAGGGCGGCT|CONSCOUNT=2|PRIMER=IGHV_10,IGHV_13|PRCOUNT=1,1

- TACGTGCGCGCATAT
  STATUS: SAME_SEQUENCE
  SMALL_HEADER: TACGTGCGCGCATAT|CONSCOUNT=2|PRIMER=IGHV_27|PRCOUNT=2
  LARGE_HEADER: TACGTGCGCGCATAT|CONSCOUNT=8|PRIMER=IGHV_27|PRCOUNT=8

- CACACGCGCGTGTAT
  STATUS: IDENTICAL
  SMALL_HEADER: CACACGCGCGTGTAT|CONSCOUNT=1|PRIMER=IGHV_25|PRCOUNT=1
  LARGE_HEADER: CACACGCGCGTGTAT|CONSCOUNT=1|PRIMER=IGHV_25|PRCOUNT=1

- TTGGTGCAGCTTGAG
  STATUS: FOUND_DIFFERENT
  SMALL_HEADER: TTGGTGCAGCTTGAG|CONSCOUNT=7|PRIMER=IGHV_11,IGHV_14,IGHV_20,IGHV_4,IGHV_6|PRCOUNT=1,2,1,2,1
  LARGE_HEADER: TTGGTGCAGCTTGAG|CONSCOUNT=283|PRIMER=IGHV_10,IGHV_11,IGHV_12,IGHV_13,IGHV_14,IGHV_15,IGHV_2,IGHV_20,IGHV_21,IGHV_26,IGHV_28,IGHV_30,IGHV_32,IGHV_33,IGHV_36,IGHV_37,IGHV_4,IGHV_40,IGHV_41,IGHV_43,IGHV_45,IGHV_6,IGHV_8,IGHV_9|PRCOUNT=25,8,14,8,38,15,48,2,6,8,18,6,1,5,1,2,48,2,2,2,13,4,2,5

- TATCAGGCATACGTG
  STATUS: SAME_SEQUENCE
  SMALL_HEADER: TATCAGGCATACGTG|CONSCOUNT=5|PRIMER=IGHV_13,IGHV_14,IGHV_2,IGHV_32|PRCOUNT=1,1,2,1
  LARGE_HEADER: TATCAGGCATACGTG|CONSCOUNT=12|PRIMER=IGHV_10,IGHV_13,IGHV_14,IGHV_2,IGHV_32|PRCOUNT=1,1,2,6,2

- ATAGCGTGTGTGGCG
  STATUS: FOUND_DIFFERENT
  SMALL_HEADER: ATAGCGTGTGTGGCG|CONSCOUNT=6|PRIMER=IGHV_11,IGHV_2,IGHV_32,IGHV_33,IGHV_36|PRCOUNT=1,2,1,1,1
  LARGE_HEADER: ATAGCGTGTGTGGCG|CONSCOUNT=258|PRIMER=IGHV_10,IGHV_11,IGHV_13,IGHV_14,IGHV_15,IGHV_2,IGHV_21,IGHV_22,IGHV_26,IGHV_32,IGHV_33,IGHV_35,IGHV_36,IGHV_37,IGHV_39,IGHV_40|PRCOUNT=11,2,12,7,11,148,7,4,3,19,13,3,8,1,2,7

- CGGAAAGTTCTGGAT
  STATUS: IDENTICAL
  SMALL_HEADER: CGGAAAGTTCTGGAT|CONSCOUNT=1|PRIMER=IGHV_2|PRCOUNT=1
  LARGE_HEADER: CGGAAAGTTCTGGAT|CONSCOUNT=1|PRIMER=IGHV_2|PRCOUNT=1

- CAAATATTCCCGGTG
  STATUS: SAME_SEQUENCE
  SMALL_HEADER: CAAATATTCCCGGTG|CONSCOUNT=2|PRIMER=IGHV_2,IGHV_22|PRCOUNT=1,1
  LARGE_HEADER: CAAATATTCCCGGTG|CONSCOUNT=4|PRIMER=IGHV_2,IGHV_22,IGHV_40|PRCOUNT=2,1,1

- TAATCGTTCATAATA
  STATUS: SAME_SEQUENCE
  SMALL_HEADER: TAATCGTTCATAATA|CONSCOUNT=6|PRIMER=IGHV_14,IGHV_2,IGHV_32,IGHV_33|PRCOUNT=1,3,1,1
  LARGE_HEADER: TAATCGTTCATAATA|CONSCOUNT=29|PRIMER=IGHV_13,IGHV_14,IGHV_15,IGHV_2,IGHV_22,IGHV_32,IGHV_33,IGHV_36,IGHV_40,IGHV_45|PRCOUNT=1,1,1,18,2,1,1,2,1,1

- CTATATTTCTCGTCA
  STATUS: SAME_SEQUENCE
  SMALL_HEADER: CTATATTTCTCGTCA|CONSCOUNT=5|PRIMER=IGHV_11,IGHV_2,IGHV_33|PRCOUNT=1,3,1
  LARGE_HEADER: CTATATTTCTCGTCA|CONSCOUNT=12|PRIMER=IGHV_10,IGHV_11,IGHV_2,IGHV_21,IGHV_33|PRCOUNT=2,1,6,2,1

- AGTAGCAGCGAAGAG
  STATUS: SAME_SEQUENCE
  SMALL_HEADER: AGTAGCAGCGAAGAG|CONSCOUNT=3|PRIMER=IGHV_14,IGHV_2|PRCOUNT=1,2
  LARGE_HEADER: AGTAGCAGCGAAGAG|CONSCOUNT=11|PRIMER=IGHV_14,IGHV_15,IGHV_2,IGHV_26,IGHV_33|PRCOUNT=1,1,5,1,3

- ACTGCACACATTCTA
  STATUS: FOUND_DIFFERENT
  SMALL_HEADER: ACTGCACACATTCTA|CONSCOUNT=1|PRIMER=IGHV_10|PRCOUNT=1
  LARGE_HEADER: ACTGCACACATTCTA|CONSCOUNT=2|PRIMER=IGHV_10,IGHV_20|PRCOUNT=1,1

- GTTGGTATGTATCGA
  STATUS: SAME_SEQUENCE
  SMALL_HEADER: GTTGGTATGTATCGA|CONSCOUNT=2|PRIMER=IGHV_26,IGHV_32|PRCOUNT=1,1
  LARGE_HEADER: GTTGGTATGTATCGA|CONSCOUNT=4|PRIMER=IGHV_15,IGHV_2,IGHV_26,IGHV_32|PRCOUNT=1,1,1,1

- AAGGAAAGATTGCCA
  STATUS: FOUND_DIFFERENT
  SMALL_HEADER: AAGGAAAGATTGCCA|CONSCOUNT=2|PRIMER=IGHV_15,IGHV_2|PRCOUNT=1,1
  LARGE_HEADER: AAGGAAAGATTGCCA|CONSCOUNT=4|PRIMER=IGHV_15,IGHV_2,IGHV_26|PRCOUNT=1,2,1

- AACGGCGACGCGTTT
  STATUS: FOUND_DIFFERENT
  SMALL_HEADER: AACGGCGACGCGTTT|CONSCOUNT=1|PRIMER=IGHV_2|PRCOUNT=1
  LARGE_HEADER: AACGGCGACGCGTTT|CONSCOUNT=5|PRIMER=IGHV_11,IGHV_15,IGHV_2|PRCOUNT=1,2,2

- GGAGTAACAATGTTA
  STATUS: FOUND_DIFFERENT
  SMALL_HEADER: GGAGTAACAATGTTA|CONSCOUNT=3|PRIMER=IGHV_27,IGHV_30|PRCOUNT=2,1
  LARGE_HEADER: GGAGTAACAATGTTA|CONSCOUNT=32|PRIMER=IGHV_10,IGHV_14,IGHV_27,IGHV_30,IGHV_36|PRCOUNT=3,6,16,2,5

- CTAATGTTAGGGTAA
  STATUS: FOUND_DIFFERENT
  SMALL_HEADER: CTAATGTTAGGGTAA|CONSCOUNT=1|PRIMER=IGHV_45|PRCOUNT=1
  LARGE_HEADER: CTAATGTTAGGGTAA|CONSCOUNT=3|PRIMER=IGHV_21,IGHV_22,IGHV_45|PRCOUNT=1,1,1

- ATAGCGATTTCTTGT
  STATUS: FOUND_DIFFERENT
  SMALL_HEADER: ATAGCGATTTCTTGT|CONSCOUNT=3|PRIMER=IGHV_2,IGHV_28|PRCOUNT=2,1
  LARGE_HEADER: ATAGCGATTTCTTGT|CONSCOUNT=12|PRIMER=IGHV_12,IGHV_14,IGHV_2,IGHV_28,IGHV_9|PRCOUNT=1,2,6,2,1

- TTCTGTACATCTAGT
  STATUS: SAME_SEQUENCE
  SMALL_HEADER: TTCTGTACATCTAGT|CONSCOUNT=1|PRIMER=IGHV_37|PRCOUNT=1
  LARGE_HEADER: TTCTGTACATCTAGT|CONSCOUNT=2|PRIMER=IGHV_37|PRCOUNT=2

- CTAGGGATCTACATG
  STATUS: FOUND_DIFFERENT
  SMALL_HEADER: CTAGGGATCTACATG|CONSCOUNT=1|PRIMER=IGHV_10|PRCOUNT=1
  LARGE_HEADER: CTAGGGATCTACATG|CONSCOUNT=2|PRIMER=IGHV_10,IGHV_27|PRCOUNT=1,1

- ACCCGCGAAGTTAAA
  STATUS: FOUND_DIFFERENT
  SMALL_HEADER: ACCCGCGAAGTTAAA|CONSCOUNT=1|PRIMER=IGHV_27|PRCOUNT=1
  LARGE_HEADER: ACCCGCGAAGTTAAA|CONSCOUNT=4|PRIMER=IGHV_27|PRCOUNT=4

- TCGCATACCGCATCT
  STATUS: SAME_SEQUENCE
  SMALL_HEADER: TCGCATACCGCATCT|CONSCOUNT=5|PRIMER=IGHV_17|PRCOUNT=5
  LARGE_HEADER: TCGCATACCGCATCT|CONSCOUNT=11|PRIMER=IGHV_1,IGHV_17|PRCOUNT=1,10

- ACTTTTGTCCCGCAG
  STATUS: FOUND_DIFFERENT
  SMALL_HEADER: ACTTTTGTCCCGCAG|CONSCOUNT=2|PRIMER=IGHV_2,IGHV_28|PRCOUNT=1,1
  LARGE_HEADER: ACTTTTGTCCCGCAG|CONSCOUNT=6|PRIMER=IGHV_2,IGHV_26,IGHV_28,IGHV_39|PRCOUNT=2,2,1,1

- GAGGGCCGGATGGGG
  STATUS: SAME_SEQUENCE
  SMALL_HEADER: GAGGGCCGGATGGGG|CONSCOUNT=7|PRIMER=IGHV_10,IGHV_2,IGHV_26,IGHV_32|PRCOUNT=1,4,1,1
  LARGE_HEADER: GAGGGCCGGATGGGG|CONSCOUNT=19|PRIMER=IGHV_10,IGHV_11,IGHV_13,IGHV_14,IGHV_2,IGHV_26,IGHV_32,IGHV_40|PRCOUNT=2,1,2,2,9,1,1,1

- CGGTGCGCGGTGGGA
  STATUS: FOUND_DIFFERENT
  SMALL_HEADER: CGGTGCGCGGTGGGA|CONSCOUNT=1|PRIMER=IGHV_13|PRCOUNT=1
  LARGE_HEADER: CGGTGCGCGGTGGGA|CONSCOUNT=10|PRIMER=IGHV_13,IGHV_2,IGHV_21,IGHV_26,IGHV_33|PRCOUNT=1,6,1,1,1

- TTCGGGCGTGCTGGA
  STATUS: SAME_SEQUENCE
  SMALL_HEADER: TTCGGGCGTGCTGGA|CONSCOUNT=16|PRIMER=IGHV_10,IGHV_12,IGHV_14,IGHV_2,IGHV_26,IGHV_28,IGHV_30,IGHV_33,IGHV_45,IGHV_6,IGHV_8|PRCOUNT=1,2,2,1,1,2,1,2,1,1,2
  LARGE_HEADER: TTCGGGCGTGCTGGA|CONSCOUNT=56|PRIMER=IGHV_10,IGHV_12,IGHV_13,IGHV_14,IGHV_2,IGHV_20,IGHV_21,IGHV_26,IGHV_28,IGHV_30,IGHV_32,IGHV_33,IGHV_36,IGHV_4,IGHV_40,IGHV_45,IGHV_6,IGHV_8|PRCOUNT=2,3,1,5,9,1,1,4,8,2,1,4,1,2,3,5,2,2

- TTACTCGTTTTTAGT
  STATUS: IDENTICAL
  SMALL_HEADER: TTACTCGTTTTTAGT|CONSCOUNT=1|PRIMER=IGHV_27|PRCOUNT=1
  LARGE_HEADER: TTACTCGTTTTTAGT|CONSCOUNT=1|PRIMER=IGHV_27|PRCOUNT=1

- CATTGGATGACGGTG
  STATUS: SAME_SEQUENCE
  SMALL_HEADER: CATTGGATGACGGTG|CONSCOUNT=6|PRIMER=IGHV_14,IGHV_2,IGHV_26,IGHV_32|PRCOUNT=2,1,2,1
  LARGE_HEADER: CATTGGATGACGGTG|CONSCOUNT=74|PRIMER=IGHV_10,IGHV_11,IGHV_12,IGHV_14,IGHV_2,IGHV_21,IGHV_22,IGHV_26,IGHV_28,IGHV_30,IGHV_32,IGHV_41,IGHV_43,IGHV_6|PRCOUNT=7,3,5,13,23,1,1,9,1,2,3,2,3,1

- GGTACGACAATAGTA
  STATUS: IDENTICAL
  SMALL_HEADER: GGTACGACAATAGTA|CONSCOUNT=1|PRIMER=IGHV_26|PRCOUNT=1
  LARGE_HEADER: GGTACGACAATAGTA|CONSCOUNT=1|PRIMER=IGHV_26|PRCOUNT=1

- TTTTGTACTTTACTT
  STATUS: FOUND_DIFFERENT
  SMALL_HEADER: TTTTGTACTTTACTT|CONSCOUNT=2|PRIMER=IGHV_12,IGHV_40|PRCOUNT=1,1
  LARGE_HEADER: TTTTGTACTTTACTT|CONSCOUNT=4|PRIMER=IGHV_12,IGHV_30,IGHV_4,IGHV_40|PRCOUNT=1,1,1,1

- GGTCAACCGTAGGTG
  STATUS: IDENTICAL
  SMALL_HEADER: GGTCAACCGTAGGTG|CONSCOUNT=1|PRIMER=IGHV_17|PRCOUNT=1
  LARGE_HEADER: GGTCAACCGTAGGTG|CONSCOUNT=1|PRIMER=IGHV_17|PRCOUNT=1

- GTCGGAAAGGGTGTG
  STATUS: FOUND_DIFFERENT
  SMALL_HEADER: GTCGGAAAGGGTGTG|CONSCOUNT=1|PRIMER=IGHV_14|PRCOUNT=1
  LARGE_HEADER: GTCGGAAAGGGTGTG|CONSCOUNT=2|PRIMER=IGHV_12,IGHV_14|PRCOUNT=1,1

- CTTAGTACCTACCTC
  STATUS: IDENTICAL
  SMALL_HEADER: CTTAGTACCTACCTC|CONSCOUNT=1|PRIMER=IGHV_9|PRCOUNT=1
  LARGE_HEADER: CTTAGTACCTACCTC|CONSCOUNT=1|PRIMER=IGHV_9|PRCOUNT=1

- AGGAGGGGGGTCCCC
  STATUS: SAME_SEQUENCE
  SMALL_HEADER: AGGAGGGGGGTCCCC|CONSCOUNT=5|PRIMER=IGHV_10,IGHV_2,IGHV_22,IGHV_32|PRCOUNT=1,1,1,2
  LARGE_HEADER: AGGAGGGGGGTCCCC|CONSCOUNT=12|PRIMER=IGHV_10,IGHV_12,IGHV_2,IGHV_22,IGHV_32,IGHV_40|PRCOUNT=1,1,6,1,2,1

- GTACAAGTGGGACCT
  STATUS: SAME_SEQUENCE
  SMALL_HEADER: GTACAAGTGGGACCT|CONSCOUNT=2|PRIMER=IGHV_17|PRCOUNT=2
  LARGE_HEADER: GTACAAGTGGGACCT|CONSCOUNT=3|PRIMER=IGHV_17|PRCOUNT=3

- GGAGCGGTGCATCGG
  STATUS: SAME_SEQUENCE
  SMALL_HEADER: GGAGCGGTGCATCGG|CONSCOUNT=2|PRIMER=IGHV_10,IGHV_21|PRCOUNT=1,1
  LARGE_HEADER: GGAGCGGTGCATCGG|CONSCOUNT=6|PRIMER=IGHV_10,IGHV_2,IGHV_21,IGHV_22,IGHV_39|PRCOUNT=2,1,1,1,1

- TGCTTTACAATTGGT
  STATUS: SAME_SEQUENCE
  SMALL_HEADER: TGCTTTACAATTGGT|CONSCOUNT=3|PRIMER=IGHV_2,IGHV_45|PRCOUNT=2,1
  LARGE_HEADER: TGCTTTACAATTGGT|CONSCOUNT=6|PRIMER=IGHV_2,IGHV_36,IGHV_45,IGHV_6|PRCOUNT=3,1,1,1

- TACCTTTGTAAATAC
  STATUS: SAME_SEQUENCE
  SMALL_HEADER: TACCTTTGTAAATAC|CONSCOUNT=2|PRIMER=IGHV_2|PRCOUNT=2
  LARGE_HEADER: TACCTTTGTAAATAC|CONSCOUNT=8|PRIMER=IGHV_13,IGHV_2,IGHV_33,IGHV_6|PRCOUNT=1,5,1,1

- CTTAACCCTTAACCT
  STATUS: IDENTICAL
  SMALL_HEADER: CTTAACCCTTAACCT|CONSCOUNT=1|PRIMER=IGHV_10|PRCOUNT=1
  LARGE_HEADER: CTTAACCCTTAACCT|CONSCOUNT=1|PRIMER=IGHV_10|PRCOUNT=1

- GCTCGTTTGTAGCAT
  STATUS: SAME_SEQUENCE
  SMALL_HEADER: GCTCGTTTGTAGCAT|CONSCOUNT=2|PRIMER=IGHV_14,IGHV_2|PRCOUNT=1,1
  LARGE_HEADER: GCTCGTTTGTAGCAT|CONSCOUNT=5|PRIMER=IGHV_14,IGHV_2|PRCOUNT=1,4

- CCCAAGTAAATCTAG
  STATUS: FOUND_DIFFERENT
  SMALL_HEADER: CCCAAGTAAATCTAG|CONSCOUNT=10|PRIMER=IGHV_2,IGHV_21,IGHV_22,IGHV_25,IGHV_26|PRCOUNT=5,1,2,1,1
  LARGE_HEADER: CCCAAGTAAATCTAG|CONSCOUNT=19|PRIMER=IGHV_14,IGHV_15,IGHV_2,IGHV_21,IGHV_22,IGHV_25,IGHV_26,IGHV_35,IGHV_36|PRCOUNT=1,1,9,2,2,1,1,1,1

- TCTGCCCTGATGTTT
  STATUS: FOUND_DIFFERENT
  SMALL_HEADER: TCTGCCCTGATGTTT|CONSCOUNT=2|PRIMER=IGHV_2,IGHV_33|PRCOUNT=1,1
  LARGE_HEADER: TCTGCCCTGATGTTT|CONSCOUNT=5|PRIMER=IGHV_12,IGHV_2,IGHV_26,IGHV_33|PRCOUNT=1,2,1,1

- GTCGTAAGGGGGAAG
  STATUS: FOUND_DIFFERENT
  SMALL_HEADER: GTCGTAAGGGGGAAG|CONSCOUNT=3|PRIMER=IGHV_15,IGHV_32,IGHV_6|PRCOUNT=1,1,1
  LARGE_HEADER: GTCGTAAGGGGGAAG|CONSCOUNT=13|PRIMER=IGHV_14,IGHV_15,IGHV_2,IGHV_22,IGHV_30,IGHV_32,IGHV_39,IGHV_40,IGHV_6|PRCOUNT=1,1,4,1,1,1,1,1,2

- GGCTCTTGTCTCTGA
  STATUS: FOUND_DIFFERENT
  SMALL_HEADER: GGCTCTTGTCTCTGA|CONSCOUNT=1|PRIMER=IGHV_11|PRCOUNT=1
  LARGE_HEADER: GGCTCTTGTCTCTGA|CONSCOUNT=11|PRIMER=IGHV_11,IGHV_14,IGHV_15,IGHV_4,IGHV_6|PRCOUNT=1,5,2,1,2

- AATTGAAAGTTACTT
  STATUS: IDENTICAL
  SMALL_HEADER: AATTGAAAGTTACTT|CONSCOUNT=1|PRIMER=IGHV_40|PRCOUNT=1
  LARGE_HEADER: AATTGAAAGTTACTT|CONSCOUNT=1|PRIMER=IGHV_40|PRCOUNT=1

- AAGAACGTGCCTCCG
  STATUS: FOUND_DIFFERENT
  SMALL_HEADER: AAGAACGTGCCTCCG|CONSCOUNT=3|PRIMER=IGHV_12,IGHV_14,IGHV_21|PRCOUNT=1,1,1
  LARGE_HEADER: AAGAACGTGCCTCCG|CONSCOUNT=12|PRIMER=IGHV_10,IGHV_11,IGHV_12,IGHV_14,IGHV_2,IGHV_21,IGHV_22,IGHV_6|PRCOUNT=1,1,1,2,3,2,1,1

- AAGTGTCTGCTGTTT
  STATUS: FOUND_DIFFERENT
  SMALL_HEADER: AAGTGTCTGCTGTTT|CONSCOUNT=4|PRIMER=IGHV_2,IGHV_33,IGHV_40|PRCOUNT=2,1,1
  LARGE_HEADER: AAGTGTCTGCTGTTT|CONSCOUNT=107|PRIMER=IGHV_10,IGHV_11,IGHV_13,IGHV_14,IGHV_15,IGHV_2,IGHV_21,IGHV_22,IGHV_26,IGHV_30,IGHV_32,IGHV_33,IGHV_36,IGHV_39,IGHV_40,IGHV_8,IGHV_9|PRCOUNT=5,2,2,1,4,26,4,2,12,4,8,21,1,4,8,1,2

- CGTTTAGGCAAGCGA
  STATUS: FOUND_DIFFERENT
  SMALL_HEADER: CGTTTAGGCAAGCGA|CONSCOUNT=2|PRIMER=IGHV_10|PRCOUNT=2
  LARGE_HEADER: CGTTTAGGCAAGCGA|CONSCOUNT=4|PRIMER=IGHV_10,IGHV_2|PRCOUNT=3,1

- GTCGTTAATCAATGT
  STATUS: FOUND_DIFFERENT
  SMALL_HEADER: GTCGTTAATCAATGT|CONSCOUNT=1|PRIMER=IGHV_27|PRCOUNT=1
  LARGE_HEADER: GTCGTTAATCAATGT|CONSCOUNT=2|PRIMER=IGHV_27|PRCOUNT=2

- AAATATCCTGGAAAA
  STATUS: FOUND_DIFFERENT
  SMALL_HEADER: AAATATCCTGGAAAA|CONSCOUNT=1|PRIMER=IGHV_45|PRCOUNT=1
  LARGE_HEADER: AAATATCCTGGAAAA|CONSCOUNT=6|PRIMER=IGHV_39,IGHV_4,IGHV_45,IGHV_9|PRCOUNT=1,2,1,2

- CTTGAGAAATTCGTG
  STATUS: SAME_SEQUENCE
  SMALL_HEADER: CTTGAGAAATTCGTG|CONSCOUNT=1|PRIMER=IGHV_2|PRCOUNT=1
  LARGE_HEADER: CTTGAGAAATTCGTG|CONSCOUNT=3|PRIMER=IGHV_10,IGHV_2,IGHV_39|PRCOUNT=1,1,1

- TTTCTGCGTGTTTTC
  STATUS: FOUND_DIFFERENT
  SMALL_HEADER: TTTCTGCGTGTTTTC|CONSCOUNT=1|PRIMER=IGHV_45|PRCOUNT=1
  LARGE_HEADER: TTTCTGCGTGTTTTC|CONSCOUNT=2|PRIMER=IGHV_10,IGHV_45|PRCOUNT=1,1

- TCAGGAAACTAGTCC
  STATUS: FOUND_DIFFERENT
  SMALL_HEADER: TCAGGAAACTAGTCC|CONSCOUNT=1|PRIMER=IGHV_30|PRCOUNT=1
  LARGE_HEADER: TCAGGAAACTAGTCC|CONSCOUNT=3|PRIMER=IGHV_30|PRCOUNT=3

- GACACAATTAATTGC
  STATUS: FOUND_DIFFERENT
  SMALL_HEADER: GACACAATTAATTGC|CONSCOUNT=1|PRIMER=IGHV_27|PRCOUNT=1
  LARGE_HEADER: GACACAATTAATTGC|CONSCOUNT=3|PRIMER=IGHV_27|PRCOUNT=3

- TGTATGTGAATTAAA
  STATUS: SAME_SEQUENCE
  SMALL_HEADER: TGTATGTGAATTAAA|CONSCOUNT=3|PRIMER=IGHV_2,IGHV_21,IGHV_22|PRCOUNT=1,1,1
  LARGE_HEADER: TGTATGTGAATTAAA|CONSCOUNT=5|PRIMER=IGHV_2,IGHV_21,IGHV_22|PRCOUNT=2,1,2

- CTTATAAGAACGTCT
  STATUS: FOUND_DIFFERENT
  SMALL_HEADER: CTTATAAGAACGTCT|CONSCOUNT=1|PRIMER=IGHV_2|PRCOUNT=1
  LARGE_HEADER: CTTATAAGAACGTCT|CONSCOUNT=5|PRIMER=IGHV_12,IGHV_2,IGHV_39|PRCOUNT=1,3,1

- AAGTCTAAGTTCCTT
  STATUS: FOUND_DIFFERENT
  SMALL_HEADER: AAGTCTAAGTTCCTT|CONSCOUNT=1|PRIMER=IGHV_27|PRCOUNT=1
  LARGE_HEADER: AAGTCTAAGTTCCTT|CONSCOUNT=2|PRIMER=IGHV_27|PRCOUNT=2

- TTTTTAAAATAGATT
  STATUS: FOUND_DIFFERENT
  SMALL_HEADER: TTTTTAAAATAGATT|CONSCOUNT=1|PRIMER=IGHV_28|PRCOUNT=1
  LARGE_HEADER: TTTTTAAAATAGATT|CONSCOUNT=3|PRIMER=IGHV_10,IGHV_28|PRCOUNT=2,1

- TATCAGAAAGATTTT
  STATUS: IDENTICAL
  SMALL_HEADER: TATCAGAAAGATTTT|CONSCOUNT=1|PRIMER=IGHV_2|PRCOUNT=1
  LARGE_HEADER: TATCAGAAAGATTTT|CONSCOUNT=1|PRIMER=IGHV_2|PRCOUNT=1

- GTAATCTAGGAGCAA
  STATUS: SAME_SEQUENCE
  SMALL_HEADER: GTAATCTAGGAGCAA|CONSCOUNT=2|PRIMER=IGHV_14,IGHV_32|PRCOUNT=1,1
  LARGE_HEADER: GTAATCTAGGAGCAA|CONSCOUNT=10|PRIMER=IGHV_11,IGHV_14,IGHV_15,IGHV_2,IGHV_26,IGHV_32|PRCOUNT=1,2,1,2,2,2

- CTTAGTCACCTCCTC
  STATUS: FOUND_DIFFERENT
  SMALL_HEADER: CTTAGTCACCTCCTC|CONSCOUNT=2|PRIMER=IGHV_2|PRCOUNT=2
  LARGE_HEADER: CTTAGTCACCTCCTC|CONSCOUNT=6|PRIMER=IGHV_2,IGHV_22|PRCOUNT=5,1

- GGGATTTTCGGTCAA
  STATUS: FOUND_DIFFERENT
  SMALL_HEADER: GGGATTTTCGGTCAA|CONSCOUNT=1|PRIMER=IGHV_17|PRCOUNT=1
  LARGE_HEADER: GGGATTTTCGGTCAA|CONSCOUNT=16|PRIMER=IGHV_17,IGHV_20|PRCOUNT=2,14

- AATCCGCTACCATTA
  STATUS: FOUND_DIFFERENT
  SMALL_HEADER: AATCCGCTACCATTA|CONSCOUNT=2|PRIMER=IGHV_2,IGHV_40|PRCOUNT=1,1
  LARGE_HEADER: AATCCGCTACCATTA|CONSCOUNT=5|PRIMER=IGHV_2,IGHV_40|PRCOUNT=4,1

- ATTGACTAAATGTTT
  STATUS: FOUND_DIFFERENT
  SMALL_HEADER: ATTGACTAAATGTTT|CONSCOUNT=1|PRIMER=IGHV_27|PRCOUNT=1
  LARGE_HEADER: ATTGACTAAATGTTT|CONSCOUNT=2|PRIMER=IGHV_27|PRCOUNT=2

- ATTATGCACCTCTCA
  STATUS: FOUND_DIFFERENT
  SMALL_HEADER: ATTATGCACCTCTCA|CONSCOUNT=1|PRIMER=IGHV_27|PRCOUNT=1
  LARGE_HEADER: ATTATGCACCTCTCA|CONSCOUNT=4|PRIMER=IGHV_27|PRCOUNT=4

- ACTGATCCAGGAAAA
  STATUS: SAME_SEQUENCE
  SMALL_HEADER: ACTGATCCAGGAAAA|CONSCOUNT=3|PRIMER=IGHV_10,IGHV_2,IGHV_40|PRCOUNT=1,1,1
  LARGE_HEADER: ACTGATCCAGGAAAA|CONSCOUNT=7|PRIMER=IGHV_10,IGHV_2,IGHV_32,IGHV_40|PRCOUNT=1,3,1,2

- TCCCGTGCGCCTAGA
  STATUS: FOUND_DIFFERENT
  SMALL_HEADER: TCCCGTGCGCCTAGA|CONSCOUNT=4|PRIMER=IGHV_10,IGHV_14,IGHV_2|PRCOUNT=2,1,1
  LARGE_HEADER: TCCCGTGCGCCTAGA|CONSCOUNT=25|PRIMER=IGHV_10,IGHV_13,IGHV_14,IGHV_2,IGHV_21,IGHV_22,IGHV_26,IGHV_32,IGHV_33,IGHV_37|PRCOUNT=3,2,1,9,3,1,1,2,2,1

- TAGCCTTTGTTTTTT
  STATUS: FOUND_DIFFERENT
  SMALL_HEADER: TAGCCTTTGTTTTTT|CONSCOUNT=1|PRIMER=IGHV_10|PRCOUNT=1
  LARGE_HEADER: TAGCCTTTGTTTTTT|CONSCOUNT=2|PRIMER=IGHV_10,IGHV_27|PRCOUNT=1,1

- ACTTATTTTAATCCT
  STATUS: SAME_SEQUENCE
  SMALL_HEADER: ACTTATTTTAATCCT|CONSCOUNT=1|PRIMER=IGHV_27|PRCOUNT=1
  LARGE_HEADER: ACTTATTTTAATCCT|CONSCOUNT=5|PRIMER=IGHV_27|PRCOUNT=5

- TCGTGGTTTAATCGT
  STATUS: FOUND_DIFFERENT
  SMALL_HEADER: TCGTGGTTTAATCGT|CONSCOUNT=3|PRIMER=IGHV_14,IGHV_2,IGHV_26|PRCOUNT=1,1,1
  LARGE_HEADER: TCGTGGTTTAATCGT|CONSCOUNT=13|PRIMER=IGHV_10,IGHV_14,IGHV_2,IGHV_22,IGHV_26,IGHV_33,IGHV_37|PRCOUNT=1,4,3,2,1,1,1

- TCGATCGGGTACCTC
  STATUS: FOUND_DIFFERENT
  SMALL_HEADER: TCGATCGGGTACCTC|CONSCOUNT=1|PRIMER=IGHV_14|PRCOUNT=1
  LARGE_HEADER: TCGATCGGGTACCTC|CONSCOUNT=12|PRIMER=IGHV_11,IGHV_14,IGHV_2,IGHV_28,IGHV_37,IGHV_8,IGHV_9|PRCOUNT=1,5,2,1,1,1,1

- TTACGGGCGAAAAGG
  STATUS: FOUND_DIFFERENT
  SMALL_HEADER: TTACGGGCGAAAAGG|CONSCOUNT=5|PRIMER=IGHV_21,IGHV_28,IGHV_36,IGHV_39,IGHV_40|PRCOUNT=1,1,1,1,1
  LARGE_HEADER: TTACGGGCGAAAAGG|CONSCOUNT=10|PRIMER=IGHV_2,IGHV_21,IGHV_28,IGHV_33,IGHV_36,IGHV_39,IGHV_40|PRCOUNT=2,2,1,2,1,1,1

- GCATACCGTATCCTT
  STATUS: FOUND_DIFFERENT
  SMALL_HEADER: GCATACCGTATCCTT|CONSCOUNT=1|PRIMER=IGHV_2|PRCOUNT=1
  LARGE_HEADER: GCATACCGTATCCTT|CONSCOUNT=2|PRIMER=IGHV_2,IGHV_32|PRCOUNT=1,1

- CGCTTCTCGGAATGT
  STATUS: FOUND_DIFFERENT
  SMALL_HEADER: CGCTTCTCGGAATGT|CONSCOUNT=1|PRIMER=IGHV_2|PRCOUNT=1
  LARGE_HEADER: CGCTTCTCGGAATGT|CONSCOUNT=4|PRIMER=IGHV_13,IGHV_2,IGHV_21|PRCOUNT=1,1,2

- CCATAAGTTGTCTTC
  STATUS: SAME_SEQUENCE
  SMALL_HEADER: CCATAAGTTGTCTTC|CONSCOUNT=5|PRIMER=IGHV_2,IGHV_30,IGHV_37|PRCOUNT=1,2,2
  LARGE_HEADER: CCATAAGTTGTCTTC|CONSCOUNT=9|PRIMER=IGHV_2,IGHV_26,IGHV_30,IGHV_37|PRCOUNT=1,1,4,3

- ATATCAAAGACCCAA
  STATUS: FOUND_DIFFERENT
  SMALL_HEADER: ATATCAAAGACCCAA|CONSCOUNT=3|PRIMER=IGHV_2,IGHV_30|PRCOUNT=2,1
  LARGE_HEADER: ATATCAAAGACCCAA|CONSCOUNT=11|PRIMER=IGHV_10,IGHV_14,IGHV_15,IGHV_2,IGHV_21,IGHV_26,IGHV_30|PRCOUNT=2,1,1,4,1,1,1

- GTGGTTTTAAATAAT
  STATUS: SAME_SEQUENCE
  SMALL_HEADER: GTGGTTTTAAATAAT|CONSCOUNT=1|PRIMER=IGHV_2|PRCOUNT=1
  LARGE_HEADER: GTGGTTTTAAATAAT|CONSCOUNT=3|PRIMER=IGHV_2,IGHV_21,IGHV_32|PRCOUNT=1,1,1

- TAAAACCATGACATA
  STATUS: FOUND_DIFFERENT
  SMALL_HEADER: TAAAACCATGACATA|CONSCOUNT=1|PRIMER=IGHV_2|PRCOUNT=1
  LARGE_HEADER: TAAAACCATGACATA|CONSCOUNT=27|PRIMER=IGHV_10,IGHV_13,IGHV_2,IGHV_22,IGHV_26,IGHV_33,IGHV_40,IGHV_43|PRCOUNT=3,4,5,7,2,3,1,2

- TTTGAAAGCAATCCT
  STATUS: FOUND_DIFFERENT
  SMALL_HEADER: TTTGAAAGCAATCCT|CONSCOUNT=1|PRIMER=IGHV_27|PRCOUNT=1
  LARGE_HEADER: TTTGAAAGCAATCCT|CONSCOUNT=3|PRIMER=IGHV_27|PRCOUNT=3

- TCTGCAACCTTTGCC
  STATUS: SAME_SEQUENCE
  SMALL_HEADER: TCTGCAACCTTTGCC|CONSCOUNT=1|PRIMER=IGHV_32|PRCOUNT=1
  LARGE_HEADER: TCTGCAACCTTTGCC|CONSCOUNT=3|PRIMER=IGHV_27,IGHV_32|PRCOUNT=2,1

- CGTTGGTATTTTGTT
  STATUS: IDENTICAL
  SMALL_HEADER: CGTTGGTATTTTGTT|CONSCOUNT=1|PRIMER=IGHV_26|PRCOUNT=1
  LARGE_HEADER: CGTTGGTATTTTGTT|CONSCOUNT=1|PRIMER=IGHV_26|PRCOUNT=1

- ATTACATGCGCTCTT
  STATUS: SAME_SEQUENCE
  SMALL_HEADER: ATTACATGCGCTCTT|CONSCOUNT=1|PRIMER=IGHV_27|PRCOUNT=1
  LARGE_HEADER: ATTACATGCGCTCTT|CONSCOUNT=3|PRIMER=IGHV_27|PRCOUNT=3

- TTTTCAGTGAGTCAA
  STATUS: IDENTICAL
  SMALL_HEADER: TTTTCAGTGAGTCAA|CONSCOUNT=1|PRIMER=IGHV_2|PRCOUNT=1
  LARGE_HEADER: TTTTCAGTGAGTCAA|CONSCOUNT=1|PRIMER=IGHV_2|PRCOUNT=1

- TTGGCCCTAGTTTTG
  STATUS: IDENTICAL
  SMALL_HEADER: TTGGCCCTAGTTTTG|CONSCOUNT=1|PRIMER=IGHV_2|PRCOUNT=1
  LARGE_HEADER: TTGGCCCTAGTTTTG|CONSCOUNT=1|PRIMER=IGHV_2|PRCOUNT=1

- CATAAGACTAATTAG
  STATUS: FOUND_DIFFERENT
  SMALL_HEADER: CATAAGACTAATTAG|CONSCOUNT=1|PRIMER=IGHV_28|PRCOUNT=1
  LARGE_HEADER: CATAAGACTAATTAG|CONSCOUNT=2|PRIMER=IGHV_14,IGHV_28|PRCOUNT=1,1

- GGGCAGTCTGGGTAG
  STATUS: IDENTICAL
  SMALL_HEADER: GGGCAGTCTGGGTAG|CONSCOUNT=1|PRIMER=IGHV_14|PRCOUNT=1
  LARGE_HEADER: GGGCAGTCTGGGTAG|CONSCOUNT=1|PRIMER=IGHV_14|PRCOUNT=1

- GCTGTCGTCTCGATC
  STATUS: SAME_SEQUENCE
  SMALL_HEADER: GCTGTCGTCTCGATC|CONSCOUNT=1|PRIMER=IGHV_10|PRCOUNT=1
  LARGE_HEADER: GCTGTCGTCTCGATC|CONSCOUNT=2|PRIMER=IGHV_10|PRCOUNT=2

- CATCTCGTTGCCGAC
  STATUS: FOUND_DIFFERENT
  SMALL_HEADER: CATCTCGTTGCCGAC|CONSCOUNT=1|PRIMER=IGHV_2|PRCOUNT=1
  LARGE_HEADER: CATCTCGTTGCCGAC|CONSCOUNT=3|PRIMER=IGHV_12,IGHV_2|PRCOUNT=1,2

- GTTGGTGTATTTCTC
  STATUS: FOUND_DIFFERENT
  SMALL_HEADER: GTTGGTGTATTTCTC|CONSCOUNT=2|PRIMER=IGHV_2|PRCOUNT=2
  LARGE_HEADER: GTTGGTGTATTTCTC|CONSCOUNT=6|PRIMER=IGHV_15,IGHV_2,IGHV_22|PRCOUNT=1,3,2

- ATAACCCATGTTTCG
  STATUS: SAME_SEQUENCE
  SMALL_HEADER: ATAACCCATGTTTCG|CONSCOUNT=2|PRIMER=IGHV_10,IGHV_27|PRCOUNT=1,1
  LARGE_HEADER: ATAACCCATGTTTCG|CONSCOUNT=5|PRIMER=IGHV_10,IGHV_27|PRCOUNT=3,2

- TTTTCTCTGGGTGTT
  STATUS: IDENTICAL
  SMALL_HEADER: TTTTCTCTGGGTGTT|CONSCOUNT=2|PRIMER=IGHV_2|PRCOUNT=2
  LARGE_HEADER: TTTTCTCTGGGTGTT|CONSCOUNT=2|PRIMER=IGHV_2|PRCOUNT=2

- GAGCGTCCTGATGAG
  STATUS: IDENTICAL
  SMALL_HEADER: GAGCGTCCTGATGAG|CONSCOUNT=1|PRIMER=IGHV_14|PRCOUNT=1
  LARGE_HEADER: GAGCGTCCTGATGAG|CONSCOUNT=1|PRIMER=IGHV_14|PRCOUNT=1

- ATGTCTAATACCATT
  STATUS: IDENTICAL
  SMALL_HEADER: ATGTCTAATACCATT|CONSCOUNT=1|PRIMER=IGHV_2|PRCOUNT=1
  LARGE_HEADER: ATGTCTAATACCATT|CONSCOUNT=1|PRIMER=IGHV_2|PRCOUNT=1

- GTCATTGTGTGGAGT
  STATUS: FOUND_DIFFERENT
  SMALL_HEADER: GTCATTGTGTGGAGT|CONSCOUNT=8|PRIMER=IGHV_10,IGHV_13,IGHV_15,IGHV_2|PRCOUNT=1,2,1,4
  LARGE_HEADER: GTCATTGTGTGGAGT|CONSCOUNT=41|PRIMER=IGHV_10,IGHV_11,IGHV_13,IGHV_14,IGHV_15,IGHV_2,IGHV_21,IGHV_26,IGHV_28,IGHV_40|PRCOUNT=1,4,5,2,3,21,1,2,1,1

- GTCTGAGGCGCGTAC
  STATUS: FOUND_DIFFERENT
  SMALL_HEADER: GTCTGAGGCGCGTAC|CONSCOUNT=1|PRIMER=IGHV_36|PRCOUNT=1
  LARGE_HEADER: GTCTGAGGCGCGTAC|CONSCOUNT=5|PRIMER=IGHV_22,IGHV_30,IGHV_33,IGHV_36|PRCOUNT=1,2,1,1

- TATATAAGCCTTATC
  STATUS: FOUND_DIFFERENT
  SMALL_HEADER: TATATAAGCCTTATC|CONSCOUNT=3|PRIMER=IGHV_15,IGHV_2,IGHV_33|PRCOUNT=1,1,1
  LARGE_HEADER: TATATAAGCCTTATC|CONSCOUNT=11|PRIMER=IGHV_13,IGHV_15,IGHV_2,IGHV_21,IGHV_26,IGHV_33,IGHV_36|PRCOUNT=1,1,5,1,1,1,1

- TAATCTCGGCTCATA
  STATUS: FOUND_DIFFERENT
  SMALL_HEADER: TAATCTCGGCTCATA|CONSCOUNT=1|PRIMER=IGHV_15|PRCOUNT=1
  LARGE_HEADER: TAATCTCGGCTCATA|CONSCOUNT=2|PRIMER=IGHV_10,IGHV_15|PRCOUNT=1,1

- AAAGCAGTGCGTGGC
  STATUS: IDENTICAL
  SMALL_HEADER: AAAGCAGTGCGTGGC|CONSCOUNT=1|PRIMER=IGHV_27|PRCOUNT=1
  LARGE_HEADER: AAAGCAGTGCGTGGC|CONSCOUNT=1|PRIMER=IGHV_27|PRCOUNT=1

- CCCACTTTTTCTTTC
  STATUS: IDENTICAL
  SMALL_HEADER: CCCACTTTTTCTTTC|CONSCOUNT=1|PRIMER=IGHV_2|PRCOUNT=1
  LARGE_HEADER: CCCACTTTTTCTTTC|CONSCOUNT=1|PRIMER=IGHV_2|PRCOUNT=1

- GCCATAGTTAAATAA
  STATUS: FOUND_DIFFERENT
  SMALL_HEADER: GCCATAGTTAAATAA|CONSCOUNT=3|PRIMER=IGHV_2,IGHV_21,IGHV_36|PRCOUNT=1,1,1
  LARGE_HEADER: GCCATAGTTAAATAA|CONSCOUNT=11|PRIMER=IGHV_14,IGHV_2,IGHV_21,IGHV_22,IGHV_26,IGHV_36,IGHV_6|PRCOUNT=1,3,1,1,1,3,1

- GTATAAGGTGTCGTC
  STATUS: SAME_SEQUENCE
  SMALL_HEADER: GTATAAGGTGTCGTC|CONSCOUNT=5|PRIMER=IGHV_2,IGHV_22,IGHV_37|PRCOUNT=2,2,1
  LARGE_HEADER: GTATAAGGTGTCGTC|CONSCOUNT=13|PRIMER=IGHV_13,IGHV_2,IGHV_21,IGHV_22,IGHV_32,IGHV_37,IGHV_40|PRCOUNT=1,6,1,2,1,1,1

- ATAGGTCTGTACTAT
  STATUS: FOUND_DIFFERENT
  SMALL_HEADER: ATAGGTCTGTACTAT|CONSCOUNT=2|PRIMER=IGHV_15,IGHV_21|PRCOUNT=1,1
  LARGE_HEADER: ATAGGTCTGTACTAT|CONSCOUNT=5|PRIMER=IGHV_15,IGHV_2,IGHV_21|PRCOUNT=1,3,1

- ATACGTATCTAACCA
  STATUS: FOUND_DIFFERENT
  SMALL_HEADER: ATACGTATCTAACCA|CONSCOUNT=1|PRIMER=IGHV_27|PRCOUNT=1
  LARGE_HEADER: ATACGTATCTAACCA|CONSCOUNT=2|PRIMER=IGHV_27|PRCOUNT=2

- CTTGAAAGGTATGTT
  STATUS: SAME_SEQUENCE
  SMALL_HEADER: CTTGAAAGGTATGTT|CONSCOUNT=2|PRIMER=IGHV_2|PRCOUNT=2
  LARGE_HEADER: CTTGAAAGGTATGTT|CONSCOUNT=6|PRIMER=IGHV_10,IGHV_2,IGHV_32|PRCOUNT=1,4,1

- CATCGAGGCGCTGTG
  STATUS: SAME_SEQUENCE
  SMALL_HEADER: CATCGAGGCGCTGTG|CONSCOUNT=2|PRIMER=IGHV_10,IGHV_2|PRCOUNT=1,1
  LARGE_HEADER: CATCGAGGCGCTGTG|CONSCOUNT=5|PRIMER=IGHV_10,IGHV_2|PRCOUNT=1,4

- TTCAGTTCCACAGTC
  STATUS: SAME_SEQUENCE
  SMALL_HEADER: TTCAGTTCCACAGTC|CONSCOUNT=5|PRIMER=IGHV_35,IGHV_38|PRCOUNT=3,2
  LARGE_HEADER: TTCAGTTCCACAGTC|CONSCOUNT=48|PRIMER=IGHV_13,IGHV_35,IGHV_38|PRCOUNT=1,33,14

- GACGTTGAGCAAGTC
  STATUS: FOUND_DIFFERENT
  SMALL_HEADER: GACGTTGAGCAAGTC|CONSCOUNT=1|PRIMER=IGHV_17|PRCOUNT=1
  LARGE_HEADER: GACGTTGAGCAAGTC|CONSCOUNT=2|PRIMER=IGHV_17|PRCOUNT=2

- CTTTGGTGGGGCAGG
  STATUS: FOUND_DIFFERENT
  SMALL_HEADER: CTTTGGTGGGGCAGG|CONSCOUNT=1|PRIMER=IGHV_13|PRCOUNT=1
  LARGE_HEADER: CTTTGGTGGGGCAGG|CONSCOUNT=3|PRIMER=IGHV_13,IGHV_15,IGHV_2|PRCOUNT=1,1,1

- AGCCTATGTATTGTA
  STATUS: IDENTICAL
  SMALL_HEADER: AGCCTATGTATTGTA|CONSCOUNT=1|PRIMER=IGHV_10|PRCOUNT=1
  LARGE_HEADER: AGCCTATGTATTGTA|CONSCOUNT=1|PRIMER=IGHV_10|PRCOUNT=1

- ACTGTGAATATAAAT
  STATUS: SAME_SEQUENCE
  SMALL_HEADER: ACTGTGAATATAAAT|CONSCOUNT=5|PRIMER=IGHV_12,IGHV_14,IGHV_26,IGHV_30,IGHV_33|PRCOUNT=1,1,1,1,1
  LARGE_HEADER: ACTGTGAATATAAAT|CONSCOUNT=10|PRIMER=IGHV_12,IGHV_13,IGHV_14,IGHV_2,IGHV_21,IGHV_26,IGHV_30,IGHV_33|PRCOUNT=1,2,1,1,1,2,1,1

- TACCGGTTAGTAGCG
  STATUS: FOUND_DIFFERENT
  SMALL_HEADER: TACCGGTTAGTAGCG|CONSCOUNT=7|PRIMER=IGHV_2,IGHV_6|PRCOUNT=3,4
  LARGE_HEADER: TACCGGTTAGTAGCG|CONSCOUNT=70|PRIMER=IGHV_10,IGHV_11,IGHV_12,IGHV_14,IGHV_2,IGHV_22,IGHV_26,IGHV_28,IGHV_30,IGHV_33,IGHV_6,IGHV_8|PRCOUNT=5,2,5,8,15,1,2,9,4,1,16,2

- TAAAAGTATTATTCA
  STATUS: IDENTICAL
  SMALL_HEADER: TAAAAGTATTATTCA|CONSCOUNT=1|PRIMER=IGHV_10|PRCOUNT=1
  LARGE_HEADER: TAAAAGTATTATTCA|CONSCOUNT=1|PRIMER=IGHV_10|PRCOUNT=1

- ACGTATGTGCGTGCT
  STATUS: SAME_SEQUENCE
  SMALL_HEADER: ACGTATGTGCGTGCT|CONSCOUNT=3|PRIMER=IGHV_2,IGHV_45|PRCOUNT=1,2
  LARGE_HEADER: ACGTATGTGCGTGCT|CONSCOUNT=9|PRIMER=IGHV_2,IGHV_39,IGHV_45|PRCOUNT=1,5,3

- ACAGTCCTGCAGATT
  STATUS: FOUND_DIFFERENT
  SMALL_HEADER: ACAGTCCTGCAGATT|CONSCOUNT=2|PRIMER=IGHV_10,IGHV_26|PRCOUNT=1,1
  LARGE_HEADER: ACAGTCCTGCAGATT|CONSCOUNT=6|PRIMER=IGHV_10,IGHV_2,IGHV_26,IGHV_33|PRCOUNT=1,2,2,1

- CTGTGTCTATTTGGT
  STATUS: FOUND_DIFFERENT
  SMALL_HEADER: CTGTGTCTATTTGGT|CONSCOUNT=5|PRIMER=IGHV_15,IGHV_2,IGHV_21,IGHV_40|PRCOUNT=1,1,1,2
  LARGE_HEADER: CTGTGTCTATTTGGT|CONSCOUNT=10|PRIMER=IGHV_10,IGHV_14,IGHV_15,IGHV_2,IGHV_21,IGHV_40|PRCOUNT=1,1,1,4,1,2

- GAGATCGGTCACACT
  STATUS: FOUND_DIFFERENT
  SMALL_HEADER: GAGATCGGTCACACT|CONSCOUNT=1|PRIMER=IGHV_27|PRCOUNT=1
  LARGE_HEADER: GAGATCGGTCACACT|CONSCOUNT=4|PRIMER=IGHV_27|PRCOUNT=4

- TCCCCAGTCCTCAGG
  STATUS: FOUND_DIFFERENT
  SMALL_HEADER: TCCCCAGTCCTCAGG|CONSCOUNT=4|PRIMER=IGHV_10,IGHV_21,IGHV_22,IGHV_40|PRCOUNT=1,1,1,1
  LARGE_HEADER: TCCCCAGTCCTCAGG|CONSCOUNT=13|PRIMER=IGHV_10,IGHV_14,IGHV_2,IGHV_21,IGHV_22,IGHV_26,IGHV_40|PRCOUNT=2,1,6,1,1,1,1

- GCGTTGGGAGTACAC
  STATUS: FOUND_DIFFERENT
  SMALL_HEADER: GCGTTGGGAGTACAC|CONSCOUNT=1|PRIMER=IGHV_32|PRCOUNT=1
  LARGE_HEADER: GCGTTGGGAGTACAC|CONSCOUNT=6|PRIMER=IGHV_2,IGHV_21,IGHV_32,IGHV_36|PRCOUNT=1,1,1,3

- TCTGGGGTGTTGAGT
  STATUS: FOUND_DIFFERENT
  SMALL_HEADER: TCTGGGGTGTTGAGT|CONSCOUNT=2|PRIMER=IGHV_6|PRCOUNT=2
  LARGE_HEADER: TCTGGGGTGTTGAGT|CONSCOUNT=3|PRIMER=IGHV_13,IGHV_6|PRCOUNT=1,2

- GAAAGGACTCTTCTG
  STATUS: SAME_SEQUENCE
  SMALL_HEADER: GAAAGGACTCTTCTG|CONSCOUNT=1|PRIMER=IGHV_14|PRCOUNT=1
  LARGE_HEADER: GAAAGGACTCTTCTG|CONSCOUNT=5|PRIMER=IGHV_11,IGHV_13,IGHV_14,IGHV_45|PRCOUNT=1,1,1,2

- GAACTCACGACGACG
  STATUS: FOUND_DIFFERENT
  SMALL_HEADER: GAACTCACGACGACG|CONSCOUNT=5|PRIMER=IGHV_2,IGHV_32,IGHV_45|PRCOUNT=2,2,1
  LARGE_HEADER: GAACTCACGACGACG|CONSCOUNT=9|PRIMER=IGHV_2,IGHV_22,IGHV_26,IGHV_32,IGHV_45|PRCOUNT=4,1,1,2,1

- CATGTCTGCACGGGA
  STATUS: FOUND_DIFFERENT
  SMALL_HEADER: CATGTCTGCACGGGA|CONSCOUNT=2|PRIMER=IGHV_2,IGHV_22|PRCOUNT=1,1
  LARGE_HEADER: CATGTCTGCACGGGA|CONSCOUNT=32|PRIMER=IGHV_10,IGHV_17,IGHV_2,IGHV_21,IGHV_22,IGHV_26,IGHV_33,IGHV_35,IGHV_36,IGHV_40|PRCOUNT=2,4,9,2,4,1,2,3,2,3

- TGGATTTCTACTCGG
  STATUS: SAME_SEQUENCE
  SMALL_HEADER: TGGATTTCTACTCGG|CONSCOUNT=17|PRIMER=IGHV_27,IGHV_32|PRCOUNT=15,2
  LARGE_HEADER: TGGATTTCTACTCGG|CONSCOUNT=42|PRIMER=IGHV_27,IGHV_32|PRCOUNT=40,2

- ATTGTGTTAGTTCAA
  STATUS: FOUND_DIFFERENT
  SMALL_HEADER: ATTGTGTTAGTTCAA|CONSCOUNT=2|PRIMER=IGHV_27|PRCOUNT=2
  LARGE_HEADER: ATTGTGTTAGTTCAA|CONSCOUNT=3|PRIMER=IGHV_27|PRCOUNT=3

- GTATCCGGCCAGACG
  STATUS: IDENTICAL
  SMALL_HEADER: GTATCCGGCCAGACG|CONSCOUNT=1|PRIMER=IGHV_2|PRCOUNT=1
  LARGE_HEADER: GTATCCGGCCAGACG|CONSCOUNT=1|PRIMER=IGHV_2|PRCOUNT=1

- CCCAAAGATTCATTT
  STATUS: SAME_SEQUENCE
  SMALL_HEADER: CCCAAAGATTCATTT|CONSCOUNT=1|PRIMER=IGHV_10|PRCOUNT=1
  LARGE_HEADER: CCCAAAGATTCATTT|CONSCOUNT=3|PRIMER=IGHV_10,IGHV_2,IGHV_22|PRCOUNT=1,1,1

- GACAAGGGTTTTCAA
  STATUS: IDENTICAL
  SMALL_HEADER: GACAAGGGTTTTCAA|CONSCOUNT=1|PRIMER=IGHV_27|PRCOUNT=1
  LARGE_HEADER: GACAAGGGTTTTCAA|CONSCOUNT=1|PRIMER=IGHV_27|PRCOUNT=1

- TACGCTGCGTGATCT
  STATUS: FOUND_DIFFERENT
  SMALL_HEADER: TACGCTGCGTGATCT|CONSCOUNT=2|PRIMER=IGHV_17|PRCOUNT=2
  LARGE_HEADER: TACGCTGCGTGATCT|CONSCOUNT=6|PRIMER=IGHV_17|PRCOUNT=6

- GTTGGTGTGGCCGAG
  STATUS: FOUND_DIFFERENT
  SMALL_HEADER: GTTGGTGTGGCCGAG|CONSCOUNT=1|PRIMER=IGHV_2|PRCOUNT=1
  LARGE_HEADER: GTTGGTGTGGCCGAG|CONSCOUNT=2|PRIMER=IGHV_13,IGHV_2|PRCOUNT=1,1

- TACGAGGTGGATAGT
  STATUS: SAME_SEQUENCE
  SMALL_HEADER: TACGAGGTGGATAGT|CONSCOUNT=4|PRIMER=IGHV_10,IGHV_14,IGHV_2|PRCOUNT=2,1,1
  LARGE_HEADER: TACGAGGTGGATAGT|CONSCOUNT=7|PRIMER=IGHV_10,IGHV_14,IGHV_2|PRCOUNT=2,1,4

- GTGGGTGGGGTGACG
  STATUS: IDENTICAL
  SMALL_HEADER: GTGGGTGGGGTGACG|CONSCOUNT=1|PRIMER=IGHV_2|PRCOUNT=1
  LARGE_HEADER: GTGGGTGGGGTGACG|CONSCOUNT=1|PRIMER=IGHV_2|PRCOUNT=1

- ATGGTAAGTGGTGGT
  STATUS: SAME_SEQUENCE
  SMALL_HEADER: ATGGTAAGTGGTGGT|CONSCOUNT=3|PRIMER=IGHV_15,IGHV_2,IGHV_40|PRCOUNT=1,1,1
  LARGE_HEADER: ATGGTAAGTGGTGGT|CONSCOUNT=8|PRIMER=IGHV_15,IGHV_2,IGHV_36,IGHV_40|PRCOUNT=2,3,1,2

- CCACTGTCATTGGAA
  STATUS: FOUND_DIFFERENT
  SMALL_HEADER: CCACTGTCATTGGAA|CONSCOUNT=2|PRIMER=IGHV_14,IGHV_45|PRCOUNT=1,1
  LARGE_HEADER: CCACTGTCATTGGAA|CONSCOUNT=8|PRIMER=IGHV_14,IGHV_32,IGHV_41,IGHV_45|PRCOUNT=2,1,1,4

- GATTCTTAGTACCGG
  STATUS: FOUND_DIFFERENT
  SMALL_HEADER: GATTCTTAGTACCGG|CONSCOUNT=2|PRIMER=IGHV_2,IGHV_9|PRCOUNT=1,1
  LARGE_HEADER: GATTCTTAGTACCGG|CONSCOUNT=9|PRIMER=IGHV_11,IGHV_12,IGHV_2,IGHV_26,IGHV_30,IGHV_36,IGHV_9|PRCOUNT=1,1,1,1,2,1,2

- TTTAAAGAACGTCAC
  STATUS: FOUND_DIFFERENT
  SMALL_HEADER: TTTAAAGAACGTCAC|CONSCOUNT=2|PRIMER=IGHV_10,IGHV_2|PRCOUNT=1,1
  LARGE_HEADER: TTTAAAGAACGTCAC|CONSCOUNT=7|PRIMER=IGHV_10,IGHV_13,IGHV_2,IGHV_22,IGHV_32|PRCOUNT=1,1,3,1,1

- CGAATATCGCCTGCA
  STATUS: SAME_SEQUENCE
  SMALL_HEADER: CGAATATCGCCTGCA|CONSCOUNT=1|PRIMER=IGHV_14|PRCOUNT=1
  LARGE_HEADER: CGAATATCGCCTGCA|CONSCOUNT=6|PRIMER=IGHV_14,IGHV_15,IGHV_2,IGHV_28,IGHV_41,IGHV_9|PRCOUNT=1,1,1,1,1,1

- CTTACATAATTCGTC
  STATUS: FOUND_DIFFERENT
  SMALL_HEADER: CTTACATAATTCGTC|CONSCOUNT=4|PRIMER=IGHV_10,IGHV_2,IGHV_26,IGHV_32|PRCOUNT=1,1,1,1
  LARGE_HEADER: CTTACATAATTCGTC|CONSCOUNT=8|PRIMER=IGHV_10,IGHV_14,IGHV_2,IGHV_26,IGHV_32,IGHV_37|PRCOUNT=1,1,3,1,1,1

- GGGGTCCTGGGAGCG
  STATUS: SAME_SEQUENCE
  SMALL_HEADER: GGGGTCCTGGGAGCG|CONSCOUNT=1|PRIMER=IGHV_14|PRCOUNT=1
  LARGE_HEADER: GGGGTCCTGGGAGCG|CONSCOUNT=3|PRIMER=IGHV_10,IGHV_14,IGHV_2|PRCOUNT=1,1,1

- ATTCCATAAATAATC
  STATUS: FOUND_DIFFERENT
  SMALL_HEADER: ATTCCATAAATAATC|CONSCOUNT=2|PRIMER=IGHV_12,IGHV_2|PRCOUNT=1,1
  LARGE_HEADER: ATTCCATAAATAATC|CONSCOUNT=6|PRIMER=IGHV_12,IGHV_14,IGHV_2,IGHV_21,IGHV_8|PRCOUNT=1,1,2,1,1

- CTTAACAGGGGTAAA
  STATUS: IDENTICAL
  SMALL_HEADER: CTTAACAGGGGTAAA|CONSCOUNT=1|PRIMER=IGHV_2|PRCOUNT=1
  LARGE_HEADER: CTTAACAGGGGTAAA|CONSCOUNT=1|PRIMER=IGHV_2|PRCOUNT=1

- TAATCCCAACGCCTT
  STATUS: IDENTICAL
  SMALL_HEADER: TAATCCCAACGCCTT|CONSCOUNT=1|PRIMER=IGHV_26|PRCOUNT=1
  LARGE_HEADER: TAATCCCAACGCCTT|CONSCOUNT=1|PRIMER=IGHV_26|PRCOUNT=1

- CATAGTCTTTACGTG
  STATUS: SAME_SEQUENCE
  SMALL_HEADER: CATAGTCTTTACGTG|CONSCOUNT=1|PRIMER=IGHV_27|PRCOUNT=1
  LARGE_HEADER: CATAGTCTTTACGTG|CONSCOUNT=6|PRIMER=IGHV_27|PRCOUNT=6

- GGGATTGGTCTGAAT
  STATUS: SAME_SEQUENCE
  SMALL_HEADER: GGGATTGGTCTGAAT|CONSCOUNT=4|PRIMER=IGHV_10,IGHV_2|PRCOUNT=1,3
  LARGE_HEADER: GGGATTGGTCTGAAT|CONSCOUNT=5|PRIMER=IGHV_10,IGHV_2,IGHV_30|PRCOUNT=1,3,1

- TGTATTTCTTCGTAA
  STATUS: FOUND_DIFFERENT
  SMALL_HEADER: TGTATTTCTTCGTAA|CONSCOUNT=1|PRIMER=IGHV_33|PRCOUNT=1
  LARGE_HEADER: TGTATTTCTTCGTAA|CONSCOUNT=5|PRIMER=IGHV_14,IGHV_15,IGHV_22,IGHV_33,IGHV_40|PRCOUNT=1,1,1,1,1

- ATGGTATTATTTACT
  STATUS: FOUND_DIFFERENT
  SMALL_HEADER: ATGGTATTATTTACT|CONSCOUNT=1|PRIMER=IGHV_27|PRCOUNT=1
  LARGE_HEADER: ATGGTATTATTTACT|CONSCOUNT=2|PRIMER=IGHV_27|PRCOUNT=2

- CGATAGACAGAGGGA
  STATUS: SAME_SEQUENCE
  SMALL_HEADER: CGATAGACAGAGGGA|CONSCOUNT=3|PRIMER=IGHV_13,IGHV_2,IGHV_21|PRCOUNT=1,1,1
  LARGE_HEADER: CGATAGACAGAGGGA|CONSCOUNT=6|PRIMER=IGHV_13,IGHV_2,IGHV_21,IGHV_36|PRCOUNT=1,1,2,2

- TCGGTCGTCCTGCTT
  STATUS: FOUND_DIFFERENT
  SMALL_HEADER: TCGGTCGTCCTGCTT|CONSCOUNT=1|PRIMER=IGHV_27|PRCOUNT=1
  LARGE_HEADER: TCGGTCGTCCTGCTT|CONSCOUNT=2|PRIMER=IGHV_27|PRCOUNT=2

- TCTGTTGTGTTTAAT
  STATUS: SAME_SEQUENCE
  SMALL_HEADER: TCTGTTGTGTTTAAT|CONSCOUNT=2|PRIMER=IGHV_12,IGHV_30|PRCOUNT=1,1
  LARGE_HEADER: TCTGTTGTGTTTAAT|CONSCOUNT=3|PRIMER=IGHV_12,IGHV_30,IGHV_6|PRCOUNT=1,1,1

- TTATGTTAGTCCTAA
  STATUS: FOUND_DIFFERENT
  SMALL_HEADER: TTATGTTAGTCCTAA|CONSCOUNT=7|PRIMER=IGHV_2,IGHV_32,IGHV_36,IGHV_40|PRCOUNT=3,2,1,1
  LARGE_HEADER: TTATGTTAGTCCTAA|CONSCOUNT=103|PRIMER=IGHV_10,IGHV_14,IGHV_2,IGHV_21,IGHV_22,IGHV_28,IGHV_32,IGHV_33,IGHV_36,IGHV_40,IGHV_43|PRCOUNT=2,1,63,5,1,2,6,1,8,12,2

- AACGCGACTGGTCGA
  STATUS: SAME_SEQUENCE
  SMALL_HEADER: AACGCGACTGGTCGA|CONSCOUNT=5|PRIMER=IGHV_2,IGHV_22,IGHV_37,IGHV_40,IGHV_6|PRCOUNT=1,1,1,1,1
  LARGE_HEADER: AACGCGACTGGTCGA|CONSCOUNT=20|PRIMER=IGHV_10,IGHV_13,IGHV_14,IGHV_15,IGHV_2,IGHV_21,IGHV_22,IGHV_32,IGHV_33,IGHV_36,IGHV_37,IGHV_40,IGHV_6,IGHV_8,IGHV_9|PRCOUNT=1,1,2,2,3,1,2,1,1,1,1,1,1,1,1

- TGGTGATAGTATGTA
  STATUS: IDENTICAL
  SMALL_HEADER: TGGTGATAGTATGTA|CONSCOUNT=1|PRIMER=IGHV_27|PRCOUNT=1
  LARGE_HEADER: TGGTGATAGTATGTA|CONSCOUNT=1|PRIMER=IGHV_27|PRCOUNT=1

- CTTGAAAGGCATGTT
  STATUS: IDENTICAL
  SMALL_HEADER: CTTGAAAGGCATGTT|CONSCOUNT=1|PRIMER=IGHV_2|PRCOUNT=1
  LARGE_HEADER: CTTGAAAGGCATGTT|CONSCOUNT=1|PRIMER=IGHV_2|PRCOUNT=1

- CATCATATTCTGCAA
  STATUS: SAME_SEQUENCE
  SMALL_HEADER: CATCATATTCTGCAA|CONSCOUNT=3|PRIMER=IGHV_12,IGHV_2,IGHV_21|PRCOUNT=1,1,1
  LARGE_HEADER: CATCATATTCTGCAA|CONSCOUNT=8|PRIMER=IGHV_12,IGHV_15,IGHV_2,IGHV_21,IGHV_6|PRCOUNT=1,2,3,1,1

- TTCCGTACGATCAAG
  STATUS: FOUND_DIFFERENT
  SMALL_HEADER: TTCCGTACGATCAAG|CONSCOUNT=2|PRIMER=IGHV_12,IGHV_15|PRCOUNT=1,1
  LARGE_HEADER: TTCCGTACGATCAAG|CONSCOUNT=3|PRIMER=IGHV_12,IGHV_15,IGHV_2|PRCOUNT=1,1,1

- GTTCCGAACTTAAGA
  STATUS: FOUND_DIFFERENT
  SMALL_HEADER: GTTCCGAACTTAAGA|CONSCOUNT=2|PRIMER=IGHV_14,IGHV_37|PRCOUNT=1,1
  LARGE_HEADER: GTTCCGAACTTAAGA|CONSCOUNT=196|PRIMER=IGHV_10,IGHV_11,IGHV_12,IGHV_13,IGHV_14,IGHV_15,IGHV_16,IGHV_2,IGHV_21,IGHV_22,IGHV_26,IGHV_28,IGHV_30,IGHV_32,IGHV_33,IGHV_37,IGHV_39,IGHV_40,IGHV_6,IGHV_8|PRCOUNT=10,4,9,2,45,3,2,35,3,7,33,3,14,5,3,6,3,5,3,1

- CTAGTTAAGACTTAT
  STATUS: IDENTICAL
  SMALL_HEADER: CTAGTTAAGACTTAT|CONSCOUNT=1|PRIMER=IGHV_27|PRCOUNT=1
  LARGE_HEADER: CTAGTTAAGACTTAT|CONSCOUNT=1|PRIMER=IGHV_27|PRCOUNT=1

- CGCGTTAGGGTGTGT
  STATUS: FOUND_DIFFERENT
  SMALL_HEADER: CGCGTTAGGGTGTGT|CONSCOUNT=5|PRIMER=IGHV_15,IGHV_2,IGHV_33|PRCOUNT=1,3,1
  LARGE_HEADER: CGCGTTAGGGTGTGT|CONSCOUNT=13|PRIMER=IGHV_14,IGHV_15,IGHV_2,IGHV_21,IGHV_30,IGHV_33|PRCOUNT=1,1,8,1,1,1

- ACCGGGGCTGCTGGG
  STATUS: SAME_SEQUENCE
  SMALL_HEADER: ACCGGGGCTGCTGGG|CONSCOUNT=6|PRIMER=IGHV_11,IGHV_14,IGHV_40|PRCOUNT=2,3,1
  LARGE_HEADER: ACCGGGGCTGCTGGG|CONSCOUNT=8|PRIMER=IGHV_11,IGHV_13,IGHV_14,IGHV_40|PRCOUNT=2,1,4,1

- GATAATGAAATTCTG
  STATUS: SAME_SEQUENCE
  SMALL_HEADER: GATAATGAAATTCTG|CONSCOUNT=2|PRIMER=IGHV_26,IGHV_40|PRCOUNT=1,1
  LARGE_HEADER: GATAATGAAATTCTG|CONSCOUNT=4|PRIMER=IGHV_2,IGHV_22,IGHV_26,IGHV_40|PRCOUNT=1,1,1,1

- ATATGGCCTTCATAT
  STATUS: FOUND_DIFFERENT
  SMALL_HEADER: ATATGGCCTTCATAT|CONSCOUNT=4|PRIMER=IGHV_11,IGHV_13,IGHV_2,IGHV_39|PRCOUNT=1,1,1,1
  LARGE_HEADER: ATATGGCCTTCATAT|CONSCOUNT=16|PRIMER=IGHV_11,IGHV_13,IGHV_14,IGHV_2,IGHV_22,IGHV_33,IGHV_36,IGHV_39,IGHV_40|PRCOUNT=1,1,1,6,2,1,2,1,1

- TTTAAACATTTCTTT
  STATUS: SAME_SEQUENCE
  SMALL_HEADER: TTTAAACATTTCTTT|CONSCOUNT=5|PRIMER=IGHV_14,IGHV_2,IGHV_39|PRCOUNT=2,2,1
  LARGE_HEADER: TTTAAACATTTCTTT|CONSCOUNT=15|PRIMER=IGHV_13,IGHV_14,IGHV_15,IGHV_2,IGHV_21,IGHV_32,IGHV_39|PRCOUNT=2,3,1,6,1,1,1

- GGAATCATTTTGTGT
  STATUS: FOUND_DIFFERENT
  SMALL_HEADER: GGAATCATTTTGTGT|CONSCOUNT=1|PRIMER=IGHV_12|PRCOUNT=1
  LARGE_HEADER: GGAATCATTTTGTGT|CONSCOUNT=8|PRIMER=IGHV_11,IGHV_12,IGHV_14,IGHV_15,IGHV_21,IGHV_40|PRCOUNT=1,2,2,1,1,1

- ATAATCTACTTATCG
  STATUS: FOUND_DIFFERENT
  SMALL_HEADER: ATAATCTACTTATCG|CONSCOUNT=1|PRIMER=IGHV_10|PRCOUNT=1
  LARGE_HEADER: ATAATCTACTTATCG|CONSCOUNT=2|PRIMER=IGHV_10,IGHV_27|PRCOUNT=1,1

- TATTTTAATTAGTTT
  STATUS: SAME_SEQUENCE
  SMALL_HEADER: TATTTTAATTAGTTT|CONSCOUNT=2|PRIMER=IGHV_26,IGHV_33|PRCOUNT=1,1
  LARGE_HEADER: TATTTTAATTAGTTT|CONSCOUNT=3|PRIMER=IGHV_26,IGHV_33|PRCOUNT=1,2

- AATGTTTTATAGGTA
  STATUS: FOUND_DIFFERENT
  SMALL_HEADER: AATGTTTTATAGGTA|CONSCOUNT=1|PRIMER=IGHV_10|PRCOUNT=1
  LARGE_HEADER: AATGTTTTATAGGTA|CONSCOUNT=2|PRIMER=IGHV_10|PRCOUNT=2

- TATGTGTATGAACTT
  STATUS: FOUND_DIFFERENT
  SMALL_HEADER: TATGTGTATGAACTT|CONSCOUNT=1|PRIMER=IGHV_27|PRCOUNT=1
  LARGE_HEADER: TATGTGTATGAACTT|CONSCOUNT=2|PRIMER=IGHV_27|PRCOUNT=2

- TACAATTTAGTAGAT
  STATUS: IDENTICAL
  SMALL_HEADER: TACAATTTAGTAGAT|CONSCOUNT=1|PRIMER=IGHV_27|PRCOUNT=1
  LARGE_HEADER: TACAATTTAGTAGAT|CONSCOUNT=1|PRIMER=IGHV_27|PRCOUNT=1

- TCCGACGTATACATA
  STATUS: SAME_SEQUENCE
  SMALL_HEADER: TCCGACGTATACATA|CONSCOUNT=1|PRIMER=IGHV_33|PRCOUNT=1
  LARGE_HEADER: TCCGACGTATACATA|CONSCOUNT=4|PRIMER=IGHV_2,IGHV_32,IGHV_33|PRCOUNT=2,1,1

- GTTTTGATACATTAG
  STATUS: FOUND_DIFFERENT
  SMALL_HEADER: GTTTTGATACATTAG|CONSCOUNT=1|PRIMER=IGHV_27|PRCOUNT=1
  LARGE_HEADER: GTTTTGATACATTAG|CONSCOUNT=2|PRIMER=IGHV_27|PRCOUNT=2

- AGATCGCAGTGGCTT
  STATUS: SAME_SEQUENCE
  SMALL_HEADER: AGATCGCAGTGGCTT|CONSCOUNT=4|PRIMER=IGHV_11,IGHV_14,IGHV_4|PRCOUNT=1,1,2
  LARGE_HEADER: AGATCGCAGTGGCTT|CONSCOUNT=115|PRIMER=IGHV_10,IGHV_11,IGHV_13,IGHV_14,IGHV_15,IGHV_16,IGHV_2,IGHV_26,IGHV_28,IGHV_33,IGHV_36,IGHV_4,IGHV_40,IGHV_41,IGHV_6,IGHV_9|PRCOUNT=7,1,1,10,3,1,14,10,14,3,4,37,3,3,1,3

- GTTTAAATTTGCCTG
  STATUS: FOUND_DIFFERENT
  SMALL_HEADER: GTTTAAATTTGCCTG|CONSCOUNT=1|PRIMER=IGHV_14|PRCOUNT=1
  LARGE_HEADER: GTTTAAATTTGCCTG|CONSCOUNT=2|PRIMER=IGHV_14,IGHV_2|PRCOUNT=1,1

- AAAGTTCCAACCATT
  STATUS: FOUND_DIFFERENT
  SMALL_HEADER: AAAGTTCCAACCATT|CONSCOUNT=2|PRIMER=IGHV_2,IGHV_32|PRCOUNT=1,1
  LARGE_HEADER: AAAGTTCCAACCATT|CONSCOUNT=3|PRIMER=IGHV_2,IGHV_32,IGHV_37|PRCOUNT=1,1,1

- AGTTCAGAGTGGACG
  STATUS: FOUND_DIFFERENT
  SMALL_HEADER: AGTTCAGAGTGGACG|CONSCOUNT=3|PRIMER=IGHV_13,IGHV_2,IGHV_26|PRCOUNT=1,1,1
  LARGE_HEADER: AGTTCAGAGTGGACG|CONSCOUNT=6|PRIMER=IGHV_13,IGHV_2,IGHV_26,IGHV_37|PRCOUNT=1,2,2,1

- TTCTATTTACTCAGA
  STATUS: FOUND_DIFFERENT
  SMALL_HEADER: TTCTATTTACTCAGA|CONSCOUNT=1|PRIMER=IGHV_27|PRCOUNT=1
  LARGE_HEADER: TTCTATTTACTCAGA|CONSCOUNT=5|PRIMER=IGHV_27,IGHV_32|PRCOUNT=4,1

- CAAATCCTGGCACAA
  STATUS: IDENTICAL
  SMALL_HEADER: CAAATCCTGGCACAA|CONSCOUNT=1|PRIMER=IGHV_25|PRCOUNT=1
  LARGE_HEADER: CAAATCCTGGCACAA|CONSCOUNT=1|PRIMER=IGHV_25|PRCOUNT=1

- AAAATTGTACCTTCG
  STATUS: SAME_SEQUENCE
  SMALL_HEADER: AAAATTGTACCTTCG|CONSCOUNT=4|PRIMER=IGHV_2,IGHV_22,IGHV_26,IGHV_40|PRCOUNT=1,1,1,1
  LARGE_HEADER: AAAATTGTACCTTCG|CONSCOUNT=8|PRIMER=IGHV_2,IGHV_22,IGHV_26,IGHV_36,IGHV_39,IGHV_40|PRCOUNT=3,1,1,1,1,1

- GTGCGACGGGGCAGG
  STATUS: FOUND_DIFFERENT
  SMALL_HEADER: GTGCGACGGGGCAGG|CONSCOUNT=2|PRIMER=IGHV_26,IGHV_40|PRCOUNT=1,1
  LARGE_HEADER: GTGCGACGGGGCAGG|CONSCOUNT=6|PRIMER=IGHV_16,IGHV_2,IGHV_26,IGHV_40|PRCOUNT=1,3,1,1

- AAAAGATATTTAGTA
  STATUS: FOUND_DIFFERENT
  SMALL_HEADER: AAAAGATATTTAGTA|CONSCOUNT=1|PRIMER=IGHV_21|PRCOUNT=1
  LARGE_HEADER: AAAAGATATTTAGTA|CONSCOUNT=2|PRIMER=IGHV_21,IGHV_26|PRCOUNT=1,1

- TGCGAAGTACCGAGG
  STATUS: IDENTICAL
  SMALL_HEADER: TGCGAAGTACCGAGG|CONSCOUNT=1|PRIMER=IGHV_2|PRCOUNT=1
  LARGE_HEADER: TGCGAAGTACCGAGG|CONSCOUNT=1|PRIMER=IGHV_2|PRCOUNT=1

- CAGAACTGGTTGTAA
  STATUS: SAME_SEQUENCE
  SMALL_HEADER: CAGAACTGGTTGTAA|CONSCOUNT=2|PRIMER=IGHV_2|PRCOUNT=2
  LARGE_HEADER: CAGAACTGGTTGTAA|CONSCOUNT=3|PRIMER=IGHV_2|PRCOUNT=3

- TACGAACGTCGCGAG
  STATUS: FOUND_DIFFERENT
  SMALL_HEADER: TACGAACGTCGCGAG|CONSCOUNT=3|PRIMER=IGHV_3,IGHV_44,IGHV_7|PRCOUNT=1,1,1
  LARGE_HEADER: TACGAACGTCGCGAG|CONSCOUNT=19|PRIMER=IGHV_10,IGHV_11,IGHV_2,IGHV_3,IGHV_33,IGHV_44,IGHV_7|PRCOUNT=2,1,1,8,2,3,2

- CCGTTGGTGGCTTTG
  STATUS: FOUND_DIFFERENT
  SMALL_HEADER: CCGTTGGTGGCTTTG|CONSCOUNT=3|PRIMER=IGHV_5|PRCOUNT=3
  LARGE_HEADER: CCGTTGGTGGCTTTG|CONSCOUNT=125|PRIMER=IGHV_11,IGHV_14,IGHV_16,IGHV_5,IGHV_9|PRCOUNT=1,18,3,97,6

- TTCTGTTCCAAAATT
  STATUS: FOUND_DIFFERENT
  SMALL_HEADER: TTCTGTTCCAAAATT|CONSCOUNT=2|PRIMER=IGHV_37|PRCOUNT=2
  LARGE_HEADER: TTCTGTTCCAAAATT|CONSCOUNT=13|PRIMER=IGHV_26,IGHV_37|PRCOUNT=2,11

- GAAGGTATGGACGTT
  STATUS: SAME_SEQUENCE
  SMALL_HEADER: GAAGGTATGGACGTT|CONSCOUNT=1|PRIMER=IGHV_10|PRCOUNT=1
  LARGE_HEADER: GAAGGTATGGACGTT|CONSCOUNT=26|PRIMER=IGHV_10,IGHV_15,IGHV_2,IGHV_32|PRCOUNT=7,4,11,4

- CAACGATATAAATCA
  STATUS: FOUND_DIFFERENT
  SMALL_HEADER: CAACGATATAAATCA|CONSCOUNT=2|PRIMER=IGHV_4|PRCOUNT=2
  LARGE_HEADER: CAACGATATAAATCA|CONSCOUNT=44|PRIMER=IGHV_10,IGHV_14,IGHV_2,IGHV_26,IGHV_28,IGHV_32,IGHV_39,IGHV_4,IGHV_45|PRCOUNT=1,2,3,6,2,1,2,18,9

- ATTTAGTATAAGGTA
  STATUS: SAME_SEQUENCE
  SMALL_HEADER: ATTTAGTATAAGGTA|CONSCOUNT=3|PRIMER=IGHV_14,IGHV_26,IGHV_36|PRCOUNT=1,1,1
  LARGE_HEADER: ATTTAGTATAAGGTA|CONSCOUNT=5|PRIMER=IGHV_10,IGHV_14,IGHV_21,IGHV_26,IGHV_36|PRCOUNT=1,1,1,1,1

- AGGAAGGCGGGCTTT
  STATUS: FOUND_DIFFERENT
  SMALL_HEADER: AGGAAGGCGGGCTTT|CONSCOUNT=3|PRIMER=IGHV_12,IGHV_4,IGHV_41|PRCOUNT=1,1,1
  LARGE_HEADER: AGGAAGGCGGGCTTT|CONSCOUNT=110|PRIMER=IGHV_10,IGHV_11,IGHV_12,IGHV_14,IGHV_15,IGHV_2,IGHV_22,IGHV_26,IGHV_28,IGHV_33,IGHV_4,IGHV_40,IGHV_41,IGHV_45,IGHV_6,IGHV_8|PRCOUNT=2,4,13,9,1,1,3,1,20,3,32,2,3,7,4,5

- TCACTGCGGTATATA
  STATUS: SAME_SEQUENCE
  SMALL_HEADER: TCACTGCGGTATATA|CONSCOUNT=1|PRIMER=IGHV_2|PRCOUNT=1
  LARGE_HEADER: TCACTGCGGTATATA|CONSCOUNT=3|PRIMER=IGHV_13,IGHV_2|PRCOUNT=1,2

- CTTATTTTGGGATAC
  STATUS: FOUND_DIFFERENT
  SMALL_HEADER: CTTATTTTGGGATAC|CONSCOUNT=5|PRIMER=IGHV_2,IGHV_33,IGHV_45|PRCOUNT=2,2,1
  LARGE_HEADER: CTTATTTTGGGATAC|CONSCOUNT=7|PRIMER=IGHV_14,IGHV_2,IGHV_22,IGHV_33,IGHV_45|PRCOUNT=1,2,1,2,1

- TGAATGAAGTGTTTG
  STATUS: FOUND_DIFFERENT
  SMALL_HEADER: TGAATGAAGTGTTTG|CONSCOUNT=1|PRIMER=IGHV_2|PRCOUNT=1
  LARGE_HEADER: TGAATGAAGTGTTTG|CONSCOUNT=3|PRIMER=IGHV_12,IGHV_2,IGHV_36|PRCOUNT=1,1,1

- TTCTAATGTATATTT
  STATUS: IDENTICAL
  SMALL_HEADER: TTCTAATGTATATTT|CONSCOUNT=1|PRIMER=IGHV_10|PRCOUNT=1
  LARGE_HEADER: TTCTAATGTATATTT|CONSCOUNT=1|PRIMER=IGHV_10|PRCOUNT=1

- CTCGAGGGCCAGAAC
  STATUS: SAME_SEQUENCE
  SMALL_HEADER: CTCGAGGGCCAGAAC|CONSCOUNT=2|PRIMER=IGHV_2,IGHV_33|PRCOUNT=1,1
  LARGE_HEADER: CTCGAGGGCCAGAAC|CONSCOUNT=19|PRIMER=IGHV_10,IGHV_13,IGHV_2,IGHV_33,IGHV_36,IGHV_43|PRCOUNT=2,1,7,4,4,1

- TCAGCGGGCGTACCA
  STATUS: SAME_SEQUENCE
  SMALL_HEADER: TCAGCGGGCGTACCA|CONSCOUNT=2|PRIMER=IGHV_1,IGHV_32|PRCOUNT=1,1
  LARGE_HEADER: TCAGCGGGCGTACCA|CONSCOUNT=8|PRIMER=IGHV_1,IGHV_14,IGHV_2,IGHV_32,IGHV_36|PRCOUNT=4,1,1,1,1

- TCCTGAGCTTTCAGA
  STATUS: FOUND_DIFFERENT
  SMALL_HEADER: TCCTGAGCTTTCAGA|CONSCOUNT=1|PRIMER=IGHV_21|PRCOUNT=1
  LARGE_HEADER: TCCTGAGCTTTCAGA|CONSCOUNT=5|PRIMER=IGHV_10,IGHV_11,IGHV_14,IGHV_2,IGHV_21|PRCOUNT=1,1,1,1,1

- TTGCGTCTCAAATTT
  STATUS: IDENTICAL
  SMALL_HEADER: TTGCGTCTCAAATTT|CONSCOUNT=1|PRIMER=IGHV_27|PRCOUNT=1
  LARGE_HEADER: TTGCGTCTCAAATTT|CONSCOUNT=1|PRIMER=IGHV_27|PRCOUNT=1

- TCCCGTGGGTTTTTC
  STATUS: SAME_SEQUENCE
  SMALL_HEADER: TCCCGTGGGTTTTTC|CONSCOUNT=1|PRIMER=IGHV_2|PRCOUNT=1
  LARGE_HEADER: TCCCGTGGGTTTTTC|CONSCOUNT=6|PRIMER=IGHV_2,IGHV_21,IGHV_36,IGHV_43|PRCOUNT=3,1,1,1

- GGAGGGCGTAGGGAA
  STATUS: FOUND_DIFFERENT
  SMALL_HEADER: GGAGGGCGTAGGGAA|CONSCOUNT=2|PRIMER=IGHV_2,IGHV_40|PRCOUNT=1,1
  LARGE_HEADER: GGAGGGCGTAGGGAA|CONSCOUNT=12|PRIMER=IGHV_10,IGHV_12,IGHV_13,IGHV_15,IGHV_2,IGHV_36,IGHV_40|PRCOUNT=1,1,2,1,5,1,1

- AGCGTCTTTGATCAC
  STATUS: FOUND_DIFFERENT
  SMALL_HEADER: AGCGTCTTTGATCAC|CONSCOUNT=3|PRIMER=IGHV_11,IGHV_4|PRCOUNT=1,2
  LARGE_HEADER: AGCGTCTTTGATCAC|CONSCOUNT=32|PRIMER=IGHV_11,IGHV_12,IGHV_14,IGHV_26,IGHV_30,IGHV_4,IGHV_41,IGHV_45,IGHV_8|PRCOUNT=1,4,4,3,4,10,1,4,1

- AACTTGTACTAGTTT
  STATUS: IDENTICAL
  SMALL_HEADER: AACTTGTACTAGTTT|CONSCOUNT=1|PRIMER=IGHV_9|PRCOUNT=1
  LARGE_HEADER: AACTTGTACTAGTTT|CONSCOUNT=1|PRIMER=IGHV_9|PRCOUNT=1

- TCCATGGCCTACCGT
  STATUS: IDENTICAL
  SMALL_HEADER: TCCATGGCCTACCGT|CONSCOUNT=1|PRIMER=IGHV_27|PRCOUNT=1
  LARGE_HEADER: TCCATGGCCTACCGT|CONSCOUNT=1|PRIMER=IGHV_27|PRCOUNT=1

- TATCGCAATTTCCAA
  STATUS: FOUND_DIFFERENT
  SMALL_HEADER: TATCGCAATTTCCAA|CONSCOUNT=1|PRIMER=IGHV_1|PRCOUNT=1
  LARGE_HEADER: TATCGCAATTTCCAA|CONSCOUNT=2|PRIMER=IGHV_1|PRCOUNT=2

- GAGTCCATTCTACGA
  STATUS: FOUND_DIFFERENT
  SMALL_HEADER: GAGTCCATTCTACGA|CONSCOUNT=3|PRIMER=IGHV_2|PRCOUNT=3
  LARGE_HEADER: GAGTCCATTCTACGA|CONSCOUNT=10|PRIMER=IGHV_14,IGHV_16,IGHV_2,IGHV_36|PRCOUNT=1,1,6,2

- AGTGCAATAAGTTAG
  STATUS: FOUND_DIFFERENT
  SMALL_HEADER: AGTGCAATAAGTTAG|CONSCOUNT=1|PRIMER=IGHV_14|PRCOUNT=1
  LARGE_HEADER: AGTGCAATAAGTTAG|CONSCOUNT=12|PRIMER=IGHV_10,IGHV_11,IGHV_12,IGHV_14,IGHV_28|PRCOUNT=2,2,1,6,1

- GTTCTTGCTTACCCG
  STATUS: FOUND_DIFFERENT
  SMALL_HEADER: GTTCTTGCTTACCCG|CONSCOUNT=3|PRIMER=IGHV_2,IGHV_22,IGHV_40|PRCOUNT=1,1,1
  LARGE_HEADER: GTTCTTGCTTACCCG|CONSCOUNT=17|PRIMER=IGHV_10,IGHV_14,IGHV_2,IGHV_22,IGHV_32,IGHV_33,IGHV_40,IGHV_6|PRCOUNT=1,1,9,1,1,1,2,1

- CTTTTCTTAATTTCT
  STATUS: FOUND_DIFFERENT
  SMALL_HEADER: CTTTTCTTAATTTCT|CONSCOUNT=1|PRIMER=IGHV_27|PRCOUNT=1
  LARGE_HEADER: CTTTTCTTAATTTCT|CONSCOUNT=3|PRIMER=IGHV_27|PRCOUNT=3

- TTGGACTAAAATTAG
  STATUS: FOUND_DIFFERENT
  SMALL_HEADER: TTGGACTAAAATTAG|CONSCOUNT=2|PRIMER=IGHV_2,IGHV_26|PRCOUNT=1,1
  LARGE_HEADER: TTGGACTAAAATTAG|CONSCOUNT=50|PRIMER=IGHV_10,IGHV_13,IGHV_14,IGHV_15,IGHV_16,IGHV_2,IGHV_21,IGHV_22,IGHV_26,IGHV_30,IGHV_32,IGHV_36,IGHV_40,IGHV_45|PRCOUNT=3,2,3,3,1,21,3,1,4,1,3,1,3,1

- GCGTTCCCATTCAGA
  STATUS: IDENTICAL
  SMALL_HEADER: GCGTTCCCATTCAGA|CONSCOUNT=1|PRIMER=IGHV_30|PRCOUNT=1
  LARGE_HEADER: GCGTTCCCATTCAGA|CONSCOUNT=1|PRIMER=IGHV_30|PRCOUNT=1

- TCCATATGTTGCGTG
  STATUS: FOUND_DIFFERENT
  SMALL_HEADER: TCCATATGTTGCGTG|CONSCOUNT=1|PRIMER=IGHV_14|PRCOUNT=1
  LARGE_HEADER: TCCATATGTTGCGTG|CONSCOUNT=4|PRIMER=IGHV_14,IGHV_21,IGHV_33|PRCOUNT=2,1,1

- ATACCTGTATACGAG
  STATUS: IDENTICAL
  SMALL_HEADER: ATACCTGTATACGAG|CONSCOUNT=1|PRIMER=IGHV_27|PRCOUNT=1
  LARGE_HEADER: ATACCTGTATACGAG|CONSCOUNT=1|PRIMER=IGHV_27|PRCOUNT=1

- TAAATGATGGCGTCT
  STATUS: IDENTICAL
  SMALL_HEADER: TAAATGATGGCGTCT|CONSCOUNT=1|PRIMER=IGHV_10|PRCOUNT=1
  LARGE_HEADER: TAAATGATGGCGTCT|CONSCOUNT=1|PRIMER=IGHV_10|PRCOUNT=1

- TCATGAGTTACTTTC
  STATUS: SAME_SEQUENCE
  SMALL_HEADER: TCATGAGTTACTTTC|CONSCOUNT=13|PRIMER=IGHV_10,IGHV_12,IGHV_13,IGHV_14,IGHV_2,IGHV_21,IGHV_28,IGHV_36|PRCOUNT=1,2,1,1,2,2,2,2
  LARGE_HEADER: TCATGAGTTACTTTC|CONSCOUNT=69|PRIMER=IGHV_10,IGHV_11,IGHV_12,IGHV_13,IGHV_14,IGHV_15,IGHV_2,IGHV_21,IGHV_22,IGHV_26,IGHV_28,IGHV_32,IGHV_33,IGHV_36,IGHV_4,IGHV_9|PRCOUNT=5,1,8,2,7,3,10,8,1,3,11,2,3,3,1,1

- ATTAGGCGGGAGAGG
  STATUS: FOUND_DIFFERENT
  SMALL_HEADER: ATTAGGCGGGAGAGG|CONSCOUNT=1|PRIMER=IGHV_27|PRCOUNT=1
  LARGE_HEADER: ATTAGGCGGGAGAGG|CONSCOUNT=2|PRIMER=IGHV_27|PRCOUNT=2

- TTTACTCTGGATTTC
  STATUS: FOUND_DIFFERENT
  SMALL_HEADER: TTTACTCTGGATTTC|CONSCOUNT=1|PRIMER=IGHV_35|PRCOUNT=1
  LARGE_HEADER: TTTACTCTGGATTTC|CONSCOUNT=2|PRIMER=IGHV_2,IGHV_35|PRCOUNT=1,1

- CCCCTAGGATCACTT
  STATUS: FOUND_DIFFERENT
  SMALL_HEADER: CCCCTAGGATCACTT|CONSCOUNT=2|PRIMER=IGHV_21,IGHV_33|PRCOUNT=1,1
  LARGE_HEADER: CCCCTAGGATCACTT|CONSCOUNT=7|PRIMER=IGHV_13,IGHV_14,IGHV_21,IGHV_33,IGHV_40|PRCOUNT=1,1,3,1,1

- TCAGTGGTACATCAC
  STATUS: FOUND_DIFFERENT
  SMALL_HEADER: TCAGTGGTACATCAC|CONSCOUNT=4|PRIMER=IGHV_13,IGHV_2,IGHV_33,IGHV_4|PRCOUNT=1,1,1,1
  LARGE_HEADER: TCAGTGGTACATCAC|CONSCOUNT=12|PRIMER=IGHV_12,IGHV_13,IGHV_14,IGHV_2,IGHV_30,IGHV_33,IGHV_36,IGHV_4|PRCOUNT=1,1,1,5,1,1,1,1

- CAATGGTATCGCCCG
  STATUS: FOUND_DIFFERENT
  SMALL_HEADER: CAATGGTATCGCCCG|CONSCOUNT=4|PRIMER=IGHV_10,IGHV_15,IGHV_2|PRCOUNT=1,1,2
  LARGE_HEADER: CAATGGTATCGCCCG|CONSCOUNT=11|PRIMER=IGHV_10,IGHV_13,IGHV_14,IGHV_15,IGHV_2|PRCOUNT=1,1,1,2,6

- ATATGAATCGTTTCC
  STATUS: IDENTICAL
  SMALL_HEADER: ATATGAATCGTTTCC|CONSCOUNT=1|PRIMER=IGHV_17|PRCOUNT=1
  LARGE_HEADER: ATATGAATCGTTTCC|CONSCOUNT=1|PRIMER=IGHV_17|PRCOUNT=1

- GAATAATACTTATCG
  STATUS: FOUND_DIFFERENT
  SMALL_HEADER: GAATAATACTTATCG|CONSCOUNT=1|PRIMER=IGHV_27|PRCOUNT=1
  LARGE_HEADER: GAATAATACTTATCG|CONSCOUNT=3|PRIMER=IGHV_27|PRCOUNT=3

- GATTATTGTCATCTA
  STATUS: FOUND_DIFFERENT
  SMALL_HEADER: GATTATTGTCATCTA|CONSCOUNT=1|PRIMER=IGHV_27|PRCOUNT=1
  LARGE_HEADER: GATTATTGTCATCTA|CONSCOUNT=4|PRIMER=IGHV_27|PRCOUNT=4

- CTGAGAGCGAACGTC
  STATUS: FOUND_DIFFERENT
  SMALL_HEADER: CTGAGAGCGAACGTC|CONSCOUNT=3|PRIMER=IGHV_10,IGHV_14,IGHV_15|PRCOUNT=1,1,1
  LARGE_HEADER: CTGAGAGCGAACGTC|CONSCOUNT=8|PRIMER=IGHV_10,IGHV_14,IGHV_15,IGHV_2,IGHV_9|PRCOUNT=3,1,1,2,1

- TGTGTACGTCTTTAT
  STATUS: FOUND_DIFFERENT
  SMALL_HEADER: TGTGTACGTCTTTAT|CONSCOUNT=1|PRIMER=IGHV_2|PRCOUNT=1
  LARGE_HEADER: TGTGTACGTCTTTAT|CONSCOUNT=2|PRIMER=IGHV_2|PRCOUNT=2

- TGCGACTCGTAATCT
  STATUS: FOUND_DIFFERENT
  SMALL_HEADER: TGCGACTCGTAATCT|CONSCOUNT=7|PRIMER=IGHV_28,IGHV_33,IGHV_39,IGHV_4,IGHV_8|PRCOUNT=1,1,1,3,1
  LARGE_HEADER: TGCGACTCGTAATCT|CONSCOUNT=114|PRIMER=IGHV_10,IGHV_11,IGHV_12,IGHV_14,IGHV_2,IGHV_28,IGHV_33,IGHV_37,IGHV_39,IGHV_4,IGHV_45,IGHV_8|PRCOUNT=1,1,1,18,5,4,6,1,6,58,9,4

- AATTTGTGCTATGTC
  STATUS: FOUND_DIFFERENT
  SMALL_HEADER: AATTTGTGCTATGTC|CONSCOUNT=1|PRIMER=IGHV_27|PRCOUNT=1
  LARGE_HEADER: AATTTGTGCTATGTC|CONSCOUNT=2|PRIMER=IGHV_27|PRCOUNT=2

- AATCTGCGAAATTAC
  STATUS: SAME_SEQUENCE
  SMALL_HEADER: AATCTGCGAAATTAC|CONSCOUNT=4|PRIMER=IGHV_15,IGHV_2,IGHV_22,IGHV_28|PRCOUNT=1,1,1,1
  LARGE_HEADER: AATCTGCGAAATTAC|CONSCOUNT=14|PRIMER=IGHV_13,IGHV_15,IGHV_2,IGHV_22,IGHV_28,IGHV_33,IGHV_36,IGHV_40,IGHV_6|PRCOUNT=1,2,5,1,1,1,1,1,1

- CAAATTGGAGAGCTT
  STATUS: IDENTICAL
  SMALL_HEADER: CAAATTGGAGAGCTT|CONSCOUNT=1|PRIMER=IGHV_33|PRCOUNT=1
  LARGE_HEADER: CAAATTGGAGAGCTT|CONSCOUNT=1|PRIMER=IGHV_33|PRCOUNT=1

- TTTCATAATGATCTT
  STATUS: FOUND_DIFFERENT
  SMALL_HEADER: TTTCATAATGATCTT|CONSCOUNT=2|PRIMER=IGHV_2,IGHV_32|PRCOUNT=1,1
  LARGE_HEADER: TTTCATAATGATCTT|CONSCOUNT=5|PRIMER=IGHV_10,IGHV_13,IGHV_2,IGHV_32|PRCOUNT=1,1,2,1

- ACATCGTTAGTTATT
  STATUS: IDENTICAL
  SMALL_HEADER: ACATCGTTAGTTATT|CONSCOUNT=1|PRIMER=IGHV_1|PRCOUNT=1
  LARGE_HEADER: ACATCGTTAGTTATT|CONSCOUNT=1|PRIMER=IGHV_1|PRCOUNT=1

- TTCATCAGACGTGTA
  STATUS: IDENTICAL
  SMALL_HEADER: TTCATCAGACGTGTA|CONSCOUNT=1|PRIMER=IGHV_21|PRCOUNT=1
  LARGE_HEADER: TTCATCAGACGTGTA|CONSCOUNT=1|PRIMER=IGHV_21|PRCOUNT=1

- CCCCGCGTCTTCCCT
  STATUS: IDENTICAL
  SMALL_HEADER: CCCCGCGTCTTCCCT|CONSCOUNT=1|PRIMER=IGHV_21|PRCOUNT=1
  LARGE_HEADER: CCCCGCGTCTTCCCT|CONSCOUNT=1|PRIMER=IGHV_21|PRCOUNT=1

- AAAGCTTTCAGGTTT
  STATUS: SAME_SEQUENCE
  SMALL_HEADER: AAAGCTTTCAGGTTT|CONSCOUNT=5|PRIMER=IGHV_2,IGHV_36|PRCOUNT=2,3
  LARGE_HEADER: AAAGCTTTCAGGTTT|CONSCOUNT=16|PRIMER=IGHV_10,IGHV_2,IGHV_28,IGHV_32,IGHV_33,IGHV_36|PRCOUNT=1,4,2,1,5,3

- GCCTTTGATCCAATC
  STATUS: FOUND_DIFFERENT
  SMALL_HEADER: GCCTTTGATCCAATC|CONSCOUNT=2|PRIMER=IGHV_2,IGHV_28|PRCOUNT=1,1
  LARGE_HEADER: GCCTTTGATCCAATC|CONSCOUNT=13|PRIMER=IGHV_12,IGHV_14,IGHV_2,IGHV_28,IGHV_37,IGHV_40,IGHV_43,IGHV_9|PRCOUNT=1,3,2,1,1,1,1,3

- AACTATTCACATTCA
  STATUS: FOUND_DIFFERENT
  SMALL_HEADER: AACTATTCACATTCA|CONSCOUNT=2|PRIMER=IGHV_25,IGHV_8|PRCOUNT=1,1
  LARGE_HEADER: AACTATTCACATTCA|CONSCOUNT=3|PRIMER=IGHV_2,IGHV_25,IGHV_8|PRCOUNT=1,1,1

- CCATATCAATGATAG
  STATUS: IDENTICAL
  SMALL_HEADER: CCATATCAATGATAG|CONSCOUNT=1|PRIMER=IGHV_14|PRCOUNT=1
  LARGE_HEADER: CCATATCAATGATAG|CONSCOUNT=1|PRIMER=IGHV_14|PRCOUNT=1

- TTAAACAATAGTTTA
  STATUS: SAME_SEQUENCE
  SMALL_HEADER: TTAAACAATAGTTTA|CONSCOUNT=7|PRIMER=IGHV_1,IGHV_2,IGHV_32|PRCOUNT=1,5,1
  LARGE_HEADER: TTAAACAATAGTTTA|CONSCOUNT=13|PRIMER=IGHV_1,IGHV_10,IGHV_2,IGHV_26,IGHV_32|PRCOUNT=1,3,7,1,1

- CTTTCAATTATTATT
  STATUS: IDENTICAL
  SMALL_HEADER: CTTTCAATTATTATT|CONSCOUNT=1|PRIMER=IGHV_17|PRCOUNT=1
  LARGE_HEADER: CTTTCAATTATTATT|CONSCOUNT=1|PRIMER=IGHV_17|PRCOUNT=1

- CTCTCTCTAGTATAT
  STATUS: IDENTICAL
  SMALL_HEADER: CTCTCTCTAGTATAT|CONSCOUNT=1|PRIMER=IGHV_13|PRCOUNT=1
  LARGE_HEADER: CTCTCTCTAGTATAT|CONSCOUNT=1|PRIMER=IGHV_13|PRCOUNT=1

- GGTTGTGGCCGGTGG
  STATUS: FOUND_DIFFERENT
  SMALL_HEADER: GGTTGTGGCCGGTGG|CONSCOUNT=1|PRIMER=IGHV_41|PRCOUNT=1
  LARGE_HEADER: GGTTGTGGCCGGTGG|CONSCOUNT=6|PRIMER=IGHV_14,IGHV_2,IGHV_41|PRCOUNT=4,1,1

- CTGAGTTATTTTGCT
  STATUS: FOUND_DIFFERENT
  SMALL_HEADER: CTGAGTTATTTTGCT|CONSCOUNT=3|PRIMER=IGHV_1,IGHV_31|PRCOUNT=1,2
  LARGE_HEADER: CTGAGTTATTTTGCT|CONSCOUNT=7|PRIMER=IGHV_1,IGHV_31|PRCOUNT=3,4

- ATTACACGGTTATAT
  STATUS: SAME_SEQUENCE
  SMALL_HEADER: ATTACACGGTTATAT|CONSCOUNT=3|PRIMER=IGHV_2,IGHV_21,IGHV_40|PRCOUNT=1,1,1
  LARGE_HEADER: ATTACACGGTTATAT|CONSCOUNT=7|PRIMER=IGHV_2,IGHV_21,IGHV_33,IGHV_40|PRCOUNT=3,1,2,1

- GTAATCTGTCCTTTT
  STATUS: IDENTICAL
  SMALL_HEADER: GTAATCTGTCCTTTT|CONSCOUNT=1|PRIMER=IGHV_27|PRCOUNT=1
  LARGE_HEADER: GTAATCTGTCCTTTT|CONSCOUNT=1|PRIMER=IGHV_27|PRCOUNT=1

- TTTAGACGGTCCCAT
  STATUS: FOUND_DIFFERENT
  SMALL_HEADER: TTTAGACGGTCCCAT|CONSCOUNT=2|PRIMER=IGHV_28,IGHV_9|PRCOUNT=1,1
  LARGE_HEADER: TTTAGACGGTCCCAT|CONSCOUNT=8|PRIMER=IGHV_2,IGHV_28,IGHV_40,IGHV_9|PRCOUNT=3,3,1,1

- ATCACATAGCTAACG
  STATUS: FOUND_DIFFERENT
  SMALL_HEADER: ATCACATAGCTAACG|CONSCOUNT=2|PRIMER=IGHV_2,IGHV_26|PRCOUNT=1,1
  LARGE_HEADER: ATCACATAGCTAACG|CONSCOUNT=4|PRIMER=IGHV_2,IGHV_26,IGHV_37|PRCOUNT=2,1,1

- CGATTTTACATTGGA
  STATUS: FOUND_DIFFERENT
  SMALL_HEADER: CGATTTTACATTGGA|CONSCOUNT=2|PRIMER=IGHV_14|PRCOUNT=2
  LARGE_HEADER: CGATTTTACATTGGA|CONSCOUNT=14|PRIMER=IGHV_14,IGHV_37|PRCOUNT=13,1

- CGCGCCGCTGAAGTG
  STATUS: IDENTICAL
  SMALL_HEADER: CGCGCCGCTGAAGTG|CONSCOUNT=1|PRIMER=IGHV_3|PRCOUNT=1
  LARGE_HEADER: CGCGCCGCTGAAGTG|CONSCOUNT=1|PRIMER=IGHV_3|PRCOUNT=1

- ATCTTTTAGAGCCAA
  STATUS: FOUND_DIFFERENT
  SMALL_HEADER: ATCTTTTAGAGCCAA|CONSCOUNT=2|PRIMER=IGHV_11,IGHV_36|PRCOUNT=1,1
  LARGE_HEADER: ATCTTTTAGAGCCAA|CONSCOUNT=5|PRIMER=IGHV_10,IGHV_11,IGHV_2,IGHV_36|PRCOUNT=1,1,2,1

- CCGCGGGGCGGAGGG
  STATUS: FOUND_DIFFERENT
  SMALL_HEADER: CCGCGGGGCGGAGGG|CONSCOUNT=2|PRIMER=IGHV_15,IGHV_2|PRCOUNT=1,1
  LARGE_HEADER: CCGCGGGGCGGAGGG|CONSCOUNT=18|PRIMER=IGHV_11,IGHV_12,IGHV_15,IGHV_16,IGHV_2,IGHV_21,IGHV_28,IGHV_32,IGHV_33,IGHV_35|PRCOUNT=1,2,2,1,5,1,2,1,2,1

- ATCATACAATACCAG
  STATUS: FOUND_DIFFERENT
  SMALL_HEADER: ATCATACAATACCAG|CONSCOUNT=1|PRIMER=IGHV_2|PRCOUNT=1
  LARGE_HEADER: ATCATACAATACCAG|CONSCOUNT=4|PRIMER=IGHV_16,IGHV_2,IGHV_28|PRCOUNT=1,2,1

- TTCCAATATTGGTAT
  STATUS: FOUND_DIFFERENT
  SMALL_HEADER: TTCCAATATTGGTAT|CONSCOUNT=1|PRIMER=IGHV_27|PRCOUNT=1
  LARGE_HEADER: TTCCAATATTGGTAT|CONSCOUNT=2|PRIMER=IGHV_17,IGHV_27|PRCOUNT=1,1

- CCTATTGGAGTCGGG
  STATUS: FOUND_DIFFERENT
  SMALL_HEADER: CCTATTGGAGTCGGG|CONSCOUNT=2|PRIMER=IGHV_17|PRCOUNT=2
  LARGE_HEADER: CCTATTGGAGTCGGG|CONSCOUNT=13|PRIMER=IGHV_1,IGHV_17|PRCOUNT=1,12

- ATTGTATCTCGGTTC
  STATUS: FOUND_DIFFERENT
  SMALL_HEADER: ATTGTATCTCGGTTC|CONSCOUNT=1|PRIMER=IGHV_33|PRCOUNT=1
  LARGE_HEADER: ATTGTATCTCGGTTC|CONSCOUNT=9|PRIMER=IGHV_13,IGHV_14,IGHV_2,IGHV_21,IGHV_26,IGHV_33|PRCOUNT=1,2,3,1,1,1

- TATACGTACGAGAGT
  STATUS: FOUND_DIFFERENT
  SMALL_HEADER: TATACGTACGAGAGT|CONSCOUNT=2|PRIMER=IGHV_27|PRCOUNT=2
  LARGE_HEADER: TATACGTACGAGAGT|CONSCOUNT=3|PRIMER=IGHV_27|PRCOUNT=3

- TACCTATCGTCTCTG
  STATUS: SAME_SEQUENCE
  SMALL_HEADER: TACCTATCGTCTCTG|CONSCOUNT=1|PRIMER=IGHV_2|PRCOUNT=1
  LARGE_HEADER: TACCTATCGTCTCTG|CONSCOUNT=7|PRIMER=IGHV_2,IGHV_3,IGHV_44|PRCOUNT=1,4,2

- CGTAGCCTTCTTTCG
  STATUS: SAME_SEQUENCE
  SMALL_HEADER: CGTAGCCTTCTTTCG|CONSCOUNT=3|PRIMER=IGHV_2,IGHV_36|PRCOUNT=2,1
  LARGE_HEADER: CGTAGCCTTCTTTCG|CONSCOUNT=9|PRIMER=IGHV_10,IGHV_13,IGHV_16,IGHV_2,IGHV_32,IGHV_36,IGHV_39|PRCOUNT=1,1,1,2,1,2,1

- AGTGCACAACTAGGG
  STATUS: SAME_SEQUENCE
  SMALL_HEADER: AGTGCACAACTAGGG|CONSCOUNT=1|PRIMER=IGHV_2|PRCOUNT=1
  LARGE_HEADER: AGTGCACAACTAGGG|CONSCOUNT=7|PRIMER=IGHV_10,IGHV_12,IGHV_15,IGHV_2|PRCOUNT=1,1,1,4

- TCTAGCCTTCTTACC
  STATUS: SAME_SEQUENCE
  SMALL_HEADER: TCTAGCCTTCTTACC|CONSCOUNT=1|PRIMER=IGHV_36|PRCOUNT=1
  LARGE_HEADER: TCTAGCCTTCTTACC|CONSCOUNT=2|PRIMER=IGHV_13,IGHV_36|PRCOUNT=1,1

- TTCCTATGCATTCGT
  STATUS: FOUND_DIFFERENT
  SMALL_HEADER: TTCCTATGCATTCGT|CONSCOUNT=1|PRIMER=IGHV_40|PRCOUNT=1
  LARGE_HEADER: TTCCTATGCATTCGT|CONSCOUNT=2|PRIMER=IGHV_10,IGHV_40|PRCOUNT=1,1

- CGCGTCTGGTAGTAG
  STATUS: SAME_SEQUENCE
  SMALL_HEADER: CGCGTCTGGTAGTAG|CONSCOUNT=1|PRIMER=IGHV_14|PRCOUNT=1
  LARGE_HEADER: CGCGTCTGGTAGTAG|CONSCOUNT=4|PRIMER=IGHV_14,IGHV_26,IGHV_27|PRCOUNT=2,1,1

- GGATATATTATAATT
  STATUS: IDENTICAL
  SMALL_HEADER: GGATATATTATAATT|CONSCOUNT=1|PRIMER=IGHV_13|PRCOUNT=1
  LARGE_HEADER: GGATATATTATAATT|CONSCOUNT=1|PRIMER=IGHV_13|PRCOUNT=1

- TTATGTCATAGGTTG
  STATUS: IDENTICAL
  SMALL_HEADER: TTATGTCATAGGTTG|CONSCOUNT=1|PRIMER=IGHV_38|PRCOUNT=1
  LARGE_HEADER: TTATGTCATAGGTTG|CONSCOUNT=1|PRIMER=IGHV_38|PRCOUNT=1

- CATGACTTCTAATTT
  STATUS: IDENTICAL
  SMALL_HEADER: CATGACTTCTAATTT|CONSCOUNT=1|PRIMER=IGHV_2|PRCOUNT=1
  LARGE_HEADER: CATGACTTCTAATTT|CONSCOUNT=1|PRIMER=IGHV_2|PRCOUNT=1

- GTTTGCGAGTTGCTA
  STATUS: IDENTICAL
  SMALL_HEADER: GTTTGCGAGTTGCTA|CONSCOUNT=1|PRIMER=IGHV_26|PRCOUNT=1
  LARGE_HEADER: GTTTGCGAGTTGCTA|CONSCOUNT=1|PRIMER=IGHV_26|PRCOUNT=1

- ACTCACTAACTGCTA
  STATUS: FOUND_DIFFERENT
  SMALL_HEADER: ACTCACTAACTGCTA|CONSCOUNT=1|PRIMER=IGHV_37|PRCOUNT=1
  LARGE_HEADER: ACTCACTAACTGCTA|CONSCOUNT=8|PRIMER=IGHV_10,IGHV_14,IGHV_33,IGHV_37|PRCOUNT=1,1,1,5

- GTGGGTAGGAGGGTG
  STATUS: SAME_SEQUENCE
  SMALL_HEADER: GTGGGTAGGAGGGTG|CONSCOUNT=2|PRIMER=IGHV_14,IGHV_2|PRCOUNT=1,1
  LARGE_HEADER: GTGGGTAGGAGGGTG|CONSCOUNT=8|PRIMER=IGHV_11,IGHV_14,IGHV_16,IGHV_2,IGHV_28,IGHV_30|PRCOUNT=1,1,1,2,2,1

- TTGGTTTCTCTTAAG
  STATUS: FOUND_DIFFERENT
  SMALL_HEADER: TTGGTTTCTCTTAAG|CONSCOUNT=1|PRIMER=IGHV_2|PRCOUNT=1
  LARGE_HEADER: TTGGTTTCTCTTAAG|CONSCOUNT=13|PRIMER=IGHV_10,IGHV_13,IGHV_2,IGHV_26,IGHV_36,IGHV_39,IGHV_40,IGHV_6|PRCOUNT=1,1,5,1,2,1,1,1

- GTGGAGAGCCTTGGG
  STATUS: FOUND_DIFFERENT
  SMALL_HEADER: GTGGAGAGCCTTGGG|CONSCOUNT=2|PRIMER=IGHV_1|PRCOUNT=2
  LARGE_HEADER: GTGGAGAGCCTTGGG|CONSCOUNT=56|PRIMER=IGHV_1,IGHV_14,IGHV_15,IGHV_37|PRCOUNT=52,1,2,1

- TGCATTGAAAATGCA
  STATUS: IDENTICAL
  SMALL_HEADER: TGCATTGAAAATGCA|CONSCOUNT=1|PRIMER=IGHV_17|PRCOUNT=1
  LARGE_HEADER: TGCATTGAAAATGCA|CONSCOUNT=1|PRIMER=IGHV_17|PRCOUNT=1

- AACCATCTCAGAAGG
  STATUS: FOUND_DIFFERENT
  SMALL_HEADER: AACCATCTCAGAAGG|CONSCOUNT=3|PRIMER=IGHV_11,IGHV_2,IGHV_28|PRCOUNT=1,1,1
  LARGE_HEADER: AACCATCTCAGAAGG|CONSCOUNT=15|PRIMER=IGHV_10,IGHV_11,IGHV_14,IGHV_16,IGHV_2,IGHV_28,IGHV_37,IGHV_41,IGHV_6|PRCOUNT=1,2,1,1,3,3,2,1,1

- ACCATATGATACTCC
  STATUS: FOUND_DIFFERENT
  SMALL_HEADER: ACCATATGATACTCC|CONSCOUNT=1|PRIMER=IGHV_10|PRCOUNT=1
  LARGE_HEADER: ACCATATGATACTCC|CONSCOUNT=2|PRIMER=IGHV_10,IGHV_27|PRCOUNT=1,1

- GTCGCTGGTTAGGCG
  STATUS: FOUND_DIFFERENT
  SMALL_HEADER: GTCGCTGGTTAGGCG|CONSCOUNT=1|PRIMER=IGHV_27|PRCOUNT=1
  LARGE_HEADER: GTCGCTGGTTAGGCG|CONSCOUNT=2|PRIMER=IGHV_27|PRCOUNT=2

- TTACTAGTAACACTA
  STATUS: FOUND_DIFFERENT
  SMALL_HEADER: TTACTAGTAACACTA|CONSCOUNT=2|PRIMER=IGHV_14,IGHV_2|PRCOUNT=1,1
  LARGE_HEADER: TTACTAGTAACACTA|CONSCOUNT=84|PRIMER=IGHV_10,IGHV_11,IGHV_12,IGHV_13,IGHV_14,IGHV_2,IGHV_21,IGHV_26,IGHV_33,IGHV_36,IGHV_40,IGHV_41,IGHV_43,IGHV_45,IGHV_6,IGHV_8|PRCOUNT=4,3,6,5,14,14,2,3,4,3,1,4,3,4,9,5

- TCCGTTTGGTACCCG
  STATUS: FOUND_DIFFERENT
  SMALL_HEADER: TCCGTTTGGTACCCG|CONSCOUNT=2|PRIMER=IGHV_2,IGHV_40|PRCOUNT=1,1
  LARGE_HEADER: TCCGTTTGGTACCCG|CONSCOUNT=12|PRIMER=IGHV_11,IGHV_14,IGHV_16,IGHV_2,IGHV_28,IGHV_33,IGHV_37,IGHV_40,IGHV_6|PRCOUNT=1,1,1,2,2,2,1,1,1

- GTAATGTTACTTGGA
  STATUS: SAME_SEQUENCE
  SMALL_HEADER: GTAATGTTACTTGGA|CONSCOUNT=1|PRIMER=IGHV_2|PRCOUNT=1
  LARGE_HEADER: GTAATGTTACTTGGA|CONSCOUNT=3|PRIMER=IGHV_10,IGHV_2|PRCOUNT=1,2

- AAAGTAGGGAGGGGG
  STATUS: FOUND_DIFFERENT
  SMALL_HEADER: AAAGTAGGGAGGGGG|CONSCOUNT=1|PRIMER=IGHV_10|PRCOUNT=1
  LARGE_HEADER: AAAGTAGGGAGGGGG|CONSCOUNT=4|PRIMER=IGHV_10,IGHV_2|PRCOUNT=1,3

- ACGATGCGGCTGTTC
  STATUS: FOUND_DIFFERENT
  SMALL_HEADER: ACGATGCGGCTGTTC|CONSCOUNT=4|PRIMER=IGHV_15,IGHV_2|PRCOUNT=1,3
  LARGE_HEADER: ACGATGCGGCTGTTC|CONSCOUNT=13|PRIMER=IGHV_10,IGHV_12,IGHV_14,IGHV_15,IGHV_2|PRCOUNT=1,1,1,3,7

- AACGTATTCTACCGG
  STATUS: IDENTICAL
  SMALL_HEADER: AACGTATTCTACCGG|CONSCOUNT=1|PRIMER=IGHV_33|PRCOUNT=1
  LARGE_HEADER: AACGTATTCTACCGG|CONSCOUNT=1|PRIMER=IGHV_33|PRCOUNT=1

- GCTTACGTATACGTG
  STATUS: SAME_SEQUENCE
  SMALL_HEADER: GCTTACGTATACGTG|CONSCOUNT=3|PRIMER=IGHV_12,IGHV_2,IGHV_26|PRCOUNT=1,1,1
  LARGE_HEADER: GCTTACGTATACGTG|CONSCOUNT=6|PRIMER=IGHV_12,IGHV_2,IGHV_21,IGHV_26,IGHV_32|PRCOUNT=1,2,1,1,1

- CTTCTATGTGAGATC
  STATUS: IDENTICAL
  SMALL_HEADER: CTTCTATGTGAGATC|CONSCOUNT=1|PRIMER=IGHV_27|PRCOUNT=1
  LARGE_HEADER: CTTCTATGTGAGATC|CONSCOUNT=1|PRIMER=IGHV_27|PRCOUNT=1

- GGATCACGGCGTCAT
  STATUS: SAME_SEQUENCE
  SMALL_HEADER: GGATCACGGCGTCAT|CONSCOUNT=1|PRIMER=IGHV_37|PRCOUNT=1
  LARGE_HEADER: GGATCACGGCGTCAT|CONSCOUNT=23|PRIMER=IGHV_12,IGHV_37|PRCOUNT=1,22

- ATTATTCAGAAGTTT
  STATUS: FOUND_DIFFERENT
  SMALL_HEADER: ATTATTCAGAAGTTT|CONSCOUNT=1|PRIMER=IGHV_27|PRCOUNT=1
  LARGE_HEADER: ATTATTCAGAAGTTT|CONSCOUNT=5|PRIMER=IGHV_27|PRCOUNT=5

- GCGTGGCTGGAATGG
  STATUS: IDENTICAL
  SMALL_HEADER: GCGTGGCTGGAATGG|CONSCOUNT=1|PRIMER=IGHV_1|PRCOUNT=1
  LARGE_HEADER: GCGTGGCTGGAATGG|CONSCOUNT=1|PRIMER=IGHV_1|PRCOUNT=1

- GTTGCCTTCACTTTC
  STATUS: IDENTICAL
  SMALL_HEADER: GTTGCCTTCACTTTC|CONSCOUNT=1|PRIMER=IGHV_1|PRCOUNT=1
  LARGE_HEADER: GTTGCCTTCACTTTC|CONSCOUNT=1|PRIMER=IGHV_1|PRCOUNT=1

- TCAAGCCGATTGGCA
  STATUS: FOUND_DIFFERENT
  SMALL_HEADER: TCAAGCCGATTGGCA|CONSCOUNT=2|PRIMER=IGHV_27,IGHV_37|PRCOUNT=1,1
  LARGE_HEADER: TCAAGCCGATTGGCA|CONSCOUNT=5|PRIMER=IGHV_27,IGHV_37|PRCOUNT=4,1

- ACGAGGGGATTCCTA
  STATUS: FOUND_DIFFERENT
  SMALL_HEADER: ACGAGGGGATTCCTA|CONSCOUNT=3|PRIMER=IGHV_11,IGHV_14,IGHV_6|PRCOUNT=1,1,1
  LARGE_HEADER: ACGAGGGGATTCCTA|CONSCOUNT=12|PRIMER=IGHV_11,IGHV_12,IGHV_14,IGHV_2,IGHV_6|PRCOUNT=3,1,3,3,2

- TGCAATTCTCGCATA
  STATUS: FOUND_DIFFERENT
  SMALL_HEADER: TGCAATTCTCGCATA|CONSCOUNT=1|PRIMER=IGHV_2|PRCOUNT=1
  LARGE_HEADER: TGCAATTCTCGCATA|CONSCOUNT=2|PRIMER=IGHV_2,IGHV_37|PRCOUNT=1,1

- GTTGCCAACTGTTAA
  STATUS: SAME_SEQUENCE
  SMALL_HEADER: GTTGCCAACTGTTAA|CONSCOUNT=3|PRIMER=IGHV_2,IGHV_32,IGHV_40|PRCOUNT=1,1,1
  LARGE_HEADER: GTTGCCAACTGTTAA|CONSCOUNT=10|PRIMER=IGHV_10,IGHV_13,IGHV_2,IGHV_22,IGHV_28,IGHV_32,IGHV_40|PRCOUNT=2,1,3,1,1,1,1

- GTTAGAATGGAGGTA
  STATUS: FOUND_DIFFERENT
  SMALL_HEADER: GTTAGAATGGAGGTA|CONSCOUNT=1|PRIMER=IGHV_20|PRCOUNT=1
  LARGE_HEADER: GTTAGAATGGAGGTA|CONSCOUNT=4|PRIMER=IGHV_16,IGHV_17,IGHV_20|PRCOUNT=1,1,2

- GGCTCAAACAAATAC
  STATUS: FOUND_DIFFERENT
  SMALL_HEADER: GGCTCAAACAAATAC|CONSCOUNT=1|PRIMER=IGHV_33|PRCOUNT=1
  LARGE_HEADER: GGCTCAAACAAATAC|CONSCOUNT=2|PRIMER=IGHV_33|PRCOUNT=2

- AGAACCGCTAAAGCT
  STATUS: FOUND_DIFFERENT
  SMALL_HEADER: AGAACCGCTAAAGCT|CONSCOUNT=1|PRIMER=IGHV_2|PRCOUNT=1
  LARGE_HEADER: AGAACCGCTAAAGCT|CONSCOUNT=3|PRIMER=IGHV_10,IGHV_2,IGHV_26|PRCOUNT=1,1,1

- TAGACTGTGTCTTCA
  STATUS: IDENTICAL
  SMALL_HEADER: TAGACTGTGTCTTCA|CONSCOUNT=1|PRIMER=IGHV_37|PRCOUNT=1
  LARGE_HEADER: TAGACTGTGTCTTCA|CONSCOUNT=1|PRIMER=IGHV_37|PRCOUNT=1

- GCGTGAAGAGCTGGG
  STATUS: FOUND_DIFFERENT
  SMALL_HEADER: GCGTGAAGAGCTGGG|CONSCOUNT=2|PRIMER=IGHV_14|PRCOUNT=2
  LARGE_HEADER: GCGTGAAGAGCTGGG|CONSCOUNT=21|PRIMER=IGHV_1,IGHV_10,IGHV_12,IGHV_14,IGHV_21,IGHV_26,IGHV_37|PRCOUNT=7,1,1,5,1,1,5

- GTGCCTATTGGGGGT
  STATUS: FOUND_DIFFERENT
  SMALL_HEADER: GTGCCTATTGGGGGT|CONSCOUNT=2|PRIMER=IGHV_2,IGHV_28|PRCOUNT=1,1
  LARGE_HEADER: GTGCCTATTGGGGGT|CONSCOUNT=5|PRIMER=IGHV_2,IGHV_28,IGHV_30,IGHV_6|PRCOUNT=1,1,2,1

- GTTTTAATTTCTAGA
  STATUS: FOUND_DIFFERENT
  SMALL_HEADER: GTTTTAATTTCTAGA|CONSCOUNT=1|PRIMER=IGHV_27|PRCOUNT=1
  LARGE_HEADER: GTTTTAATTTCTAGA|CONSCOUNT=2|PRIMER=IGHV_27|PRCOUNT=2

- ATCTCTCTTAGTCCT
  STATUS: FOUND_DIFFERENT
  SMALL_HEADER: ATCTCTCTTAGTCCT|CONSCOUNT=1|PRIMER=IGHV_1|PRCOUNT=1
  LARGE_HEADER: ATCTCTCTTAGTCCT|CONSCOUNT=2|PRIMER=IGHV_1,IGHV_2|PRCOUNT=1,1

- TATAGATATCTAACC
  STATUS: FOUND_DIFFERENT
  SMALL_HEADER: TATAGATATCTAACC|CONSCOUNT=1|PRIMER=IGHV_21|PRCOUNT=1
  LARGE_HEADER: TATAGATATCTAACC|CONSCOUNT=4|PRIMER=IGHV_21,IGHV_32|PRCOUNT=3,1

- ATCCGGTATTGATCC
  STATUS: FOUND_DIFFERENT
  SMALL_HEADER: ATCCGGTATTGATCC|CONSCOUNT=3|PRIMER=IGHV_10,IGHV_2|PRCOUNT=1,2
  LARGE_HEADER: ATCCGGTATTGATCC|CONSCOUNT=23|PRIMER=IGHV_10,IGHV_13,IGHV_14,IGHV_2,IGHV_21,IGHV_22,IGHV_26,IGHV_32,IGHV_33,IGHV_36,IGHV_40|PRCOUNT=1,2,1,11,1,1,1,1,2,1,1

- ACTGAGCGATTTATG
  STATUS: SAME_SEQUENCE
  SMALL_HEADER: ACTGAGCGATTTATG|CONSCOUNT=3|PRIMER=IGHV_2,IGHV_26,IGHV_32|PRCOUNT=1,1,1
  LARGE_HEADER: ACTGAGCGATTTATG|CONSCOUNT=10|PRIMER=IGHV_13,IGHV_14,IGHV_2,IGHV_26,IGHV_32,IGHV_40|PRCOUNT=1,1,4,1,2,1

- TCAAACGAAGTGCCT
  STATUS: FOUND_DIFFERENT
  SMALL_HEADER: TCAAACGAAGTGCCT|CONSCOUNT=1|PRIMER=IGHV_32|PRCOUNT=1
  LARGE_HEADER: TCAAACGAAGTGCCT|CONSCOUNT=3|PRIMER=IGHV_2,IGHV_32|PRCOUNT=2,1

- TCATGAGTGGATATT
  STATUS: SAME_SEQUENCE
  SMALL_HEADER: TCATGAGTGGATATT|CONSCOUNT=4|PRIMER=IGHV_14,IGHV_2|PRCOUNT=2,2
  LARGE_HEADER: TCATGAGTGGATATT|CONSCOUNT=12|PRIMER=IGHV_14,IGHV_15,IGHV_2,IGHV_22,IGHV_33|PRCOUNT=2,1,7,1,1

- GGTACAGACGAGTCA
  STATUS: SAME_SEQUENCE
  SMALL_HEADER: GGTACAGACGAGTCA|CONSCOUNT=6|PRIMER=IGHV_14,IGHV_4,IGHV_40,IGHV_45|PRCOUNT=2,1,1,2
  LARGE_HEADER: GGTACAGACGAGTCA|CONSCOUNT=45|PRIMER=IGHV_11,IGHV_14,IGHV_20,IGHV_26,IGHV_28,IGHV_30,IGHV_4,IGHV_40,IGHV_45|PRCOUNT=4,12,1,1,2,2,8,3,12

- GGGGTATCGTAAGAT
  STATUS: FOUND_DIFFERENT
  SMALL_HEADER: GGGGTATCGTAAGAT|CONSCOUNT=1|PRIMER=IGHV_45|PRCOUNT=1
  LARGE_HEADER: GGGGTATCGTAAGAT|CONSCOUNT=2|PRIMER=IGHV_14,IGHV_45|PRCOUNT=1,1

- TTAGAGTGAACTAAT
  STATUS: SAME_SEQUENCE
  SMALL_HEADER: TTAGAGTGAACTAAT|CONSCOUNT=2|PRIMER=IGHV_27|PRCOUNT=2
  LARGE_HEADER: TTAGAGTGAACTAAT|CONSCOUNT=6|PRIMER=IGHV_15,IGHV_27|PRCOUNT=1,5

- ATCTTGAGGTCTTAA
  STATUS: IDENTICAL
  SMALL_HEADER: ATCTTGAGGTCTTAA|CONSCOUNT=1|PRIMER=IGHV_14|PRCOUNT=1
  LARGE_HEADER: ATCTTGAGGTCTTAA|CONSCOUNT=1|PRIMER=IGHV_14|PRCOUNT=1

- GAATGGATTGCGACT
  STATUS: FOUND_DIFFERENT
  SMALL_HEADER: GAATGGATTGCGACT|CONSCOUNT=1|PRIMER=IGHV_22|PRCOUNT=1
  LARGE_HEADER: GAATGGATTGCGACT|CONSCOUNT=30|PRIMER=IGHV_10,IGHV_11,IGHV_13,IGHV_14,IGHV_2,IGHV_22,IGHV_28,IGHV_36,IGHV_40,IGHV_43|PRCOUNT=1,1,1,1,19,3,1,1,1,1

- ATTATGTTGAGAGCG
  STATUS: IDENTICAL
  SMALL_HEADER: ATTATGTTGAGAGCG|CONSCOUNT=1|PRIMER=IGHV_2|PRCOUNT=1
  LARGE_HEADER: ATTATGTTGAGAGCG|CONSCOUNT=1|PRIMER=IGHV_2|PRCOUNT=1

- TTCACATCGGCTTTG
  STATUS: FOUND_DIFFERENT
  SMALL_HEADER: TTCACATCGGCTTTG|CONSCOUNT=2|PRIMER=IGHV_11,IGHV_33|PRCOUNT=1,1
  LARGE_HEADER: TTCACATCGGCTTTG|CONSCOUNT=7|PRIMER=IGHV_11,IGHV_13,IGHV_2,IGHV_33|PRCOUNT=1,1,2,3

- GGGATCTAGGCTGGG
  STATUS: FOUND_DIFFERENT
  SMALL_HEADER: GGGATCTAGGCTGGG|CONSCOUNT=1|PRIMER=IGHV_10|PRCOUNT=1
  LARGE_HEADER: GGGATCTAGGCTGGG|CONSCOUNT=2|PRIMER=IGHV_10|PRCOUNT=2

- CTTCTTTGGGGTGGG
  STATUS: FOUND_DIFFERENT
  SMALL_HEADER: CTTCTTTGGGGTGGG|CONSCOUNT=1|PRIMER=IGHV_35|PRCOUNT=1
  LARGE_HEADER: CTTCTTTGGGGTGGG|CONSCOUNT=2|PRIMER=IGHV_35|PRCOUNT=2

- CGAGTAGTTTAGAAT
  STATUS: IDENTICAL
  SMALL_HEADER: CGAGTAGTTTAGAAT|CONSCOUNT=1|PRIMER=IGHV_2|PRCOUNT=1
  LARGE_HEADER: CGAGTAGTTTAGAAT|CONSCOUNT=1|PRIMER=IGHV_2|PRCOUNT=1

- ATACTATAGGAACGC
  STATUS: SAME_SEQUENCE
  SMALL_HEADER: ATACTATAGGAACGC|CONSCOUNT=2|PRIMER=IGHV_2,IGHV_45|PRCOUNT=1,1
  LARGE_HEADER: ATACTATAGGAACGC|CONSCOUNT=3|PRIMER=IGHV_2,IGHV_45|PRCOUNT=2,1

- TTTTAACGAACATTT
  STATUS: FOUND_DIFFERENT
  SMALL_HEADER: TTTTAACGAACATTT|CONSCOUNT=1|PRIMER=IGHV_26|PRCOUNT=1
  LARGE_HEADER: TTTTAACGAACATTT|CONSCOUNT=3|PRIMER=IGHV_15,IGHV_26,IGHV_33|PRCOUNT=1,1,1

- GCTTTATCCGCTAGG
  STATUS: SAME_SEQUENCE
  SMALL_HEADER: GCTTTATCCGCTAGG|CONSCOUNT=2|PRIMER=IGHV_12,IGHV_37|PRCOUNT=1,1
  LARGE_HEADER: GCTTTATCCGCTAGG|CONSCOUNT=4|PRIMER=IGHV_11,IGHV_12,IGHV_14,IGHV_37|PRCOUNT=1,1,1,1

- CTCGGGGGATAGTTG
  STATUS: IDENTICAL
  SMALL_HEADER: CTCGGGGGATAGTTG|CONSCOUNT=1|PRIMER=IGHV_17|PRCOUNT=1
  LARGE_HEADER: CTCGGGGGATAGTTG|CONSCOUNT=1|PRIMER=IGHV_17|PRCOUNT=1

- CGGAGCTCTGTAAAC
  STATUS: FOUND_DIFFERENT
  SMALL_HEADER: CGGAGCTCTGTAAAC|CONSCOUNT=2|PRIMER=IGHV_12,IGHV_2|PRCOUNT=1,1
  LARGE_HEADER: CGGAGCTCTGTAAAC|CONSCOUNT=8|PRIMER=IGHV_10,IGHV_11,IGHV_12,IGHV_14,IGHV_2,IGHV_33|PRCOUNT=1,1,1,3,1,1

- CAAAAAGCTGCTAAT
  STATUS: FOUND_DIFFERENT
  SMALL_HEADER: CAAAAAGCTGCTAAT|CONSCOUNT=1|PRIMER=IGHV_2|PRCOUNT=1
  LARGE_HEADER: CAAAAAGCTGCTAAT|CONSCOUNT=2|PRIMER=IGHV_15,IGHV_2|PRCOUNT=1,1

- TATGATACAGGTTTT
  STATUS: FOUND_DIFFERENT
  SMALL_HEADER: TATGATACAGGTTTT|CONSCOUNT=2|PRIMER=IGHV_15,IGHV_2|PRCOUNT=1,1
  LARGE_HEADER: TATGATACAGGTTTT|CONSCOUNT=9|PRIMER=IGHV_13,IGHV_15,IGHV_2,IGHV_21,IGHV_33,IGHV_6|PRCOUNT=1,1,3,2,1,1

- CCATTCACTACTTTA
  STATUS: FOUND_DIFFERENT
  SMALL_HEADER: CCATTCACTACTTTA|CONSCOUNT=1|PRIMER=IGHV_20|PRCOUNT=1
  LARGE_HEADER: CCATTCACTACTTTA|CONSCOUNT=2|PRIMER=IGHV_17,IGHV_20|PRCOUNT=1,1

- GTCTGCTTGTCACTG
  STATUS: SAME_SEQUENCE
  SMALL_HEADER: GTCTGCTTGTCACTG|CONSCOUNT=2|PRIMER=IGHV_1|PRCOUNT=2
  LARGE_HEADER: GTCTGCTTGTCACTG|CONSCOUNT=16|PRIMER=IGHV_1,IGHV_30|PRCOUNT=15,1

- TTTTACACCCTATGA
  STATUS: IDENTICAL
  SMALL_HEADER: TTTTACACCCTATGA|CONSCOUNT=1|PRIMER=IGHV_2|PRCOUNT=1
  LARGE_HEADER: TTTTACACCCTATGA|CONSCOUNT=1|PRIMER=IGHV_2|PRCOUNT=1

- TGAAGGATGTCGGGT
  STATUS: FOUND_DIFFERENT
  SMALL_HEADER: TGAAGGATGTCGGGT|CONSCOUNT=2|PRIMER=IGHV_2,IGHV_6|PRCOUNT=1,1
  LARGE_HEADER: TGAAGGATGTCGGGT|CONSCOUNT=10|PRIMER=IGHV_2,IGHV_25,IGHV_26,IGHV_6|PRCOUNT=7,1,1,1

- ATAAATTATGTTTCT
  STATUS: IDENTICAL
  SMALL_HEADER: ATAAATTATGTTTCT|CONSCOUNT=4|PRIMER=IGHV_13,IGHV_2,IGHV_37|PRCOUNT=1,2,1
  LARGE_HEADER: ATAAATTATGTTTCT|CONSCOUNT=4|PRIMER=IGHV_13,IGHV_2,IGHV_37|PRCOUNT=1,2,1

- TTACCAGCTTCTTTT
  STATUS: IDENTICAL
  SMALL_HEADER: TTACCAGCTTCTTTT|CONSCOUNT=1|PRIMER=IGHV_21|PRCOUNT=1
  LARGE_HEADER: TTACCAGCTTCTTTT|CONSCOUNT=1|PRIMER=IGHV_21|PRCOUNT=1

- TTAATCATGTATTAT
  STATUS: FOUND_DIFFERENT
  SMALL_HEADER: TTAATCATGTATTAT|CONSCOUNT=2|PRIMER=IGHV_10,IGHV_2|PRCOUNT=1,1
  LARGE_HEADER: TTAATCATGTATTAT|CONSCOUNT=7|PRIMER=IGHV_10,IGHV_2,IGHV_21,IGHV_32|PRCOUNT=1,4,1,1

- ACTTGGCATTAAATG
  STATUS: IDENTICAL
  SMALL_HEADER: ACTTGGCATTAAATG|CONSCOUNT=1|PRIMER=IGHV_32|PRCOUNT=1
  LARGE_HEADER: ACTTGGCATTAAATG|CONSCOUNT=1|PRIMER=IGHV_32|PRCOUNT=1

- ACCATGTGTATAGTC
  STATUS: FOUND_DIFFERENT
  SMALL_HEADER: ACCATGTGTATAGTC|CONSCOUNT=1|PRIMER=IGHV_27|PRCOUNT=1
  LARGE_HEADER: ACCATGTGTATAGTC|CONSCOUNT=2|PRIMER=IGHV_27|PRCOUNT=2

- TATAAAACTTGTTAT
  STATUS: FOUND_DIFFERENT
  SMALL_HEADER: TATAAAACTTGTTAT|CONSCOUNT=4|PRIMER=IGHV_10,IGHV_15,IGHV_32,IGHV_33|PRCOUNT=1,1,1,1
  LARGE_HEADER: TATAAAACTTGTTAT|CONSCOUNT=19|PRIMER=IGHV_10,IGHV_14,IGHV_15,IGHV_16,IGHV_2,IGHV_21,IGHV_26,IGHV_28,IGHV_30,IGHV_32,IGHV_33,IGHV_36,IGHV_40|PRCOUNT=1,2,1,1,3,1,1,1,1,2,2,2,1

- CGGGCATGTACTCGT
  STATUS: FOUND_DIFFERENT
  SMALL_HEADER: CGGGCATGTACTCGT|CONSCOUNT=1|PRIMER=IGHV_43|PRCOUNT=1
  LARGE_HEADER: CGGGCATGTACTCGT|CONSCOUNT=145|PRIMER=IGHV_10,IGHV_13,IGHV_14,IGHV_15,IGHV_2,IGHV_21,IGHV_22,IGHV_32,IGHV_33,IGHV_36,IGHV_40,IGHV_43|PRCOUNT=6,5,2,2,97,2,7,5,9,1,4,5

- GTAGAGTGTGCATGA
  STATUS: FOUND_DIFFERENT
  SMALL_HEADER: GTAGAGTGTGCATGA|CONSCOUNT=1|PRIMER=IGHV_10|PRCOUNT=1
  LARGE_HEADER: GTAGAGTGTGCATGA|CONSCOUNT=7|PRIMER=IGHV_10,IGHV_14,IGHV_15,IGHV_2,IGHV_33|PRCOUNT=2,1,1,2,1

- TCTCGGCATTAATTA
  STATUS: SAME_SEQUENCE
  SMALL_HEADER: TCTCGGCATTAATTA|CONSCOUNT=4|PRIMER=IGHV_2,IGHV_36,IGHV_9|PRCOUNT=2,1,1
  LARGE_HEADER: TCTCGGCATTAATTA|CONSCOUNT=8|PRIMER=IGHV_2,IGHV_33,IGHV_36,IGHV_40,IGHV_9|PRCOUNT=4,1,1,1,1

- TACCGAAACATTCGT
  STATUS: SAME_SEQUENCE
  SMALL_HEADER: TACCGAAACATTCGT|CONSCOUNT=4|PRIMER=IGHV_2,IGHV_26|PRCOUNT=3,1
  LARGE_HEADER: TACCGAAACATTCGT|CONSCOUNT=14|PRIMER=IGHV_14,IGHV_15,IGHV_2,IGHV_26,IGHV_28,IGHV_32|PRCOUNT=2,1,8,1,1,1

- GGGTTCTTGAGTTCA
  STATUS: SAME_SEQUENCE
  SMALL_HEADER: GGGTTCTTGAGTTCA|CONSCOUNT=3|PRIMER=IGHV_13,IGHV_2,IGHV_21|PRCOUNT=1,1,1
  LARGE_HEADER: GGGTTCTTGAGTTCA|CONSCOUNT=5|PRIMER=IGHV_13,IGHV_2,IGHV_21,IGHV_6|PRCOUNT=1,2,1,1

- TTCGGTGGGGAGATG
  STATUS: FOUND_DIFFERENT
  SMALL_HEADER: TTCGGTGGGGAGATG|CONSCOUNT=2|PRIMER=IGHV_35|PRCOUNT=2
  LARGE_HEADER: TTCGGTGGGGAGATG|CONSCOUNT=6|PRIMER=IGHV_35,IGHV_37|PRCOUNT=5,1

- GATAGAGCTTTTCGC
  STATUS: IDENTICAL
  SMALL_HEADER: GATAGAGCTTTTCGC|CONSCOUNT=1|PRIMER=IGHV_32|PRCOUNT=1
  LARGE_HEADER: GATAGAGCTTTTCGC|CONSCOUNT=1|PRIMER=IGHV_32|PRCOUNT=1

- GGAATCTTGGCACGT
  STATUS: IDENTICAL
  SMALL_HEADER: GGAATCTTGGCACGT|CONSCOUNT=1|PRIMER=IGHV_39|PRCOUNT=1
  LARGE_HEADER: GGAATCTTGGCACGT|CONSCOUNT=1|PRIMER=IGHV_39|PRCOUNT=1

- GTCGCTCAACGCCTG
  STATUS: SAME_SEQUENCE
  SMALL_HEADER: GTCGCTCAACGCCTG|CONSCOUNT=3|PRIMER=IGHV_10,IGHV_2,IGHV_21|PRCOUNT=1,1,1
  LARGE_HEADER: GTCGCTCAACGCCTG|CONSCOUNT=8|PRIMER=IGHV_10,IGHV_2,IGHV_21,IGHV_41|PRCOUNT=1,5,1,1

- TCGTTCTGCCTTGTT
  STATUS: SAME_SEQUENCE
  SMALL_HEADER: TCGTTCTGCCTTGTT|CONSCOUNT=3|PRIMER=IGHV_10,IGHV_28,IGHV_33|PRCOUNT=1,1,1
  LARGE_HEADER: TCGTTCTGCCTTGTT|CONSCOUNT=5|PRIMER=IGHV_10,IGHV_28,IGHV_32,IGHV_33|PRCOUNT=2,1,1,1

- ATTAAGCATATGGAA
  STATUS: FOUND_DIFFERENT
  SMALL_HEADER: ATTAAGCATATGGAA|CONSCOUNT=1|PRIMER=IGHV_40|PRCOUNT=1
  LARGE_HEADER: ATTAAGCATATGGAA|CONSCOUNT=2|PRIMER=IGHV_2,IGHV_40|PRCOUNT=1,1

- GGTCGGTTGCTGTTT
  STATUS: FOUND_DIFFERENT
  SMALL_HEADER: GGTCGGTTGCTGTTT|CONSCOUNT=3|PRIMER=IGHV_2,IGHV_36|PRCOUNT=2,1
  LARGE_HEADER: GGTCGGTTGCTGTTT|CONSCOUNT=15|PRIMER=IGHV_13,IGHV_14,IGHV_15,IGHV_2,IGHV_26,IGHV_28,IGHV_32,IGHV_33,IGHV_36|PRCOUNT=1,1,1,5,1,2,2,1,1

- AAACATCTCAGAAGG
  STATUS: IDENTICAL
  SMALL_HEADER: AAACATCTCAGAAGG|CONSCOUNT=1|PRIMER=IGHV_14|PRCOUNT=1
  LARGE_HEADER: AAACATCTCAGAAGG|CONSCOUNT=1|PRIMER=IGHV_14|PRCOUNT=1

- TGTACCGTCTAGATT
  STATUS: SAME_SEQUENCE
  SMALL_HEADER: TGTACCGTCTAGATT|CONSCOUNT=1|PRIMER=IGHV_17|PRCOUNT=1
  LARGE_HEADER: TGTACCGTCTAGATT|CONSCOUNT=5|PRIMER=IGHV_1,IGHV_17|PRCOUNT=1,4

- CAGAGGGGTTAGGCT
  STATUS: FOUND_DIFFERENT
  SMALL_HEADER: CAGAGGGGTTAGGCT|CONSCOUNT=1|PRIMER=IGHV_39|PRCOUNT=1
  LARGE_HEADER: CAGAGGGGTTAGGCT|CONSCOUNT=19|PRIMER=IGHV_12,IGHV_15,IGHV_28,IGHV_36,IGHV_39,IGHV_4|PRCOUNT=1,1,1,2,5,9

- GTCCTCCACGTAGTT
  STATUS: FOUND_DIFFERENT
  SMALL_HEADER: GTCCTCCACGTAGTT|CONSCOUNT=2|PRIMER=IGHV_12|PRCOUNT=2
  LARGE_HEADER: GTCCTCCACGTAGTT|CONSCOUNT=4|PRIMER=IGHV_12|PRCOUNT=4

- GCAAAATTTATCATA
  STATUS: FOUND_DIFFERENT
  SMALL_HEADER: GCAAAATTTATCATA|CONSCOUNT=1|PRIMER=IGHV_27|PRCOUNT=1
  LARGE_HEADER: GCAAAATTTATCATA|CONSCOUNT=3|PRIMER=IGHV_27|PRCOUNT=3

- GTTTATCTCACACCT
  STATUS: FOUND_DIFFERENT
  SMALL_HEADER: GTTTATCTCACACCT|CONSCOUNT=2|PRIMER=IGHV_2,IGHV_4|PRCOUNT=1,1
  LARGE_HEADER: GTTTATCTCACACCT|CONSCOUNT=38|PRIMER=IGHV_12,IGHV_13,IGHV_14,IGHV_2,IGHV_22,IGHV_26,IGHV_28,IGHV_4,IGHV_45,IGHV_9|PRCOUNT=1,2,8,1,2,3,1,15,4,1

- TTATCTCATATCAAC
  STATUS: FOUND_DIFFERENT
  SMALL_HEADER: TTATCTCATATCAAC|CONSCOUNT=1|PRIMER=IGHV_27|PRCOUNT=1
  LARGE_HEADER: TTATCTCATATCAAC|CONSCOUNT=3|PRIMER=IGHV_27|PRCOUNT=3

- GAATCGACATGATAT
  STATUS: SAME_SEQUENCE
  SMALL_HEADER: GAATCGACATGATAT|CONSCOUNT=3|PRIMER=IGHV_2|PRCOUNT=3
  LARGE_HEADER: GAATCGACATGATAT|CONSCOUNT=17|PRIMER=IGHV_10,IGHV_11,IGHV_13,IGHV_15,IGHV_2,IGHV_22,IGHV_32,IGHV_36,IGHV_40|PRCOUNT=1,1,1,1,9,1,1,1,1

- TTATGTGTGGGCTGT
  STATUS: FOUND_DIFFERENT
  SMALL_HEADER: TTATGTGTGGGCTGT|CONSCOUNT=1|PRIMER=IGHV_30|PRCOUNT=1
  LARGE_HEADER: TTATGTGTGGGCTGT|CONSCOUNT=10|PRIMER=IGHV_10,IGHV_13,IGHV_2,IGHV_30,IGHV_43|PRCOUNT=2,1,5,1,1

- TCCTAAGTGACTTCA
  STATUS: FOUND_DIFFERENT
  SMALL_HEADER: TCCTAAGTGACTTCA|CONSCOUNT=1|PRIMER=IGHV_22|PRCOUNT=1
  LARGE_HEADER: TCCTAAGTGACTTCA|CONSCOUNT=4|PRIMER=IGHV_2,IGHV_22,IGHV_26,IGHV_32|PRCOUNT=1,1,1,1

- AGAAGTTTGTAGGGG
  STATUS: SAME_SEQUENCE
  SMALL_HEADER: AGAAGTTTGTAGGGG|CONSCOUNT=6|PRIMER=IGHV_13,IGHV_14,IGHV_2,IGHV_32,IGHV_40|PRCOUNT=2,1,1,1,1
  LARGE_HEADER: AGAAGTTTGTAGGGG|CONSCOUNT=11|PRIMER=IGHV_10,IGHV_12,IGHV_13,IGHV_14,IGHV_2,IGHV_22,IGHV_32,IGHV_40|PRCOUNT=1,1,2,2,2,1,1,1

- CAATGTATATTCTAT
  STATUS: IDENTICAL
  SMALL_HEADER: CAATGTATATTCTAT|CONSCOUNT=1|PRIMER=IGHV_45|PRCOUNT=1
  LARGE_HEADER: CAATGTATATTCTAT|CONSCOUNT=1|PRIMER=IGHV_45|PRCOUNT=1

- TTACTATATTTACTT
  STATUS: FOUND_DIFFERENT
  SMALL_HEADER: TTACTATATTTACTT|CONSCOUNT=1|PRIMER=IGHV_27|PRCOUNT=1
  LARGE_HEADER: TTACTATATTTACTT|CONSCOUNT=2|PRIMER=IGHV_27|PRCOUNT=2

- GAAGAATTCCTCAAC
  STATUS: FOUND_DIFFERENT
  SMALL_HEADER: GAAGAATTCCTCAAC|CONSCOUNT=1|PRIMER=IGHV_14|PRCOUNT=1
  LARGE_HEADER: GAAGAATTCCTCAAC|CONSCOUNT=2|PRIMER=IGHV_14|PRCOUNT=2

- ATCGCTGCTCTCCAT
  STATUS: SAME_SEQUENCE
  SMALL_HEADER: ATCGCTGCTCTCCAT|CONSCOUNT=6|PRIMER=IGHV_14,IGHV_2,IGHV_21|PRCOUNT=1,4,1
  LARGE_HEADER: ATCGCTGCTCTCCAT|CONSCOUNT=19|PRIMER=IGHV_10,IGHV_14,IGHV_2,IGHV_21,IGHV_26,IGHV_32,IGHV_33,IGHV_36,IGHV_40|PRCOUNT=2,2,9,1,1,1,1,1,1

- CAATAGCATTAGTGC
  STATUS: FOUND_DIFFERENT
  SMALL_HEADER: CAATAGCATTAGTGC|CONSCOUNT=5|PRIMER=IGHV_13,IGHV_2,IGHV_30|PRCOUNT=1,3,1
  LARGE_HEADER: CAATAGCATTAGTGC|CONSCOUNT=11|PRIMER=IGHV_10,IGHV_13,IGHV_14,IGHV_15,IGHV_2,IGHV_26,IGHV_30|PRCOUNT=2,1,1,1,4,1,1

- AACGCACCTTCACTT
  STATUS: FOUND_DIFFERENT
  SMALL_HEADER: AACGCACCTTCACTT|CONSCOUNT=4|PRIMER=IGHV_2,IGHV_32,IGHV_33,IGHV_40|PRCOUNT=1,1,1,1
  LARGE_HEADER: AACGCACCTTCACTT|CONSCOUNT=59|PRIMER=IGHV_10,IGHV_13,IGHV_2,IGHV_21,IGHV_22,IGHV_26,IGHV_28,IGHV_30,IGHV_32,IGHV_33,IGHV_37,IGHV_40|PRCOUNT=2,1,29,2,5,5,1,1,3,7,1,2

- ACAATAGATAAGCTT
  STATUS: FOUND_DIFFERENT
  SMALL_HEADER: ACAATAGATAAGCTT|CONSCOUNT=2|PRIMER=IGHV_28,IGHV_37|PRCOUNT=1,1
  LARGE_HEADER: ACAATAGATAAGCTT|CONSCOUNT=6|PRIMER=IGHV_2,IGHV_26,IGHV_28,IGHV_37|PRCOUNT=3,1,1,1

- AGAAGCTAATATATG
  STATUS: SAME_SEQUENCE
  SMALL_HEADER: AGAAGCTAATATATG|CONSCOUNT=4|PRIMER=IGHV_35,IGHV_38|PRCOUNT=3,1
  LARGE_HEADER: AGAAGCTAATATATG|CONSCOUNT=13|PRIMER=IGHV_35,IGHV_38|PRCOUNT=11,2

- TAGAAGAAGTAGTAT
  STATUS: FOUND_DIFFERENT
  SMALL_HEADER: TAGAAGAAGTAGTAT|CONSCOUNT=1|PRIMER=IGHV_10|PRCOUNT=1
  LARGE_HEADER: TAGAAGAAGTAGTAT|CONSCOUNT=2|PRIMER=IGHV_10,IGHV_27|PRCOUNT=1,1

- ATTACTCTTGCGCAT
  STATUS: SAME_SEQUENCE
  SMALL_HEADER: ATTACTCTTGCGCAT|CONSCOUNT=5|PRIMER=IGHV_13,IGHV_2,IGHV_35,IGHV_36|PRCOUNT=1,1,2,1
  LARGE_HEADER: ATTACTCTTGCGCAT|CONSCOUNT=58|PRIMER=IGHV_10,IGHV_13,IGHV_14,IGHV_15,IGHV_2,IGHV_22,IGHV_26,IGHV_32,IGHV_33,IGHV_35,IGHV_36,IGHV_38|PRCOUNT=2,5,1,1,6,2,1,3,2,14,9,12

- TTAGTATGTTGCGGT
  STATUS: FOUND_DIFFERENT
  SMALL_HEADER: TTAGTATGTTGCGGT|CONSCOUNT=1|PRIMER=IGHV_2|PRCOUNT=1
  LARGE_HEADER: TTAGTATGTTGCGGT|CONSCOUNT=4|PRIMER=IGHV_2,IGHV_32|PRCOUNT=3,1

- ACTAACATTCTAGGT
  STATUS: IDENTICAL
  SMALL_HEADER: ACTAACATTCTAGGT|CONSCOUNT=1|PRIMER=IGHV_27|PRCOUNT=1
  LARGE_HEADER: ACTAACATTCTAGGT|CONSCOUNT=1|PRIMER=IGHV_27|PRCOUNT=1

- GGAGGGTGGCTCGGG
  STATUS: SAME_SEQUENCE
  SMALL_HEADER: GGAGGGTGGCTCGGG|CONSCOUNT=6|PRIMER=IGHV_10,IGHV_13,IGHV_2,IGHV_26,IGHV_35|PRCOUNT=1,1,2,1,1
  LARGE_HEADER: GGAGGGTGGCTCGGG|CONSCOUNT=69|PRIMER=IGHV_1,IGHV_10,IGHV_13,IGHV_14,IGHV_15,IGHV_2,IGHV_22,IGHV_26,IGHV_32,IGHV_33,IGHV_35,IGHV_40,IGHV_41,IGHV_8|PRCOUNT=1,8,6,1,2,34,2,4,3,4,1,1,1,1

- AGGTCGGATACACTA
  STATUS: FOUND_DIFFERENT
  SMALL_HEADER: AGGTCGGATACACTA|CONSCOUNT=1|PRIMER=IGHV_27|PRCOUNT=1
  LARGE_HEADER: AGGTCGGATACACTA|CONSCOUNT=2|PRIMER=IGHV_27|PRCOUNT=2

- GGGGTGGGTTGTTAT
  STATUS: IDENTICAL
  SMALL_HEADER: GGGGTGGGTTGTTAT|CONSCOUNT=1|PRIMER=IGHV_2|PRCOUNT=1
  LARGE_HEADER: GGGGTGGGTTGTTAT|CONSCOUNT=1|PRIMER=IGHV_2|PRCOUNT=1

- ACAAGAGTAGAGGGG
  STATUS: SAME_SEQUENCE
  SMALL_HEADER: ACAAGAGTAGAGGGG|CONSCOUNT=1|PRIMER=IGHV_11|PRCOUNT=1
  LARGE_HEADER: ACAAGAGTAGAGGGG|CONSCOUNT=4|PRIMER=IGHV_11,IGHV_2,IGHV_33|PRCOUNT=1,2,1

- CTTAGAGTCCCTACA
  STATUS: FOUND_DIFFERENT
  SMALL_HEADER: CTTAGAGTCCCTACA|CONSCOUNT=1|PRIMER=IGHV_1|PRCOUNT=1
  LARGE_HEADER: CTTAGAGTCCCTACA|CONSCOUNT=2|PRIMER=IGHV_1,IGHV_27|PRCOUNT=1,1

- TTTGTCCCCCAGTAA
  STATUS: FOUND_DIFFERENT
  SMALL_HEADER: TTTGTCCCCCAGTAA|CONSCOUNT=6|PRIMER=IGHV_2,IGHV_21,IGHV_26|PRCOUNT=3,1,2
  LARGE_HEADER: TTTGTCCCCCAGTAA|CONSCOUNT=179|PRIMER=IGHV_10,IGHV_11,IGHV_12,IGHV_13,IGHV_14,IGHV_15,IGHV_2,IGHV_21,IGHV_22,IGHV_26,IGHV_28,IGHV_30,IGHV_32,IGHV_33,IGHV_36,IGHV_37,IGHV_40,IGHV_43,IGHV_45,IGHV_8|PRCOUNT=8,1,2,25,1,2,65,11,26,6,6,8,1,4,2,1,2,2,5,1

- TTTTTAAAATTAATA
  STATUS: FOUND_DIFFERENT
  SMALL_HEADER: TTTTTAAAATTAATA|CONSCOUNT=3|PRIMER=IGHV_2|PRCOUNT=3
  LARGE_HEADER: TTTTTAAAATTAATA|CONSCOUNT=6|PRIMER=IGHV_14,IGHV_2,IGHV_40|PRCOUNT=1,4,1

- ATAGTATCGCCAGCA
  STATUS: FOUND_DIFFERENT
  SMALL_HEADER: ATAGTATCGCCAGCA|CONSCOUNT=1|PRIMER=IGHV_21|PRCOUNT=1
  LARGE_HEADER: ATAGTATCGCCAGCA|CONSCOUNT=4|PRIMER=IGHV_2,IGHV_21,IGHV_26|PRCOUNT=2,1,1

- GACTGGGCGGGGCTG
  STATUS: FOUND_DIFFERENT
  SMALL_HEADER: GACTGGGCGGGGCTG|CONSCOUNT=1|PRIMER=IGHV_2|PRCOUNT=1
  LARGE_HEADER: GACTGGGCGGGGCTG|CONSCOUNT=2|PRIMER=IGHV_2,IGHV_36|PRCOUNT=1,1

- GCGTGGGCACGTGCA
  STATUS: FOUND_DIFFERENT
  SMALL_HEADER: GCGTGGGCACGTGCA|CONSCOUNT=4|PRIMER=IGHV_12,IGHV_28|PRCOUNT=2,2
  LARGE_HEADER: GCGTGGGCACGTGCA|CONSCOUNT=217|PRIMER=IGHV_10,IGHV_11,IGHV_12,IGHV_13,IGHV_14,IGHV_15,IGHV_16,IGHV_2,IGHV_20,IGHV_21,IGHV_22,IGHV_26,IGHV_28,IGHV_30,IGHV_32,IGHV_33,IGHV_35,IGHV_36,IGHV_37,IGHV_4,IGHV_40,IGHV_41,IGHV_6,IGHV_8,IGHV_9|PRCOUNT=12,7,16,10,23,7,3,38,1,6,7,10,23,10,4,1,1,5,3,2,8,1,9,9,1

- CTTTCGTGTGGCTCT
  STATUS: FOUND_DIFFERENT
  SMALL_HEADER: CTTTCGTGTGGCTCT|CONSCOUNT=1|PRIMER=IGHV_6|PRCOUNT=1
  LARGE_HEADER: CTTTCGTGTGGCTCT|CONSCOUNT=6|PRIMER=IGHV_11,IGHV_14,IGHV_28,IGHV_36,IGHV_6,IGHV_9|PRCOUNT=1,1,1,1,1,1

- GGGGGCTAGGGACTT
  STATUS: FOUND_DIFFERENT
  SMALL_HEADER: GGGGGCTAGGGACTT|CONSCOUNT=2|PRIMER=IGHV_12,IGHV_28|PRCOUNT=1,1
  LARGE_HEADER: GGGGGCTAGGGACTT|CONSCOUNT=16|PRIMER=IGHV_11,IGHV_12,IGHV_13,IGHV_14,IGHV_21,IGHV_28,IGHV_30|PRCOUNT=3,1,2,2,2,4,2

- TAATATTCCATGGTA
  STATUS: FOUND_DIFFERENT
  SMALL_HEADER: TAATATTCCATGGTA|CONSCOUNT=1|PRIMER=IGHV_37|PRCOUNT=1
  LARGE_HEADER: TAATATTCCATGGTA|CONSCOUNT=4|PRIMER=IGHV_20,IGHV_35,IGHV_37|PRCOUNT=2,1,1

- GCCATTCACTAGCTG
  STATUS: SAME_SEQUENCE
  SMALL_HEADER: GCCATTCACTAGCTG|CONSCOUNT=1|PRIMER=IGHV_2|PRCOUNT=1
  LARGE_HEADER: GCCATTCACTAGCTG|CONSCOUNT=13|PRIMER=IGHV_11,IGHV_2,IGHV_32,IGHV_33,IGHV_36,IGHV_40|PRCOUNT=3,6,1,1,1,1

- TGTCCGAAAGGGGCG
  STATUS: FOUND_DIFFERENT
  SMALL_HEADER: TGTCCGAAAGGGGCG|CONSCOUNT=1|PRIMER=IGHV_14|PRCOUNT=1
  LARGE_HEADER: TGTCCGAAAGGGGCG|CONSCOUNT=2|PRIMER=IGHV_14,IGHV_2|PRCOUNT=1,1

- TTCCGTAGTAATATA
  STATUS: FOUND_DIFFERENT
  SMALL_HEADER: TTCCGTAGTAATATA|CONSCOUNT=1|PRIMER=IGHV_28|PRCOUNT=1
  LARGE_HEADER: TTCCGTAGTAATATA|CONSCOUNT=3|PRIMER=IGHV_13,IGHV_14,IGHV_28|PRCOUNT=1,1,1

- ATTGCTAACACATAT
  STATUS: FOUND_DIFFERENT
  SMALL_HEADER: ATTGCTAACACATAT|CONSCOUNT=2|PRIMER=IGHV_22,IGHV_30|PRCOUNT=1,1
  LARGE_HEADER: ATTGCTAACACATAT|CONSCOUNT=6|PRIMER=IGHV_13,IGHV_15,IGHV_2,IGHV_22,IGHV_25,IGHV_30|PRCOUNT=1,1,1,1,1,1

- TCCGAACAACATCTA
  STATUS: FOUND_DIFFERENT
  SMALL_HEADER: TCCGAACAACATCTA|CONSCOUNT=2|PRIMER=IGHV_40,IGHV_45|PRCOUNT=1,1
  LARGE_HEADER: TCCGAACAACATCTA|CONSCOUNT=6|PRIMER=IGHV_2,IGHV_40,IGHV_45|PRCOUNT=4,1,1

- TGAGCTTAGTCATTC
  STATUS: FOUND_DIFFERENT
  SMALL_HEADER: TGAGCTTAGTCATTC|CONSCOUNT=2|PRIMER=IGHV_2|PRCOUNT=2
  LARGE_HEADER: TGAGCTTAGTCATTC|CONSCOUNT=4|PRIMER=IGHV_15,IGHV_2,IGHV_33|PRCOUNT=1,2,1

- TTAGAACGTGAGAGC
  STATUS: SAME_SEQUENCE
  SMALL_HEADER: TTAGAACGTGAGAGC|CONSCOUNT=2|PRIMER=IGHV_2,IGHV_40|PRCOUNT=1,1
  LARGE_HEADER: TTAGAACGTGAGAGC|CONSCOUNT=6|PRIMER=IGHV_2,IGHV_22,IGHV_40|PRCOUNT=3,1,2

- TCTCATGTTGCGCAC
  STATUS: SAME_SEQUENCE
  SMALL_HEADER: TCTCATGTTGCGCAC|CONSCOUNT=4|PRIMER=IGHV_10,IGHV_3,IGHV_44,IGHV_7|PRCOUNT=1,1,1,1
  LARGE_HEADER: TCTCATGTTGCGCAC|CONSCOUNT=75|PRIMER=IGHV_10,IGHV_2,IGHV_3,IGHV_44,IGHV_7|PRCOUNT=3,5,38,10,19

- AATGGTCCTCTAGTT
  STATUS: IDENTICAL
  SMALL_HEADER: AATGGTCCTCTAGTT|CONSCOUNT=1|PRIMER=IGHV_27|PRCOUNT=1
  LARGE_HEADER: AATGGTCCTCTAGTT|CONSCOUNT=1|PRIMER=IGHV_27|PRCOUNT=1

- GGTCGCTGTAACGAC
  STATUS: SAME_SEQUENCE
  SMALL_HEADER: GGTCGCTGTAACGAC|CONSCOUNT=1|PRIMER=IGHV_10|PRCOUNT=1
  LARGE_HEADER: GGTCGCTGTAACGAC|CONSCOUNT=11|PRIMER=IGHV_10,IGHV_2,IGHV_32,IGHV_33,IGHV_36,IGHV_41|PRCOUNT=2,4,1,2,1,1

- TCACATTCTTTGTTC
  STATUS: IDENTICAL
  SMALL_HEADER: TCACATTCTTTGTTC|CONSCOUNT=1|PRIMER=IGHV_10|PRCOUNT=1
  LARGE_HEADER: TCACATTCTTTGTTC|CONSCOUNT=1|PRIMER=IGHV_10|PRCOUNT=1

- ATTAACTATCGCCTA
  STATUS: SAME_SEQUENCE
  SMALL_HEADER: ATTAACTATCGCCTA|CONSCOUNT=1|PRIMER=IGHV_12|PRCOUNT=1
  LARGE_HEADER: ATTAACTATCGCCTA|CONSCOUNT=3|PRIMER=IGHV_12|PRCOUNT=3

- TTAGGGAGACGGGGT
  STATUS: FOUND_DIFFERENT
  SMALL_HEADER: TTAGGGAGACGGGGT|CONSCOUNT=2|PRIMER=IGHV_2,IGHV_21|PRCOUNT=1,1
  LARGE_HEADER: TTAGGGAGACGGGGT|CONSCOUNT=15|PRIMER=IGHV_10,IGHV_11,IGHV_14,IGHV_15,IGHV_2,IGHV_21,IGHV_28,IGHV_32,IGHV_43,IGHV_8|PRCOUNT=1,1,2,1,5,1,1,1,1,1

- TCAGGGGATGGTTGT
  STATUS: SAME_SEQUENCE
  SMALL_HEADER: TCAGGGGATGGTTGT|CONSCOUNT=2|PRIMER=IGHV_2|PRCOUNT=2
  LARGE_HEADER: TCAGGGGATGGTTGT|CONSCOUNT=25|PRIMER=IGHV_10,IGHV_2,IGHV_33,IGHV_36,IGHV_43|PRCOUNT=2,13,1,8,1

- ACTGTGTAAACTGGA
  STATUS: FOUND_DIFFERENT
  SMALL_HEADER: ACTGTGTAAACTGGA|CONSCOUNT=2|PRIMER=IGHV_2,IGHV_22|PRCOUNT=1,1
  LARGE_HEADER: ACTGTGTAAACTGGA|CONSCOUNT=4|PRIMER=IGHV_2,IGHV_22,IGHV_40|PRCOUNT=2,1,1

- TCTTACCTGGTCGAA
  STATUS: FOUND_DIFFERENT
  SMALL_HEADER: TCTTACCTGGTCGAA|CONSCOUNT=1|PRIMER=IGHV_27|PRCOUNT=1
  LARGE_HEADER: TCTTACCTGGTCGAA|CONSCOUNT=2|PRIMER=IGHV_10,IGHV_27|PRCOUNT=1,1

- AAATATTTTCATTGT
  STATUS: IDENTICAL
  SMALL_HEADER: AAATATTTTCATTGT|CONSCOUNT=1|PRIMER=IGHV_37|PRCOUNT=1
  LARGE_HEADER: AAATATTTTCATTGT|CONSCOUNT=1|PRIMER=IGHV_37|PRCOUNT=1

- CATGCCAGTTCAATC
  STATUS: FOUND_DIFFERENT
  SMALL_HEADER: CATGCCAGTTCAATC|CONSCOUNT=1|PRIMER=IGHV_2|PRCOUNT=1
  LARGE_HEADER: CATGCCAGTTCAATC|CONSCOUNT=2|PRIMER=IGHV_2|PRCOUNT=2

- TTAGTGTATTCACGA
  STATUS: FOUND_DIFFERENT
  SMALL_HEADER: TTAGTGTATTCACGA|CONSCOUNT=1|PRIMER=IGHV_40|PRCOUNT=1
  LARGE_HEADER: TTAGTGTATTCACGA|CONSCOUNT=4|PRIMER=IGHV_2,IGHV_22,IGHV_32,IGHV_40|PRCOUNT=1,1,1,1

- TGTTCCTTTAACCAG
  STATUS: IDENTICAL
  SMALL_HEADER: TGTTCCTTTAACCAG|CONSCOUNT=1|PRIMER=IGHV_26|PRCOUNT=1
  LARGE_HEADER: TGTTCCTTTAACCAG|CONSCOUNT=1|PRIMER=IGHV_26|PRCOUNT=1

- AAGGAACTGTTTTTT
  STATUS: SAME_SEQUENCE
  SMALL_HEADER: AAGGAACTGTTTTTT|CONSCOUNT=1|PRIMER=IGHV_2|PRCOUNT=1
  LARGE_HEADER: AAGGAACTGTTTTTT|CONSCOUNT=2|PRIMER=IGHV_2,IGHV_41|PRCOUNT=1,1

- CCTGGTCTTCACTCA
  STATUS: SAME_SEQUENCE
  SMALL_HEADER: CCTGGTCTTCACTCA|CONSCOUNT=5|PRIMER=IGHV_17|PRCOUNT=5
  LARGE_HEADER: CCTGGTCTTCACTCA|CONSCOUNT=8|PRIMER=IGHV_1,IGHV_17|PRCOUNT=1,7

- GACGGCACTGTTTGG
  STATUS: FOUND_DIFFERENT
  SMALL_HEADER: GACGGCACTGTTTGG|CONSCOUNT=1|PRIMER=IGHV_32|PRCOUNT=1
  LARGE_HEADER: GACGGCACTGTTTGG|CONSCOUNT=3|PRIMER=IGHV_2,IGHV_28,IGHV_32|PRCOUNT=1,1,1

- CTTTTGTTTGGTTAG
  STATUS: SAME_SEQUENCE
  SMALL_HEADER: CTTTTGTTTGGTTAG|CONSCOUNT=2|PRIMER=IGHV_10,IGHV_2|PRCOUNT=1,1
  LARGE_HEADER: CTTTTGTTTGGTTAG|CONSCOUNT=8|PRIMER=IGHV_10,IGHV_2|PRCOUNT=6,2

- GCATGGCGCTAGAGG
  STATUS: FOUND_DIFFERENT
  SMALL_HEADER: GCATGGCGCTAGAGG|CONSCOUNT=4|PRIMER=IGHV_13,IGHV_15,IGHV_2,IGHV_43|PRCOUNT=1,1,1,1
  LARGE_HEADER: GCATGGCGCTAGAGG|CONSCOUNT=111|PRIMER=IGHV_10,IGHV_13,IGHV_14,IGHV_15,IGHV_16,IGHV_2,IGHV_21,IGHV_22,IGHV_26,IGHV_28,IGHV_30,IGHV_33,IGHV_36,IGHV_40,IGHV_43,IGHV_45|PRCOUNT=1,7,3,14,1,54,4,2,1,3,1,4,2,1,12,1

- CTATGGGCAAGTCTG
  STATUS: FOUND_DIFFERENT
  SMALL_HEADER: CTATGGGCAAGTCTG|CONSCOUNT=1|PRIMER=IGHV_14|PRCOUNT=1
  LARGE_HEADER: CTATGGGCAAGTCTG|CONSCOUNT=6|PRIMER=IGHV_10,IGHV_14,IGHV_26,IGHV_30,IGHV_8|PRCOUNT=1,2,1,1,1

- GCTTTGTGGGGGAAG
  STATUS: FOUND_DIFFERENT
  SMALL_HEADER: GCTTTGTGGGGGAAG|CONSCOUNT=1|PRIMER=IGHV_27|PRCOUNT=1
  LARGE_HEADER: GCTTTGTGGGGGAAG|CONSCOUNT=2|PRIMER=IGHV_27|PRCOUNT=2

- ACTATTAATCCTTCT
  STATUS: SAME_SEQUENCE
  SMALL_HEADER: ACTATTAATCCTTCT|CONSCOUNT=5|PRIMER=IGHV_2|PRCOUNT=5
  LARGE_HEADER: ACTATTAATCCTTCT|CONSCOUNT=10|PRIMER=IGHV_2,IGHV_36,IGHV_6|PRCOUNT=8,1,1

- TTAGTATAGACATTT
  STATUS: SAME_SEQUENCE
  SMALL_HEADER: TTAGTATAGACATTT|CONSCOUNT=2|PRIMER=IGHV_10,IGHV_32|PRCOUNT=1,1
  LARGE_HEADER: TTAGTATAGACATTT|CONSCOUNT=3|PRIMER=IGHV_10,IGHV_32|PRCOUNT=1,2

- GTCCAAGTGCTCTGC
  STATUS: FOUND_DIFFERENT
  SMALL_HEADER: GTCCAAGTGCTCTGC|CONSCOUNT=1|PRIMER=IGHV_15|PRCOUNT=1
  LARGE_HEADER: GTCCAAGTGCTCTGC|CONSCOUNT=2|PRIMER=IGHV_15|PRCOUNT=2

- TAGTGTGGCTAGTGT
  STATUS: FOUND_DIFFERENT
  SMALL_HEADER: TAGTGTGGCTAGTGT|CONSCOUNT=1|PRIMER=IGHV_2|PRCOUNT=1
  LARGE_HEADER: TAGTGTGGCTAGTGT|CONSCOUNT=3|PRIMER=IGHV_2,IGHV_22|PRCOUNT=2,1

- TGCGGGAAAAATACC
  STATUS: FOUND_DIFFERENT
  SMALL_HEADER: TGCGGGAAAAATACC|CONSCOUNT=1|PRIMER=IGHV_2|PRCOUNT=1
  LARGE_HEADER: TGCGGGAAAAATACC|CONSCOUNT=2|PRIMER=IGHV_15,IGHV_2|PRCOUNT=1,1

- CGAGTTAGAACTGTC
  STATUS: IDENTICAL
  SMALL_HEADER: CGAGTTAGAACTGTC|CONSCOUNT=1|PRIMER=IGHV_35|PRCOUNT=1
  LARGE_HEADER: CGAGTTAGAACTGTC|CONSCOUNT=1|PRIMER=IGHV_35|PRCOUNT=1

- TTCAGTCGGGCGCCG
  STATUS: SAME_SEQUENCE
  SMALL_HEADER: TTCAGTCGGGCGCCG|CONSCOUNT=4|PRIMER=IGHV_2,IGHV_26,IGHV_32,IGHV_33|PRCOUNT=1,1,1,1
  LARGE_HEADER: TTCAGTCGGGCGCCG|CONSCOUNT=9|PRIMER=IGHV_10,IGHV_2,IGHV_26,IGHV_32,IGHV_33|PRCOUNT=2,4,1,1,1

- TGGTCTTAGTACTAG
  STATUS: IDENTICAL
  SMALL_HEADER: TGGTCTTAGTACTAG|CONSCOUNT=1|PRIMER=IGHV_27|PRCOUNT=1
  LARGE_HEADER: TGGTCTTAGTACTAG|CONSCOUNT=1|PRIMER=IGHV_27|PRCOUNT=1

- TCGATACATTAGTTG
  STATUS: FOUND_DIFFERENT
  SMALL_HEADER: TCGATACATTAGTTG|CONSCOUNT=2|PRIMER=IGHV_12,IGHV_26|PRCOUNT=1,1
  LARGE_HEADER: TCGATACATTAGTTG|CONSCOUNT=4|PRIMER=IGHV_12,IGHV_2,IGHV_26|PRCOUNT=1,1,2

- GCATGATCCCAATTG
  STATUS: FOUND_DIFFERENT
  SMALL_HEADER: GCATGATCCCAATTG|CONSCOUNT=1|PRIMER=IGHV_21|PRCOUNT=1
  LARGE_HEADER: GCATGATCCCAATTG|CONSCOUNT=3|PRIMER=IGHV_2,IGHV_21,IGHV_36|PRCOUNT=1,1,1

- GACGTGTAACATACT
  STATUS: FOUND_DIFFERENT
  SMALL_HEADER: GACGTGTAACATACT|CONSCOUNT=1|PRIMER=IGHV_27|PRCOUNT=1
  LARGE_HEADER: GACGTGTAACATACT|CONSCOUNT=2|PRIMER=IGHV_27|PRCOUNT=2

- TAGATGCGTGTGTGG
  STATUS: FOUND_DIFFERENT
  SMALL_HEADER: TAGATGCGTGTGTGG|CONSCOUNT=1|PRIMER=IGHV_32|PRCOUNT=1
  LARGE_HEADER: TAGATGCGTGTGTGG|CONSCOUNT=107|PRIMER=IGHV_10,IGHV_13,IGHV_14,IGHV_15,IGHV_16,IGHV_2,IGHV_22,IGHV_26,IGHV_32,IGHV_33,IGHV_36,IGHV_40,IGHV_6|PRCOUNT=3,4,11,8,1,54,3,1,10,2,3,6,1

- CGAGTTGTGGGGGGG
  STATUS: SAME_SEQUENCE
  SMALL_HEADER: CGAGTTGTGGGGGGG|CONSCOUNT=3|PRIMER=IGHV_11,IGHV_14,IGHV_40|PRCOUNT=1,1,1
  LARGE_HEADER: CGAGTTGTGGGGGGG|CONSCOUNT=6|PRIMER=IGHV_11,IGHV_14,IGHV_2,IGHV_40|PRCOUNT=1,1,1,3

- TAAAATACGGACGCT
  STATUS: FOUND_DIFFERENT
  SMALL_HEADER: TAAAATACGGACGCT|CONSCOUNT=1|PRIMER=IGHV_12|PRCOUNT=1
  LARGE_HEADER: TAAAATACGGACGCT|CONSCOUNT=64|PRIMER=IGHV_10,IGHV_11,IGHV_12,IGHV_13,IGHV_14,IGHV_2,IGHV_21,IGHV_26,IGHV_28,IGHV_37,IGHV_41,IGHV_6,IGHV_8,IGHV_9|PRCOUNT=5,2,19,1,8,3,1,2,5,5,2,1,2,8

- ACGAAGTTCTCCAGA
  STATUS: FOUND_DIFFERENT
  SMALL_HEADER: ACGAAGTTCTCCAGA|CONSCOUNT=10|PRIMER=IGHV_14,IGHV_2,IGHV_32,IGHV_33,IGHV_39,IGHV_42|PRCOUNT=1,3,2,1,2,1
  LARGE_HEADER: ACGAAGTTCTCCAGA|CONSCOUNT=51|PRIMER=IGHV_10,IGHV_11,IGHV_14,IGHV_2,IGHV_21,IGHV_26,IGHV_32,IGHV_33,IGHV_37,IGHV_39,IGHV_40,IGHV_42,IGHV_45,IGHV_6,IGHV_9|PRCOUNT=1,1,10,17,4,2,2,2,2,5,1,1,1,1,1

- CTTTGTGGTGACTTT
  STATUS: FOUND_DIFFERENT
  SMALL_HEADER: CTTTGTGGTGACTTT|CONSCOUNT=1|PRIMER=IGHV_2|PRCOUNT=1
  LARGE_HEADER: CTTTGTGGTGACTTT|CONSCOUNT=6|PRIMER=IGHV_13,IGHV_2,IGHV_22|PRCOUNT=1,4,1

- GGACTGCATGGTTGT
  STATUS: FOUND_DIFFERENT
  SMALL_HEADER: GGACTGCATGGTTGT|CONSCOUNT=1|PRIMER=IGHV_27|PRCOUNT=1
  LARGE_HEADER: GGACTGCATGGTTGT|CONSCOUNT=4|PRIMER=IGHV_27|PRCOUNT=4

- TTCGAGCCGGAGAGG
  STATUS: SAME_SEQUENCE
  SMALL_HEADER: TTCGAGCCGGAGAGG|CONSCOUNT=1|PRIMER=IGHV_32|PRCOUNT=1
  LARGE_HEADER: TTCGAGCCGGAGAGG|CONSCOUNT=3|PRIMER=IGHV_2,IGHV_32,IGHV_36|PRCOUNT=1,1,1

- CTTTCTGATAAAATC
  STATUS: IDENTICAL
  SMALL_HEADER: CTTTCTGATAAAATC|CONSCOUNT=1|PRIMER=IGHV_40|PRCOUNT=1
  LARGE_HEADER: CTTTCTGATAAAATC|CONSCOUNT=1|PRIMER=IGHV_40|PRCOUNT=1

- TGATTGACTGCTTTG
  STATUS: FOUND_DIFFERENT
  SMALL_HEADER: TGATTGACTGCTTTG|CONSCOUNT=1|PRIMER=IGHV_27|PRCOUNT=1
  LARGE_HEADER: TGATTGACTGCTTTG|CONSCOUNT=5|PRIMER=IGHV_10,IGHV_27|PRCOUNT=1,4

- GTACAGTAGTTTTGA
  STATUS: FOUND_DIFFERENT
  SMALL_HEADER: GTACAGTAGTTTTGA|CONSCOUNT=1|PRIMER=IGHV_10|PRCOUNT=1
  LARGE_HEADER: GTACAGTAGTTTTGA|CONSCOUNT=5|PRIMER=IGHV_10,IGHV_11,IGHV_14,IGHV_8|PRCOUNT=1,1,2,1

- GACTTTGGATATATT
  STATUS: FOUND_DIFFERENT
  SMALL_HEADER: GACTTTGGATATATT|CONSCOUNT=1|PRIMER=IGHV_10|PRCOUNT=1
  LARGE_HEADER: GACTTTGGATATATT|CONSCOUNT=4|PRIMER=IGHV_10,IGHV_14|PRCOUNT=1,3

- GTGGGGGAGAATGGG
  STATUS: IDENTICAL
  SMALL_HEADER: GTGGGGGAGAATGGG|CONSCOUNT=2|PRIMER=IGHV_14|PRCOUNT=2
  LARGE_HEADER: GTGGGGGAGAATGGG|CONSCOUNT=2|PRIMER=IGHV_14|PRCOUNT=2

- ATAGAAATTTCGTTT
  STATUS: FOUND_DIFFERENT
  SMALL_HEADER: ATAGAAATTTCGTTT|CONSCOUNT=1|PRIMER=IGHV_2|PRCOUNT=1
  LARGE_HEADER: ATAGAAATTTCGTTT|CONSCOUNT=6|PRIMER=IGHV_2,IGHV_26,IGHV_6,IGHV_8|PRCOUNT=3,1,1,1

- TATCCGGGCGACCGT
  STATUS: SAME_SEQUENCE
  SMALL_HEADER: TATCCGGGCGACCGT|CONSCOUNT=3|PRIMER=IGHV_30,IGHV_32,IGHV_36|PRCOUNT=1,1,1
  LARGE_HEADER: TATCCGGGCGACCGT|CONSCOUNT=9|PRIMER=IGHV_10,IGHV_2,IGHV_30,IGHV_32,IGHV_36|PRCOUNT=1,4,1,2,1

- GTTGTAGAATTCAAA
  STATUS: SAME_SEQUENCE
  SMALL_HEADER: GTTGTAGAATTCAAA|CONSCOUNT=2|PRIMER=IGHV_27|PRCOUNT=2
  LARGE_HEADER: GTTGTAGAATTCAAA|CONSCOUNT=26|PRIMER=IGHV_10,IGHV_15,IGHV_27,IGHV_32,IGHV_45|PRCOUNT=1,3,20,1,1

- TTATGAAGTAGAACT
  STATUS: IDENTICAL
  SMALL_HEADER: TTATGAAGTAGAACT|CONSCOUNT=1|PRIMER=IGHV_9|PRCOUNT=1
  LARGE_HEADER: TTATGAAGTAGAACT|CONSCOUNT=1|PRIMER=IGHV_9|PRCOUNT=1

- TAGAAGTTGTAAGCA
  STATUS: FOUND_DIFFERENT
  SMALL_HEADER: TAGAAGTTGTAAGCA|CONSCOUNT=1|PRIMER=IGHV_2|PRCOUNT=1
  LARGE_HEADER: TAGAAGTTGTAAGCA|CONSCOUNT=3|PRIMER=IGHV_2,IGHV_26,IGHV_42|PRCOUNT=1,1,1

- GAATATCTAAATTGT
  STATUS: FOUND_DIFFERENT
  SMALL_HEADER: GAATATCTAAATTGT|CONSCOUNT=1|PRIMER=IGHV_27|PRCOUNT=1
  LARGE_HEADER: GAATATCTAAATTGT|CONSCOUNT=2|PRIMER=IGHV_27|PRCOUNT=2

- ACATTGGCGTGCCGG
  STATUS: FOUND_DIFFERENT
  SMALL_HEADER: ACATTGGCGTGCCGG|CONSCOUNT=4|PRIMER=IGHV_10,IGHV_2,IGHV_33|PRCOUNT=2,1,1
  LARGE_HEADER: ACATTGGCGTGCCGG|CONSCOUNT=24|PRIMER=IGHV_10,IGHV_12,IGHV_14,IGHV_2,IGHV_22,IGHV_28,IGHV_30,IGHV_33,IGHV_43|PRCOUNT=7,1,1,4,1,4,1,2,3

- GTTAGCGCTTACGCC
  STATUS: SAME_SEQUENCE
  SMALL_HEADER: GTTAGCGCTTACGCC|CONSCOUNT=1|PRIMER=IGHV_2|PRCOUNT=1
  LARGE_HEADER: GTTAGCGCTTACGCC|CONSCOUNT=8|PRIMER=IGHV_2,IGHV_21,IGHV_33|PRCOUNT=5,2,1

- CATGCATATTGTCTT
  STATUS: IDENTICAL
  SMALL_HEADER: CATGCATATTGTCTT|CONSCOUNT=1|PRIMER=IGHV_1|PRCOUNT=1
  LARGE_HEADER: CATGCATATTGTCTT|CONSCOUNT=1|PRIMER=IGHV_1|PRCOUNT=1

- CCGCGGGATTCGGGG
  STATUS: IDENTICAL
  SMALL_HEADER: CCGCGGGATTCGGGG|CONSCOUNT=1|PRIMER=IGHV_27|PRCOUNT=1
  LARGE_HEADER: CCGCGGGATTCGGGG|CONSCOUNT=1|PRIMER=IGHV_27|PRCOUNT=1

- GAAATAAGGGTTCAT
  STATUS: IDENTICAL
  SMALL_HEADER: GAAATAAGGGTTCAT|CONSCOUNT=1|PRIMER=IGHV_40|PRCOUNT=1
  LARGE_HEADER: GAAATAAGGGTTCAT|CONSCOUNT=1|PRIMER=IGHV_40|PRCOUNT=1

- ACAAGCCGCGATCGT
  STATUS: SAME_SEQUENCE
  SMALL_HEADER: ACAAGCCGCGATCGT|CONSCOUNT=1|PRIMER=IGHV_32|PRCOUNT=1
  LARGE_HEADER: ACAAGCCGCGATCGT|CONSCOUNT=5|PRIMER=IGHV_2,IGHV_32,IGHV_40|PRCOUNT=2,1,2

- TAAAAACCAGCAGCT
  STATUS: SAME_SEQUENCE
  SMALL_HEADER: TAAAAACCAGCAGCT|CONSCOUNT=3|PRIMER=IGHV_14,IGHV_32|PRCOUNT=2,1
  LARGE_HEADER: TAAAAACCAGCAGCT|CONSCOUNT=16|PRIMER=IGHV_10,IGHV_12,IGHV_14,IGHV_2,IGHV_22,IGHV_26,IGHV_32,IGHV_36|PRCOUNT=2,1,3,5,1,2,1,1

- TTTGAATGGCTTGTA
  STATUS: FOUND_DIFFERENT
  SMALL_HEADER: TTTGAATGGCTTGTA|CONSCOUNT=1|PRIMER=IGHV_45|PRCOUNT=1
  LARGE_HEADER: TTTGAATGGCTTGTA|CONSCOUNT=3|PRIMER=IGHV_10,IGHV_4,IGHV_45|PRCOUNT=1,1,1

- ATCCTGTTGTTGGGG
  STATUS: IDENTICAL
  SMALL_HEADER: ATCCTGTTGTTGGGG|CONSCOUNT=1|PRIMER=IGHV_21|PRCOUNT=1
  LARGE_HEADER: ATCCTGTTGTTGGGG|CONSCOUNT=1|PRIMER=IGHV_21|PRCOUNT=1

- CTCACCTAAGTCCTC
  STATUS: SAME_SEQUENCE
  SMALL_HEADER: CTCACCTAAGTCCTC|CONSCOUNT=1|PRIMER=IGHV_44|PRCOUNT=1
  LARGE_HEADER: CTCACCTAAGTCCTC|CONSCOUNT=5|PRIMER=IGHV_44|PRCOUNT=5

- TTCGTATGCTATTTC
  STATUS: FOUND_DIFFERENT
  SMALL_HEADER: TTCGTATGCTATTTC|CONSCOUNT=1|PRIMER=IGHV_1|PRCOUNT=1
  LARGE_HEADER: TTCGTATGCTATTTC|CONSCOUNT=6|PRIMER=IGHV_1|PRCOUNT=6

- GCATTCCTCTTTCTC
  STATUS: FOUND_DIFFERENT
  SMALL_HEADER: GCATTCCTCTTTCTC|CONSCOUNT=1|PRIMER=IGHV_2|PRCOUNT=1
  LARGE_HEADER: GCATTCCTCTTTCTC|CONSCOUNT=13|PRIMER=IGHV_2,IGHV_21,IGHV_26,IGHV_36|PRCOUNT=8,1,1,3

- CTCAATCGATTGTAT
  STATUS: IDENTICAL
  SMALL_HEADER: CTCAATCGATTGTAT|CONSCOUNT=2|PRIMER=IGHV_2,IGHV_30|PRCOUNT=1,1
  LARGE_HEADER: CTCAATCGATTGTAT|CONSCOUNT=2|PRIMER=IGHV_2,IGHV_30|PRCOUNT=1,1

- TAATGCGTTTTGCCA
  STATUS: IDENTICAL
  SMALL_HEADER: TAATGCGTTTTGCCA|CONSCOUNT=1|PRIMER=IGHV_17|PRCOUNT=1
  LARGE_HEADER: TAATGCGTTTTGCCA|CONSCOUNT=1|PRIMER=IGHV_17|PRCOUNT=1

- AATATGGATTCACTG
  STATUS: FOUND_DIFFERENT
  SMALL_HEADER: AATATGGATTCACTG|CONSCOUNT=3|PRIMER=IGHV_10,IGHV_28|PRCOUNT=1,2
  LARGE_HEADER: AATATGGATTCACTG|CONSCOUNT=34|PRIMER=IGHV_10,IGHV_14,IGHV_16,IGHV_2,IGHV_22,IGHV_26,IGHV_28,IGHV_30,IGHV_33,IGHV_40,IGHV_41,IGHV_45,IGHV_8,IGHV_9|PRCOUNT=1,5,2,8,1,1,3,1,1,2,4,2,2,1

- TTCGTCTGGTACTTT
  STATUS: FOUND_DIFFERENT
  SMALL_HEADER: TTCGTCTGGTACTTT|CONSCOUNT=1|PRIMER=IGHV_30|PRCOUNT=1
  LARGE_HEADER: TTCGTCTGGTACTTT|CONSCOUNT=7|PRIMER=IGHV_12,IGHV_13,IGHV_14,IGHV_2,IGHV_30,IGHV_40|PRCOUNT=1,1,2,1,1,1

- GATCTGTTTTGAAGG
  STATUS: FOUND_DIFFERENT
  SMALL_HEADER: GATCTGTTTTGAAGG|CONSCOUNT=1|PRIMER=IGHV_37|PRCOUNT=1
  LARGE_HEADER: GATCTGTTTTGAAGG|CONSCOUNT=2|PRIMER=IGHV_37|PRCOUNT=2

- TTATTTTTAGTAGTG
  STATUS: SAME_SEQUENCE
  SMALL_HEADER: TTATTTTTAGTAGTG|CONSCOUNT=1|PRIMER=IGHV_1|PRCOUNT=1
  LARGE_HEADER: TTATTTTTAGTAGTG|CONSCOUNT=8|PRIMER=IGHV_1,IGHV_14,IGHV_15|PRCOUNT=5,2,1

- TCTTTGTAATGTGTG
  STATUS: SAME_SEQUENCE
  SMALL_HEADER: TCTTTGTAATGTGTG|CONSCOUNT=5|PRIMER=IGHV_14,IGHV_22|PRCOUNT=4,1
  LARGE_HEADER: TCTTTGTAATGTGTG|CONSCOUNT=17|PRIMER=IGHV_14,IGHV_22,IGHV_26,IGHV_30,IGHV_42|PRCOUNT=9,1,2,3,2

- CCACAATACAGGAAT
  STATUS: IDENTICAL
  SMALL_HEADER: CCACAATACAGGAAT|CONSCOUNT=1|PRIMER=IGHV_27|PRCOUNT=1
  LARGE_HEADER: CCACAATACAGGAAT|CONSCOUNT=1|PRIMER=IGHV_27|PRCOUNT=1

- AGTACGAAGCGTGGT
  STATUS: SAME_SEQUENCE
  SMALL_HEADER: AGTACGAAGCGTGGT|CONSCOUNT=1|PRIMER=IGHV_1|PRCOUNT=1
  LARGE_HEADER: AGTACGAAGCGTGGT|CONSCOUNT=3|PRIMER=IGHV_1|PRCOUNT=3

- TTCGGCGCAACACTT
  STATUS: FOUND_DIFFERENT
  SMALL_HEADER: TTCGGCGCAACACTT|CONSCOUNT=1|PRIMER=IGHV_12|PRCOUNT=1
  LARGE_HEADER: TTCGGCGCAACACTT|CONSCOUNT=41|PRIMER=IGHV_10,IGHV_11,IGHV_12,IGHV_14,IGHV_2,IGHV_21,IGHV_26,IGHV_28,IGHV_30,IGHV_33,IGHV_45,IGHV_9|PRCOUNT=2,4,6,2,4,1,3,5,6,1,3,4

- TCCTGCAGATGCTTT
  STATUS: FOUND_DIFFERENT
  SMALL_HEADER: TCCTGCAGATGCTTT|CONSCOUNT=1|PRIMER=IGHV_21|PRCOUNT=1
  LARGE_HEADER: TCCTGCAGATGCTTT|CONSCOUNT=5|PRIMER=IGHV_2,IGHV_21,IGHV_28|PRCOUNT=2,2,1

- TGGATAATATCACGG
  STATUS: FOUND_DIFFERENT
  SMALL_HEADER: TGGATAATATCACGG|CONSCOUNT=1|PRIMER=IGHV_11|PRCOUNT=1
  LARGE_HEADER: TGGATAATATCACGG|CONSCOUNT=9|PRIMER=IGHV_10,IGHV_11,IGHV_14,IGHV_2,IGHV_21,IGHV_26,IGHV_36|PRCOUNT=2,1,2,1,1,1,1

- GCAATGTTTTGGTTC
  STATUS: FOUND_DIFFERENT
  SMALL_HEADER: GCAATGTTTTGGTTC|CONSCOUNT=1|PRIMER=IGHV_26|PRCOUNT=1
  LARGE_HEADER: GCAATGTTTTGGTTC|CONSCOUNT=3|PRIMER=IGHV_26|PRCOUNT=3

- TTACCGGATTAAGGT
  STATUS: FOUND_DIFFERENT
  SMALL_HEADER: TTACCGGATTAAGGT|CONSCOUNT=1|PRIMER=IGHV_1|PRCOUNT=1
  LARGE_HEADER: TTACCGGATTAAGGT|CONSCOUNT=2|PRIMER=IGHV_1,IGHV_2|PRCOUNT=1,1

- TCATACAAAGTCATG
  STATUS: FOUND_DIFFERENT
  SMALL_HEADER: TCATACAAAGTCATG|CONSCOUNT=1|PRIMER=IGHV_12|PRCOUNT=1
  LARGE_HEADER: TCATACAAAGTCATG|CONSCOUNT=3|PRIMER=IGHV_12,IGHV_14|PRCOUNT=1,2

- AACATACTGTGCTAA
  STATUS: IDENTICAL
  SMALL_HEADER: AACATACTGTGCTAA|CONSCOUNT=1|PRIMER=IGHV_14|PRCOUNT=1
  LARGE_HEADER: AACATACTGTGCTAA|CONSCOUNT=1|PRIMER=IGHV_14|PRCOUNT=1

- TTACCATACGGTAAA
  STATUS: SAME_SEQUENCE
  SMALL_HEADER: TTACCATACGGTAAA|CONSCOUNT=4|PRIMER=IGHV_14,IGHV_15,IGHV_2,IGHV_26|PRCOUNT=1,1,1,1
  LARGE_HEADER: TTACCATACGGTAAA|CONSCOUNT=10|PRIMER=IGHV_14,IGHV_15,IGHV_2,IGHV_26,IGHV_32,IGHV_36,IGHV_40,IGHV_6|PRCOUNT=1,1,3,1,1,1,1,1

- TGGTCGTAGATGGCG
  STATUS: SAME_SEQUENCE
  SMALL_HEADER: TGGTCGTAGATGGCG|CONSCOUNT=2|PRIMER=IGHV_14,IGHV_2|PRCOUNT=1,1
  LARGE_HEADER: TGGTCGTAGATGGCG|CONSCOUNT=8|PRIMER=IGHV_12,IGHV_13,IGHV_14,IGHV_2,IGHV_26,IGHV_9|PRCOUNT=1,1,3,1,1,1

- TCTCCGACAGGGGCA
  STATUS: FOUND_DIFFERENT
  SMALL_HEADER: TCTCCGACAGGGGCA|CONSCOUNT=1|PRIMER=IGHV_14|PRCOUNT=1
  LARGE_HEADER: TCTCCGACAGGGGCA|CONSCOUNT=4|PRIMER=IGHV_14,IGHV_6,IGHV_8|PRCOUNT=1,2,1

- TAGGACAGTGTTATG
  STATUS: IDENTICAL
  SMALL_HEADER: TAGGACAGTGTTATG|CONSCOUNT=1|PRIMER=IGHV_10|PRCOUNT=1
  LARGE_HEADER: TAGGACAGTGTTATG|CONSCOUNT=1|PRIMER=IGHV_10|PRCOUNT=1

- TGTTTAATGAAGTTG
  STATUS: FOUND_DIFFERENT
  SMALL_HEADER: TGTTTAATGAAGTTG|CONSCOUNT=1|PRIMER=IGHV_30|PRCOUNT=1
  LARGE_HEADER: TGTTTAATGAAGTTG|CONSCOUNT=2|PRIMER=IGHV_2,IGHV_30|PRCOUNT=1,1

- CCAGGGTGGTGGGCG
  STATUS: FOUND_DIFFERENT
  SMALL_HEADER: CCAGGGTGGTGGGCG|CONSCOUNT=1|PRIMER=IGHV_12|PRCOUNT=1
  LARGE_HEADER: CCAGGGTGGTGGGCG|CONSCOUNT=8|PRIMER=IGHV_12,IGHV_21,IGHV_30,IGHV_36|PRCOUNT=3,1,1,3

- AGATTTGGGTAAAGT
  STATUS: FOUND_DIFFERENT
  SMALL_HEADER: AGATTTGGGTAAAGT|CONSCOUNT=1|PRIMER=IGHV_1|PRCOUNT=1
  LARGE_HEADER: AGATTTGGGTAAAGT|CONSCOUNT=2|PRIMER=IGHV_1|PRCOUNT=2

- GCAGGGCGGAGTGTA
  STATUS: SAME_SEQUENCE
  SMALL_HEADER: GCAGGGCGGAGTGTA|CONSCOUNT=4|PRIMER=IGHV_10,IGHV_2,IGHV_32,IGHV_33|PRCOUNT=1,1,1,1
  LARGE_HEADER: GCAGGGCGGAGTGTA|CONSCOUNT=13|PRIMER=IGHV_10,IGHV_15,IGHV_2,IGHV_30,IGHV_32,IGHV_33|PRCOUNT=1,1,7,1,2,1

- GGTTTAGGAGACTTC
  STATUS: SAME_SEQUENCE
  SMALL_HEADER: GGTTTAGGAGACTTC|CONSCOUNT=2|PRIMER=IGHV_2,IGHV_33|PRCOUNT=1,1
  LARGE_HEADER: GGTTTAGGAGACTTC|CONSCOUNT=5|PRIMER=IGHV_2,IGHV_33|PRCOUNT=4,1

- TGGGTACGGATAAGG
  STATUS: SAME_SEQUENCE
  SMALL_HEADER: TGGGTACGGATAAGG|CONSCOUNT=1|PRIMER=IGHV_2|PRCOUNT=1
  LARGE_HEADER: TGGGTACGGATAAGG|CONSCOUNT=5|PRIMER=IGHV_11,IGHV_2,IGHV_32|PRCOUNT=1,3,1

- TGTTAGGTCAGCCCT
  STATUS: SAME_SEQUENCE
  SMALL_HEADER: TGTTAGGTCAGCCCT|CONSCOUNT=1|PRIMER=IGHV_26|PRCOUNT=1
  LARGE_HEADER: TGTTAGGTCAGCCCT|CONSCOUNT=2|PRIMER=IGHV_26|PRCOUNT=2

- GATGTCTCTGTTATG
  STATUS: FOUND_DIFFERENT
  SMALL_HEADER: GATGTCTCTGTTATG|CONSCOUNT=1|PRIMER=IGHV_27|PRCOUNT=1
  LARGE_HEADER: GATGTCTCTGTTATG|CONSCOUNT=3|PRIMER=IGHV_27|PRCOUNT=3

- GTATAGACTTTACAA
  STATUS: FOUND_DIFFERENT
  SMALL_HEADER: GTATAGACTTTACAA|CONSCOUNT=2|PRIMER=IGHV_12,IGHV_28|PRCOUNT=1,1
  LARGE_HEADER: GTATAGACTTTACAA|CONSCOUNT=8|PRIMER=IGHV_12,IGHV_14,IGHV_2,IGHV_21,IGHV_28,IGHV_32,IGHV_45|PRCOUNT=2,1,1,1,1,1,1

- TCGCACGGTGGGGTG
  STATUS: FOUND_DIFFERENT
  SMALL_HEADER: TCGCACGGTGGGGTG|CONSCOUNT=2|PRIMER=IGHV_12,IGHV_8|PRCOUNT=1,1
  LARGE_HEADER: TCGCACGGTGGGGTG|CONSCOUNT=7|PRIMER=IGHV_12,IGHV_30,IGHV_32,IGHV_41,IGHV_8|PRCOUNT=2,2,1,1,1

- GGATTGGAGCTGGCT
  STATUS: FOUND_DIFFERENT
  SMALL_HEADER: GGATTGGAGCTGGCT|CONSCOUNT=1|PRIMER=IGHV_45|PRCOUNT=1
  LARGE_HEADER: GGATTGGAGCTGGCT|CONSCOUNT=2|PRIMER=IGHV_2,IGHV_45|PRCOUNT=1,1

- GATGTGATGATGCAC
  STATUS: SAME_SEQUENCE
  SMALL_HEADER: GATGTGATGATGCAC|CONSCOUNT=4|PRIMER=IGHV_10,IGHV_14,IGHV_2,IGHV_36|PRCOUNT=1,1,1,1
  LARGE_HEADER: GATGTGATGATGCAC|CONSCOUNT=6|PRIMER=IGHV_10,IGHV_14,IGHV_2,IGHV_21,IGHV_36,IGHV_40|PRCOUNT=1,1,1,1,1,1

- TTCAAAGTCCCTGTC
  STATUS: FOUND_DIFFERENT
  SMALL_HEADER: TTCAAAGTCCCTGTC|CONSCOUNT=1|PRIMER=IGHV_32|PRCOUNT=1
  LARGE_HEADER: TTCAAAGTCCCTGTC|CONSCOUNT=2|PRIMER=IGHV_10,IGHV_32|PRCOUNT=1,1

- ACCGTGGCTTCGTGC
  STATUS: SAME_SEQUENCE
  SMALL_HEADER: ACCGTGGCTTCGTGC|CONSCOUNT=2|PRIMER=IGHV_17|PRCOUNT=2
  LARGE_HEADER: ACCGTGGCTTCGTGC|CONSCOUNT=3|PRIMER=IGHV_17|PRCOUNT=3

- GTGAGGATGGCGTGG
  STATUS: IDENTICAL
  SMALL_HEADER: GTGAGGATGGCGTGG|CONSCOUNT=1|PRIMER=IGHV_10|PRCOUNT=1
  LARGE_HEADER: GTGAGGATGGCGTGG|CONSCOUNT=1|PRIMER=IGHV_10|PRCOUNT=1

- GTGACCCTCCAAGGT
  STATUS: FOUND_DIFFERENT
  SMALL_HEADER: GTGACCCTCCAAGGT|CONSCOUNT=2|PRIMER=IGHV_14,IGHV_26|PRCOUNT=1,1
  LARGE_HEADER: GTGACCCTCCAAGGT|CONSCOUNT=12|PRIMER=IGHV_14,IGHV_2,IGHV_26|PRCOUNT=3,1,8

- ATTTGCGCCGTTGGA
  STATUS: SAME_SEQUENCE
  SMALL_HEADER: ATTTGCGCCGTTGGA|CONSCOUNT=1|PRIMER=IGHV_37|PRCOUNT=1
  LARGE_HEADER: ATTTGCGCCGTTGGA|CONSCOUNT=2|PRIMER=IGHV_37|PRCOUNT=2

- GGGGATTGTTAGTAT
  STATUS: IDENTICAL
  SMALL_HEADER: GGGGATTGTTAGTAT|CONSCOUNT=1|PRIMER=IGHV_17|PRCOUNT=1
  LARGE_HEADER: GGGGATTGTTAGTAT|CONSCOUNT=1|PRIMER=IGHV_17|PRCOUNT=1

- CAATTTCTATTCACA
  STATUS: FOUND_DIFFERENT
  SMALL_HEADER: CAATTTCTATTCACA|CONSCOUNT=2|PRIMER=IGHV_10,IGHV_2|PRCOUNT=1,1
  LARGE_HEADER: CAATTTCTATTCACA|CONSCOUNT=22|PRIMER=IGHV_10,IGHV_15,IGHV_17,IGHV_2,IGHV_21,IGHV_22,IGHV_26,IGHV_33,IGHV_35,IGHV_39,IGHV_40,IGHV_9|PRCOUNT=2,2,1,8,2,1,1,1,1,1,1,1

- AAGGCACTGGGACGG
  STATUS: SAME_SEQUENCE
  SMALL_HEADER: AAGGCACTGGGACGG|CONSCOUNT=1|PRIMER=IGHV_21|PRCOUNT=1
  LARGE_HEADER: AAGGCACTGGGACGG|CONSCOUNT=5|PRIMER=IGHV_21|PRCOUNT=5

- ATAGGTGCCGAAGTA
  STATUS: IDENTICAL
  SMALL_HEADER: ATAGGTGCCGAAGTA|CONSCOUNT=1|PRIMER=IGHV_28|PRCOUNT=1
  LARGE_HEADER: ATAGGTGCCGAAGTA|CONSCOUNT=1|PRIMER=IGHV_28|PRCOUNT=1

- GGTTTTGACTCCAGC
  STATUS: IDENTICAL
  SMALL_HEADER: GGTTTTGACTCCAGC|CONSCOUNT=1|PRIMER=IGHV_36|PRCOUNT=1
  LARGE_HEADER: GGTTTTGACTCCAGC|CONSCOUNT=1|PRIMER=IGHV_36|PRCOUNT=1

- ATACAGATCGCGTAT
  STATUS: IDENTICAL
  SMALL_HEADER: ATACAGATCGCGTAT|CONSCOUNT=1|PRIMER=IGHV_37|PRCOUNT=1
  LARGE_HEADER: ATACAGATCGCGTAT|CONSCOUNT=1|PRIMER=IGHV_37|PRCOUNT=1

- GTAAAGGTGTGGATT
  STATUS: IDENTICAL
  SMALL_HEADER: GTAAAGGTGTGGATT|CONSCOUNT=1|PRIMER=IGHV_27|PRCOUNT=1
  LARGE_HEADER: GTAAAGGTGTGGATT|CONSCOUNT=1|PRIMER=IGHV_27|PRCOUNT=1

- CAAAATAACAAAGAC
  STATUS: FOUND_DIFFERENT
  SMALL_HEADER: CAAAATAACAAAGAC|CONSCOUNT=1|PRIMER=IGHV_6|PRCOUNT=1
  LARGE_HEADER: CAAAATAACAAAGAC|CONSCOUNT=3|PRIMER=IGHV_30,IGHV_6|PRCOUNT=1,2

- TAGCGACAGGAGGTG
  STATUS: FOUND_DIFFERENT
  SMALL_HEADER: TAGCGACAGGAGGTG|CONSCOUNT=2|PRIMER=IGHV_5|PRCOUNT=2
  LARGE_HEADER: TAGCGACAGGAGGTG|CONSCOUNT=56|PRIMER=IGHV_14,IGHV_5|PRCOUNT=1,55

- GGTCGTTATACTGGG
  STATUS: FOUND_DIFFERENT
  SMALL_HEADER: GGTCGTTATACTGGG|CONSCOUNT=1|PRIMER=IGHV_11|PRCOUNT=1
  LARGE_HEADER: GGTCGTTATACTGGG|CONSCOUNT=17|PRIMER=IGHV_1,IGHV_11,IGHV_12,IGHV_14,IGHV_32|PRCOUNT=2,5,6,2,2

- CAGTCTTATAACCTC
  STATUS: FOUND_DIFFERENT
  SMALL_HEADER: CAGTCTTATAACCTC|CONSCOUNT=1|PRIMER=IGHV_11|PRCOUNT=1
  LARGE_HEADER: CAGTCTTATAACCTC|CONSCOUNT=3|PRIMER=IGHV_11,IGHV_2|PRCOUNT=1,2

- TGGGCATCAACAAGA
  STATUS: IDENTICAL
  SMALL_HEADER: TGGGCATCAACAAGA|CONSCOUNT=1|PRIMER=IGHV_2|PRCOUNT=1
  LARGE_HEADER: TGGGCATCAACAAGA|CONSCOUNT=1|PRIMER=IGHV_2|PRCOUNT=1

- GTCGGGGGGATATTT
  STATUS: FOUND_DIFFERENT
  SMALL_HEADER: GTCGGGGGGATATTT|CONSCOUNT=5|PRIMER=IGHV_12,IGHV_14,IGHV_45|PRCOUNT=1,3,1
  LARGE_HEADER: GTCGGGGGGATATTT|CONSCOUNT=14|PRIMER=IGHV_11,IGHV_12,IGHV_14,IGHV_2,IGHV_37,IGHV_45,IGHV_8|PRCOUNT=1,2,7,1,1,1,1

- ACTATGACGACTCTC
  STATUS: SAME_SEQUENCE
  SMALL_HEADER: ACTATGACGACTCTC|CONSCOUNT=3|PRIMER=IGHV_2,IGHV_36|PRCOUNT=2,1
  LARGE_HEADER: ACTATGACGACTCTC|CONSCOUNT=11|PRIMER=IGHV_12,IGHV_2,IGHV_22,IGHV_32,IGHV_36|PRCOUNT=1,7,1,1,1

- TTTTCCTCAATGACT
  STATUS: SAME_SEQUENCE
  SMALL_HEADER: TTTTCCTCAATGACT|CONSCOUNT=2|PRIMER=IGHV_14,IGHV_2|PRCOUNT=1,1
  LARGE_HEADER: TTTTCCTCAATGACT|CONSCOUNT=16|PRIMER=IGHV_14,IGHV_16,IGHV_2,IGHV_30,IGHV_33,IGHV_36,IGHV_39|PRCOUNT=2,2,6,1,3,1,1

- GGATCCTGCCAGACG
  STATUS: FOUND_DIFFERENT
  SMALL_HEADER: GGATCCTGCCAGACG|CONSCOUNT=1|PRIMER=IGHV_14|PRCOUNT=1
  LARGE_HEADER: GGATCCTGCCAGACG|CONSCOUNT=2|PRIMER=IGHV_14,IGHV_32|PRCOUNT=1,1

- GTTGTACAAGAGACT
  STATUS: FOUND_DIFFERENT
  SMALL_HEADER: GTTGTACAAGAGACT|CONSCOUNT=1|PRIMER=IGHV_32|PRCOUNT=1
  LARGE_HEADER: GTTGTACAAGAGACT|CONSCOUNT=2|PRIMER=IGHV_2,IGHV_32|PRCOUNT=1,1

- TCATACTCCCATTTA
  STATUS: IDENTICAL
  SMALL_HEADER: TCATACTCCCATTTA|CONSCOUNT=1|PRIMER=IGHV_2|PRCOUNT=1
  LARGE_HEADER: TCATACTCCCATTTA|CONSCOUNT=1|PRIMER=IGHV_2|PRCOUNT=1

- TGCGCATCTCCTTTT
  STATUS: FOUND_DIFFERENT
  SMALL_HEADER: TGCGCATCTCCTTTT|CONSCOUNT=1|PRIMER=IGHV_20|PRCOUNT=1
  LARGE_HEADER: TGCGCATCTCCTTTT|CONSCOUNT=2|PRIMER=IGHV_14,IGHV_20|PRCOUNT=1,1

- TTTAGTGATTCCATT
  STATUS: FOUND_DIFFERENT
  SMALL_HEADER: TTTAGTGATTCCATT|CONSCOUNT=1|PRIMER=IGHV_30|PRCOUNT=1
  LARGE_HEADER: TTTAGTGATTCCATT|CONSCOUNT=3|PRIMER=IGHV_10,IGHV_2,IGHV_30|PRCOUNT=1,1,1

- GCCGGACACATTCCG
  STATUS: FOUND_DIFFERENT
  SMALL_HEADER: GCCGGACACATTCCG|CONSCOUNT=2|PRIMER=IGHV_2,IGHV_40|PRCOUNT=1,1
  LARGE_HEADER: GCCGGACACATTCCG|CONSCOUNT=5|PRIMER=IGHV_14,IGHV_2,IGHV_36,IGHV_40|PRCOUNT=1,2,1,1

- ATATCACGTATGTTT
  STATUS: FOUND_DIFFERENT
  SMALL_HEADER: ATATCACGTATGTTT|CONSCOUNT=2|PRIMER=IGHV_2|PRCOUNT=2
  LARGE_HEADER: ATATCACGTATGTTT|CONSCOUNT=13|PRIMER=IGHV_10,IGHV_13,IGHV_2,IGHV_32,IGHV_39|PRCOUNT=2,1,8,1,1

- TTTATGATTATTTGT
  STATUS: FOUND_DIFFERENT
  SMALL_HEADER: TTTATGATTATTTGT|CONSCOUNT=2|PRIMER=IGHV_2|PRCOUNT=2
  LARGE_HEADER: TTTATGATTATTTGT|CONSCOUNT=12|PRIMER=IGHV_13,IGHV_2,IGHV_26|PRCOUNT=1,10,1

- CATTTATCACGTCGA
  STATUS: SAME_SEQUENCE
  SMALL_HEADER: CATTTATCACGTCGA|CONSCOUNT=2|PRIMER=IGHV_2|PRCOUNT=2
  LARGE_HEADER: CATTTATCACGTCGA|CONSCOUNT=10|PRIMER=IGHV_15,IGHV_16,IGHV_2,IGHV_21,IGHV_22|PRCOUNT=1,1,6,1,1

- CTTATCTTACTGCTC
  STATUS: FOUND_DIFFERENT
  SMALL_HEADER: CTTATCTTACTGCTC|CONSCOUNT=1|PRIMER=IGHV_2|PRCOUNT=1
  LARGE_HEADER: CTTATCTTACTGCTC|CONSCOUNT=20|PRIMER=IGHV_10,IGHV_14,IGHV_16,IGHV_2,IGHV_21,IGHV_26,IGHV_30,IGHV_33,IGHV_40,IGHV_41|PRCOUNT=2,3,1,5,1,1,2,2,2,1

- CGATAGGCCATACAC
  STATUS: SAME_SEQUENCE
  SMALL_HEADER: CGATAGGCCATACAC|CONSCOUNT=1|PRIMER=IGHV_10|PRCOUNT=1
  LARGE_HEADER: CGATAGGCCATACAC|CONSCOUNT=3|PRIMER=IGHV_10,IGHV_2,IGHV_33|PRCOUNT=1,1,1

- GGAAGGTAACTTGCA
  STATUS: IDENTICAL
  SMALL_HEADER: GGAAGGTAACTTGCA|CONSCOUNT=1|PRIMER=IGHV_39|PRCOUNT=1
  LARGE_HEADER: GGAAGGTAACTTGCA|CONSCOUNT=1|PRIMER=IGHV_39|PRCOUNT=1

- GATACTGATCGGATA
  STATUS: SAME_SEQUENCE
  SMALL_HEADER: GATACTGATCGGATA|CONSCOUNT=1|PRIMER=IGHV_2|PRCOUNT=1
  LARGE_HEADER: GATACTGATCGGATA|CONSCOUNT=4|PRIMER=IGHV_2,IGHV_33|PRCOUNT=3,1

- GCTCTCTCGCTCACT
  STATUS: IDENTICAL
  SMALL_HEADER: GCTCTCTCGCTCACT|CONSCOUNT=1|PRIMER=IGHV_2|PRCOUNT=1
  LARGE_HEADER: GCTCTCTCGCTCACT|CONSCOUNT=1|PRIMER=IGHV_2|PRCOUNT=1

- TTTGAAATTCGTTGC
  STATUS: FOUND_DIFFERENT
  SMALL_HEADER: TTTGAAATTCGTTGC|CONSCOUNT=1|PRIMER=IGHV_35|PRCOUNT=1
  LARGE_HEADER: TTTGAAATTCGTTGC|CONSCOUNT=2|PRIMER=IGHV_35|PRCOUNT=2

- TCAATTGCGATGGCA
  STATUS: FOUND_DIFFERENT
  SMALL_HEADER: TCAATTGCGATGGCA|CONSCOUNT=1|PRIMER=IGHV_6|PRCOUNT=1
  LARGE_HEADER: TCAATTGCGATGGCA|CONSCOUNT=6|PRIMER=IGHV_10,IGHV_14,IGHV_2,IGHV_22,IGHV_6|PRCOUNT=1,1,2,1,1

- TTGTTTGTTATTAAT
  STATUS: IDENTICAL
  SMALL_HEADER: TTGTTTGTTATTAAT|CONSCOUNT=1|PRIMER=IGHV_37|PRCOUNT=1
  LARGE_HEADER: TTGTTTGTTATTAAT|CONSCOUNT=1|PRIMER=IGHV_37|PRCOUNT=1

- CATTGATGACGGTGG
  STATUS: SAME_SEQUENCE
  SMALL_HEADER: CATTGATGACGGTGG|CONSCOUNT=2|PRIMER=IGHV_10,IGHV_37|PRCOUNT=1,1
  LARGE_HEADER: CATTGATGACGGTGG|CONSCOUNT=23|PRIMER=IGHV_10,IGHV_14,IGHV_2,IGHV_22,IGHV_26,IGHV_30,IGHV_37,IGHV_42|PRCOUNT=2,4,1,2,5,1,7,1

- CAAGGTGAGCACGTG
  STATUS: SAME_SEQUENCE
  SMALL_HEADER: CAAGGTGAGCACGTG|CONSCOUNT=5|PRIMER=IGHV_13,IGHV_30,IGHV_33,IGHV_37|PRCOUNT=2,1,1,1
  LARGE_HEADER: CAAGGTGAGCACGTG|CONSCOUNT=19|PRIMER=IGHV_10,IGHV_12,IGHV_13,IGHV_15,IGHV_2,IGHV_30,IGHV_33,IGHV_37,IGHV_40|PRCOUNT=2,1,6,1,1,4,2,1,1

- GATAGAATTCGATCT
  STATUS: FOUND_DIFFERENT
  SMALL_HEADER: GATAGAATTCGATCT|CONSCOUNT=1|PRIMER=IGHV_2|PRCOUNT=1
  LARGE_HEADER: GATAGAATTCGATCT|CONSCOUNT=4|PRIMER=IGHV_2,IGHV_21,IGHV_32|PRCOUNT=2,1,1

- GGAGGTGTGGACGGG
  STATUS: FOUND_DIFFERENT
  SMALL_HEADER: GGAGGTGTGGACGGG|CONSCOUNT=3|PRIMER=IGHV_2,IGHV_26|PRCOUNT=1,2
  LARGE_HEADER: GGAGGTGTGGACGGG|CONSCOUNT=10|PRIMER=IGHV_11,IGHV_14,IGHV_2,IGHV_26,IGHV_37,IGHV_41|PRCOUNT=1,1,4,2,1,1

- GGATGGGTATATGGG
  STATUS: SAME_SEQUENCE
  SMALL_HEADER: GGATGGGTATATGGG|CONSCOUNT=3|PRIMER=IGHV_10,IGHV_14|PRCOUNT=2,1
  LARGE_HEADER: GGATGGGTATATGGG|CONSCOUNT=68|PRIMER=IGHV_10,IGHV_11,IGHV_12,IGHV_14,IGHV_15,IGHV_2,IGHV_21,IGHV_26,IGHV_30,IGHV_33,IGHV_36,IGHV_40,IGHV_9|PRCOUNT=8,4,12,15,4,11,1,3,4,3,1,1,1

- ATTTGTGTGCTCGGT
  STATUS: FOUND_DIFFERENT
  SMALL_HEADER: ATTTGTGTGCTCGGT|CONSCOUNT=1|PRIMER=IGHV_14|PRCOUNT=1
  LARGE_HEADER: ATTTGTGTGCTCGGT|CONSCOUNT=3|PRIMER=IGHV_14,IGHV_41|PRCOUNT=2,1

- AGTTACGGTCATTGT
  STATUS: FOUND_DIFFERENT
  SMALL_HEADER: AGTTACGGTCATTGT|CONSCOUNT=1|PRIMER=IGHV_17|PRCOUNT=1
  LARGE_HEADER: AGTTACGGTCATTGT|CONSCOUNT=3|PRIMER=IGHV_17,IGHV_35|PRCOUNT=1,2

- CATCTGTAGCGCCAT
  STATUS: FOUND_DIFFERENT
  SMALL_HEADER: CATCTGTAGCGCCAT|CONSCOUNT=1|PRIMER=IGHV_28|PRCOUNT=1
  LARGE_HEADER: CATCTGTAGCGCCAT|CONSCOUNT=2|PRIMER=IGHV_28|PRCOUNT=2

- AGGGTGTGGCGATGT
  STATUS: IDENTICAL
  SMALL_HEADER: AGGGTGTGGCGATGT|CONSCOUNT=1|PRIMER=IGHV_2|PRCOUNT=1
  LARGE_HEADER: AGGGTGTGGCGATGT|CONSCOUNT=1|PRIMER=IGHV_2|PRCOUNT=1

- GAGATTTAAACTTTG
  STATUS: FOUND_DIFFERENT
  SMALL_HEADER: GAGATTTAAACTTTG|CONSCOUNT=1|PRIMER=IGHV_27|PRCOUNT=1
  LARGE_HEADER: GAGATTTAAACTTTG|CONSCOUNT=2|PRIMER=IGHV_27|PRCOUNT=2

- TTGACTCTTAATGTA
  STATUS: FOUND_DIFFERENT
  SMALL_HEADER: TTGACTCTTAATGTA|CONSCOUNT=1|PRIMER=IGHV_2|PRCOUNT=1
  LARGE_HEADER: TTGACTCTTAATGTA|CONSCOUNT=34|PRIMER=IGHV_10,IGHV_13,IGHV_14,IGHV_15,IGHV_2,IGHV_21,IGHV_32,IGHV_33,IGHV_40,IGHV_6|PRCOUNT=6,2,1,2,14,1,1,1,5,1

- GTCAATATTATTTGG
  STATUS: FOUND_DIFFERENT
  SMALL_HEADER: GTCAATATTATTTGG|CONSCOUNT=3|PRIMER=IGHV_2,IGHV_32,IGHV_39|PRCOUNT=1,1,1
  LARGE_HEADER: GTCAATATTATTTGG|CONSCOUNT=15|PRIMER=IGHV_10,IGHV_14,IGHV_2,IGHV_32,IGHV_33,IGHV_39,IGHV_40,IGHV_42|PRCOUNT=1,3,5,1,1,2,1,1

- AACATCAAAGATTCT
  STATUS: FOUND_DIFFERENT
  SMALL_HEADER: AACATCAAAGATTCT|CONSCOUNT=1|PRIMER=IGHV_33|PRCOUNT=1
  LARGE_HEADER: AACATCAAAGATTCT|CONSCOUNT=7|PRIMER=IGHV_11,IGHV_2,IGHV_32,IGHV_33|PRCOUNT=1,3,2,1

- AGTTTGGATAAGCAT
  STATUS: FOUND_DIFFERENT
  SMALL_HEADER: AGTTTGGATAAGCAT|CONSCOUNT=1|PRIMER=IGHV_33|PRCOUNT=1
  LARGE_HEADER: AGTTTGGATAAGCAT|CONSCOUNT=25|PRIMER=IGHV_10,IGHV_14,IGHV_15,IGHV_2,IGHV_21,IGHV_26,IGHV_33,IGHV_34,IGHV_36|PRCOUNT=1,2,1,4,1,3,3,9,1

- ATACCCATATATTAA
  STATUS: FOUND_DIFFERENT
  SMALL_HEADER: ATACCCATATATTAA|CONSCOUNT=1|PRIMER=IGHV_10|PRCOUNT=1
  LARGE_HEADER: ATACCCATATATTAA|CONSCOUNT=3|PRIMER=IGHV_10,IGHV_2,IGHV_26|PRCOUNT=1,1,1

- TTCAGTTCACCTCCA
  STATUS: IDENTICAL
  SMALL_HEADER: TTCAGTTCACCTCCA|CONSCOUNT=1|PRIMER=IGHV_27|PRCOUNT=1
  LARGE_HEADER: TTCAGTTCACCTCCA|CONSCOUNT=1|PRIMER=IGHV_27|PRCOUNT=1

- TAATGGGAAGTGCTG
  STATUS: SAME_SEQUENCE
  SMALL_HEADER: TAATGGGAAGTGCTG|CONSCOUNT=3|PRIMER=IGHV_10,IGHV_2,IGHV_32|PRCOUNT=1,1,1
  LARGE_HEADER: TAATGGGAAGTGCTG|CONSCOUNT=8|PRIMER=IGHV_10,IGHV_13,IGHV_15,IGHV_2,IGHV_32|PRCOUNT=1,1,1,4,1

- GACCTCTCACAAAAA
  STATUS: FOUND_DIFFERENT
  SMALL_HEADER: GACCTCTCACAAAAA|CONSCOUNT=1|PRIMER=IGHV_40|PRCOUNT=1
  LARGE_HEADER: GACCTCTCACAAAAA|CONSCOUNT=3|PRIMER=IGHV_10,IGHV_14,IGHV_40|PRCOUNT=1,1,1

- TGTTCTCGAGAAAAA
  STATUS: FOUND_DIFFERENT
  SMALL_HEADER: TGTTCTCGAGAAAAA|CONSCOUNT=1|PRIMER=IGHV_10|PRCOUNT=1
  LARGE_HEADER: TGTTCTCGAGAAAAA|CONSCOUNT=7|PRIMER=IGHV_10,IGHV_2,IGHV_32,IGHV_36|PRCOUNT=1,4,1,1

- AGTGGTCTGCTCTTT
  STATUS: SAME_SEQUENCE
  SMALL_HEADER: AGTGGTCTGCTCTTT|CONSCOUNT=1|PRIMER=IGHV_17|PRCOUNT=1
  LARGE_HEADER: AGTGGTCTGCTCTTT|CONSCOUNT=10|PRIMER=IGHV_17|PRCOUNT=10

- CGAGGTTTTTATCTT
  STATUS: FOUND_DIFFERENT
  SMALL_HEADER: CGAGGTTTTTATCTT|CONSCOUNT=1|PRIMER=IGHV_12|PRCOUNT=1
  LARGE_HEADER: CGAGGTTTTTATCTT|CONSCOUNT=3|PRIMER=IGHV_12,IGHV_14,IGHV_40|PRCOUNT=1,1,1

- ATATTTTGCCTCGTT
  STATUS: FOUND_DIFFERENT
  SMALL_HEADER: ATATTTTGCCTCGTT|CONSCOUNT=1|PRIMER=IGHV_35|PRCOUNT=1
  LARGE_HEADER: ATATTTTGCCTCGTT|CONSCOUNT=25|PRIMER=IGHV_17,IGHV_2,IGHV_20,IGHV_21,IGHV_32,IGHV_35|PRCOUNT=4,1,5,1,1,13

- ATTGTTAGGTGCGGT
  STATUS: FOUND_DIFFERENT
  SMALL_HEADER: ATTGTTAGGTGCGGT|CONSCOUNT=3|PRIMER=IGHV_2,IGHV_21,IGHV_36|PRCOUNT=1,1,1
  LARGE_HEADER: ATTGTTAGGTGCGGT|CONSCOUNT=11|PRIMER=IGHV_10,IGHV_14,IGHV_2,IGHV_21,IGHV_32,IGHV_36,IGHV_40|PRCOUNT=1,1,4,1,1,2,1

- TGAGGCTCGGGGTGG
  STATUS: IDENTICAL
  SMALL_HEADER: TGAGGCTCGGGGTGG|CONSCOUNT=1|PRIMER=IGHV_20|PRCOUNT=1
  LARGE_HEADER: TGAGGCTCGGGGTGG|CONSCOUNT=1|PRIMER=IGHV_20|PRCOUNT=1

- GTCTCAGCGTATTGG
  STATUS: SAME_SEQUENCE
  SMALL_HEADER: GTCTCAGCGTATTGG|CONSCOUNT=1|PRIMER=IGHV_1|PRCOUNT=1
  LARGE_HEADER: GTCTCAGCGTATTGG|CONSCOUNT=4|PRIMER=IGHV_1,IGHV_32|PRCOUNT=3,1

- AAGGATTTAGGGTCT
  STATUS: FOUND_DIFFERENT
  SMALL_HEADER: AAGGATTTAGGGTCT|CONSCOUNT=1|PRIMER=IGHV_21|PRCOUNT=1
  LARGE_HEADER: AAGGATTTAGGGTCT|CONSCOUNT=2|PRIMER=IGHV_10,IGHV_21|PRCOUNT=1,1

- TTGCTCTCACACTTA
  STATUS: SAME_SEQUENCE
  SMALL_HEADER: TTGCTCTCACACTTA|CONSCOUNT=1|PRIMER=IGHV_14|PRCOUNT=1
  LARGE_HEADER: TTGCTCTCACACTTA|CONSCOUNT=3|PRIMER=IGHV_14,IGHV_26,IGHV_4|PRCOUNT=1,1,1

- TATTTTTTGCCGATG
  STATUS: FOUND_DIFFERENT
  SMALL_HEADER: TATTTTTTGCCGATG|CONSCOUNT=1|PRIMER=IGHV_8|PRCOUNT=1
  LARGE_HEADER: TATTTTTTGCCGATG|CONSCOUNT=2|PRIMER=IGHV_14,IGHV_8|PRCOUNT=1,1

- ATAATGTATGTCCCT
  STATUS: FOUND_DIFFERENT
  SMALL_HEADER: ATAATGTATGTCCCT|CONSCOUNT=1|PRIMER=IGHV_1|PRCOUNT=1
  LARGE_HEADER: ATAATGTATGTCCCT|CONSCOUNT=2|PRIMER=IGHV_1|PRCOUNT=2

- TATCGGGTCAATGTC
  STATUS: SAME_SEQUENCE
  SMALL_HEADER: TATCGGGTCAATGTC|CONSCOUNT=2|PRIMER=IGHV_14,IGHV_2|PRCOUNT=1,1
  LARGE_HEADER: TATCGGGTCAATGTC|CONSCOUNT=6|PRIMER=IGHV_10,IGHV_14,IGHV_2|PRCOUNT=2,1,3

- GCATATCTAATCGAA
  STATUS: IDENTICAL
  SMALL_HEADER: GCATATCTAATCGAA|CONSCOUNT=1|PRIMER=IGHV_2|PRCOUNT=1
  LARGE_HEADER: GCATATCTAATCGAA|CONSCOUNT=1|PRIMER=IGHV_2|PRCOUNT=1

- GCTCATTAGGTTCCC
  STATUS: FOUND_DIFFERENT
  SMALL_HEADER: GCTCATTAGGTTCCC|CONSCOUNT=1|PRIMER=IGHV_2|PRCOUNT=1
  LARGE_HEADER: GCTCATTAGGTTCCC|CONSCOUNT=3|PRIMER=IGHV_13,IGHV_15,IGHV_2|PRCOUNT=1,1,1

- TGTGAGTCGAGGTTT
  STATUS: FOUND_DIFFERENT
  SMALL_HEADER: TGTGAGTCGAGGTTT|CONSCOUNT=1|PRIMER=IGHV_27|PRCOUNT=1
  LARGE_HEADER: TGTGAGTCGAGGTTT|CONSCOUNT=2|PRIMER=IGHV_27|PRCOUNT=2

- CGGCGTAGGCAACAT
  STATUS: FOUND_DIFFERENT
  SMALL_HEADER: CGGCGTAGGCAACAT|CONSCOUNT=2|PRIMER=IGHV_11,IGHV_2|PRCOUNT=1,1
  LARGE_HEADER: CGGCGTAGGCAACAT|CONSCOUNT=6|PRIMER=IGHV_11,IGHV_15,IGHV_16,IGHV_2|PRCOUNT=1,1,1,3

- GTAGAGCATATAGGA
  STATUS: FOUND_DIFFERENT
  SMALL_HEADER: GTAGAGCATATAGGA|CONSCOUNT=2|PRIMER=IGHV_15,IGHV_2|PRCOUNT=1,1
  LARGE_HEADER: GTAGAGCATATAGGA|CONSCOUNT=227|PRIMER=IGHV_10,IGHV_11,IGHV_12,IGHV_13,IGHV_14,IGHV_15,IGHV_16,IGHV_2,IGHV_21,IGHV_22,IGHV_26,IGHV_28,IGHV_30,IGHV_32,IGHV_33,IGHV_36,IGHV_37,IGHV_4,IGHV_40,IGHV_41,IGHV_43,IGHV_6,IGHV_8|PRCOUNT=6,1,2,4,31,9,6,36,15,9,13,37,7,8,3,3,4,1,11,1,3,10,7

- GGACTGTTACTGTTA
  STATUS: FOUND_DIFFERENT
  SMALL_HEADER: GGACTGTTACTGTTA|CONSCOUNT=1|PRIMER=IGHV_10|PRCOUNT=1
  LARGE_HEADER: GGACTGTTACTGTTA|CONSCOUNT=3|PRIMER=IGHV_10,IGHV_27|PRCOUNT=1,2

- TTAATGTCAATAGCT
  STATUS: FOUND_DIFFERENT
  SMALL_HEADER: TTAATGTCAATAGCT|CONSCOUNT=1|PRIMER=IGHV_27|PRCOUNT=1
  LARGE_HEADER: TTAATGTCAATAGCT|CONSCOUNT=2|PRIMER=IGHV_27|PRCOUNT=2

- TATATTCAGTCTCAG
  STATUS: FOUND_DIFFERENT
  SMALL_HEADER: TATATTCAGTCTCAG|CONSCOUNT=1|PRIMER=IGHV_14|PRCOUNT=1
  LARGE_HEADER: TATATTCAGTCTCAG|CONSCOUNT=4|PRIMER=IGHV_14|PRCOUNT=4

- CATGAGTTTATTTCT
  STATUS: IDENTICAL
  SMALL_HEADER: CATGAGTTTATTTCT|CONSCOUNT=1|PRIMER=IGHV_10|PRCOUNT=1
  LARGE_HEADER: CATGAGTTTATTTCT|CONSCOUNT=1|PRIMER=IGHV_10|PRCOUNT=1

- ATTGAAAGGTCGGGC
  STATUS: SAME_SEQUENCE
  SMALL_HEADER: ATTGAAAGGTCGGGC|CONSCOUNT=1|PRIMER=IGHV_37|PRCOUNT=1
  LARGE_HEADER: ATTGAAAGGTCGGGC|CONSCOUNT=4|PRIMER=IGHV_11,IGHV_37|PRCOUNT=1,3

- GCTGTGGGGGGACCC
  STATUS: IDENTICAL
  SMALL_HEADER: GCTGTGGGGGGACCC|CONSCOUNT=1|PRIMER=IGHV_40|PRCOUNT=1
  LARGE_HEADER: GCTGTGGGGGGACCC|CONSCOUNT=1|PRIMER=IGHV_40|PRCOUNT=1

- ATCTGTTAATTTCTA
  STATUS: SAME_SEQUENCE
  SMALL_HEADER: ATCTGTTAATTTCTA|CONSCOUNT=2|PRIMER=IGHV_2,IGHV_28|PRCOUNT=1,1
  LARGE_HEADER: ATCTGTTAATTTCTA|CONSCOUNT=7|PRIMER=IGHV_10,IGHV_11,IGHV_13,IGHV_2,IGHV_28,IGHV_9|PRCOUNT=1,1,1,2,1,1

- TCATGAGCAAAATCT
  STATUS: IDENTICAL
  SMALL_HEADER: TCATGAGCAAAATCT|CONSCOUNT=1|PRIMER=IGHV_6|PRCOUNT=1
  LARGE_HEADER: TCATGAGCAAAATCT|CONSCOUNT=1|PRIMER=IGHV_6|PRCOUNT=1

- GGTGTTGCATCGTGT
  STATUS: SAME_SEQUENCE
  SMALL_HEADER: GGTGTTGCATCGTGT|CONSCOUNT=2|PRIMER=IGHV_2|PRCOUNT=2
  LARGE_HEADER: GGTGTTGCATCGTGT|CONSCOUNT=9|PRIMER=IGHV_10,IGHV_2,IGHV_32,IGHV_33,IGHV_36|PRCOUNT=1,5,1,1,1

- CCTTAATTCCATTAG
  STATUS: FOUND_DIFFERENT
  SMALL_HEADER: CCTTAATTCCATTAG|CONSCOUNT=1|PRIMER=IGHV_14|PRCOUNT=1
  LARGE_HEADER: CCTTAATTCCATTAG|CONSCOUNT=13|PRIMER=IGHV_12,IGHV_14,IGHV_2|PRCOUNT=5,7,1

- TCGTTGTCGGCACAT
  STATUS: FOUND_DIFFERENT
  SMALL_HEADER: TCGTTGTCGGCACAT|CONSCOUNT=1|PRIMER=IGHV_1|PRCOUNT=1
  LARGE_HEADER: TCGTTGTCGGCACAT|CONSCOUNT=16|PRIMER=IGHV_1|PRCOUNT=16

- GACGAGATCGTGATA
  STATUS: FOUND_DIFFERENT
  SMALL_HEADER: GACGAGATCGTGATA|CONSCOUNT=1|PRIMER=IGHV_30|PRCOUNT=1
  LARGE_HEADER: GACGAGATCGTGATA|CONSCOUNT=31|PRIMER=IGHV_10,IGHV_12,IGHV_14,IGHV_15,IGHV_2,IGHV_26,IGHV_30,IGHV_32,IGHV_36,IGHV_40,IGHV_41,IGHV_8|PRCOUNT=2,1,6,2,7,1,5,1,1,2,2,1

- GAAGATAAAATTTCT
  STATUS: IDENTICAL
  SMALL_HEADER: GAAGATAAAATTTCT|CONSCOUNT=2|PRIMER=IGHV_2,IGHV_36|PRCOUNT=1,1
  LARGE_HEADER: GAAGATAAAATTTCT|CONSCOUNT=2|PRIMER=IGHV_2,IGHV_36|PRCOUNT=1,1

- GAATAAGATTCATAC
  STATUS: IDENTICAL
  SMALL_HEADER: GAATAAGATTCATAC|CONSCOUNT=1|PRIMER=IGHV_15|PRCOUNT=1
  LARGE_HEADER: GAATAAGATTCATAC|CONSCOUNT=1|PRIMER=IGHV_15|PRCOUNT=1

- TGGAGATTCTTTTGC
  STATUS: FOUND_DIFFERENT
  SMALL_HEADER: TGGAGATTCTTTTGC|CONSCOUNT=1|PRIMER=IGHV_12|PRCOUNT=1
  LARGE_HEADER: TGGAGATTCTTTTGC|CONSCOUNT=6|PRIMER=IGHV_12,IGHV_14,IGHV_15,IGHV_2,IGHV_22|PRCOUNT=1,1,1,2,1

- TATATGCCTTTCTGA
  STATUS: IDENTICAL
  SMALL_HEADER: TATATGCCTTTCTGA|CONSCOUNT=2|PRIMER=IGHV_14|PRCOUNT=2
  LARGE_HEADER: TATATGCCTTTCTGA|CONSCOUNT=2|PRIMER=IGHV_14|PRCOUNT=2

- ACCGTTTCAGCATTA
  STATUS: FOUND_DIFFERENT
  SMALL_HEADER: ACCGTTTCAGCATTA|CONSCOUNT=1|PRIMER=IGHV_2|PRCOUNT=1
  LARGE_HEADER: ACCGTTTCAGCATTA|CONSCOUNT=3|PRIMER=IGHV_2|PRCOUNT=3

- TACACTGTGGCAAAC
  STATUS: SAME_SEQUENCE
  SMALL_HEADER: TACACTGTGGCAAAC|CONSCOUNT=3|PRIMER=IGHV_17|PRCOUNT=3
  LARGE_HEADER: TACACTGTGGCAAAC|CONSCOUNT=53|PRIMER=IGHV_1,IGHV_17|PRCOUNT=5,48

- ATCGCCGGATCGGGC
  STATUS: SAME_SEQUENCE
  SMALL_HEADER: ATCGCCGGATCGGGC|CONSCOUNT=4|PRIMER=IGHV_2,IGHV_21,IGHV_37|PRCOUNT=2,1,1
  LARGE_HEADER: ATCGCCGGATCGGGC|CONSCOUNT=55|PRIMER=IGHV_10,IGHV_11,IGHV_12,IGHV_14,IGHV_15,IGHV_2,IGHV_21,IGHV_32,IGHV_36,IGHV_37,IGHV_41,IGHV_45,IGHV_6,IGHV_8,IGHV_9|PRCOUNT=1,13,2,12,2,6,3,1,1,2,1,1,6,1,3

- GAGCCGTTTTAGGGG
  STATUS: SAME_SEQUENCE
  SMALL_HEADER: GAGCCGTTTTAGGGG|CONSCOUNT=1|PRIMER=IGHV_33|PRCOUNT=1
  LARGE_HEADER: GAGCCGTTTTAGGGG|CONSCOUNT=3|PRIMER=IGHV_28,IGHV_30,IGHV_33|PRCOUNT=1,1,1

- CCCTGGGCAAAAGAA
  STATUS: FOUND_DIFFERENT
  SMALL_HEADER: CCCTGGGCAAAAGAA|CONSCOUNT=1|PRIMER=IGHV_39|PRCOUNT=1
  LARGE_HEADER: CCCTGGGCAAAAGAA|CONSCOUNT=6|PRIMER=IGHV_10,IGHV_12,IGHV_14,IGHV_2,IGHV_39|PRCOUNT=1,1,1,2,1

- TCTGGTGGCGGCGGA
  STATUS: FOUND_DIFFERENT
  SMALL_HEADER: TCTGGTGGCGGCGGA|CONSCOUNT=1|PRIMER=IGHV_36|PRCOUNT=1
  LARGE_HEADER: TCTGGTGGCGGCGGA|CONSCOUNT=8|PRIMER=IGHV_13,IGHV_15,IGHV_2,IGHV_21,IGHV_36,IGHV_40|PRCOUNT=1,1,3,1,1,1

- TATTCGTTAACTTTT
  STATUS: FOUND_DIFFERENT
  SMALL_HEADER: TATTCGTTAACTTTT|CONSCOUNT=2|PRIMER=IGHV_13,IGHV_14|PRCOUNT=1,1
  LARGE_HEADER: TATTCGTTAACTTTT|CONSCOUNT=4|PRIMER=IGHV_13,IGHV_14,IGHV_37,IGHV_9|PRCOUNT=1,1,1,1

- ACGCCTCTGCTTAGC
  STATUS: FOUND_DIFFERENT
  SMALL_HEADER: ACGCCTCTGCTTAGC|CONSCOUNT=1|PRIMER=IGHV_14|PRCOUNT=1
  LARGE_HEADER: ACGCCTCTGCTTAGC|CONSCOUNT=5|PRIMER=IGHV_14,IGHV_28|PRCOUNT=1,4

- GGGTTTGAGCATTTA
  STATUS: FOUND_DIFFERENT
  SMALL_HEADER: GGGTTTGAGCATTTA|CONSCOUNT=1|PRIMER=IGHV_40|PRCOUNT=1
  LARGE_HEADER: GGGTTTGAGCATTTA|CONSCOUNT=10|PRIMER=IGHV_1,IGHV_10,IGHV_2,IGHV_40|PRCOUNT=2,1,3,4

- GGTCTAACTATGGTC
  STATUS: FOUND_DIFFERENT
  SMALL_HEADER: GGTCTAACTATGGTC|CONSCOUNT=1|PRIMER=IGHV_35|PRCOUNT=1
  LARGE_HEADER: GGTCTAACTATGGTC|CONSCOUNT=14|PRIMER=IGHV_2,IGHV_33,IGHV_35,IGHV_36,IGHV_7|PRCOUNT=2,1,4,2,5

- CCGGGCGCTTGGAAG
  STATUS: FOUND_DIFFERENT
  SMALL_HEADER: CCGGGCGCTTGGAAG|CONSCOUNT=2|PRIMER=IGHV_14,IGHV_2|PRCOUNT=1,1
  LARGE_HEADER: CCGGGCGCTTGGAAG|CONSCOUNT=8|PRIMER=IGHV_13,IGHV_14,IGHV_2,IGHV_21,IGHV_32,IGHV_33|PRCOUNT=1,1,3,1,1,1

- GGGTGGAGGAGTTTC
  STATUS: FOUND_DIFFERENT
  SMALL_HEADER: GGGTGGAGGAGTTTC|CONSCOUNT=1|PRIMER=IGHV_2|PRCOUNT=1
  LARGE_HEADER: GGGTGGAGGAGTTTC|CONSCOUNT=11|PRIMER=IGHV_13,IGHV_2,IGHV_21,IGHV_33,IGHV_36,IGHV_40|PRCOUNT=1,5,2,1,1,1

- GGAAAGGTTAGGCAT
  STATUS: SAME_SEQUENCE
  SMALL_HEADER: GGAAAGGTTAGGCAT|CONSCOUNT=1|PRIMER=IGHV_37|PRCOUNT=1
  LARGE_HEADER: GGAAAGGTTAGGCAT|CONSCOUNT=4|PRIMER=IGHV_14,IGHV_37|PRCOUNT=3,1

- TCTATACTAGTGCGC
  STATUS: FOUND_DIFFERENT
  SMALL_HEADER: TCTATACTAGTGCGC|CONSCOUNT=1|PRIMER=IGHV_10|PRCOUNT=1
  LARGE_HEADER: TCTATACTAGTGCGC|CONSCOUNT=24|PRIMER=IGHV_10,IGHV_11,IGHV_14,IGHV_16,IGHV_2,IGHV_32,IGHV_33,IGHV_35,IGHV_40|PRCOUNT=5,1,2,1,10,1,2,1,1

- AAATCACTTGAGCTT
  STATUS: IDENTICAL
  SMALL_HEADER: AAATCACTTGAGCTT|CONSCOUNT=1|PRIMER=IGHV_14|PRCOUNT=1
  LARGE_HEADER: AAATCACTTGAGCTT|CONSCOUNT=1|PRIMER=IGHV_14|PRCOUNT=1

- GTATTCAAGTTGTAC
  STATUS: FOUND_DIFFERENT
  SMALL_HEADER: GTATTCAAGTTGTAC|CONSCOUNT=5|PRIMER=IGHV_10,IGHV_2,IGHV_21,IGHV_32|PRCOUNT=1,2,1,1
  LARGE_HEADER: GTATTCAAGTTGTAC|CONSCOUNT=20|PRIMER=IGHV_10,IGHV_12,IGHV_14,IGHV_15,IGHV_2,IGHV_21,IGHV_26,IGHV_32,IGHV_36,IGHV_40|PRCOUNT=1,1,1,1,8,2,1,3,1,1

- TTTTTTTAAAGTGGG
  STATUS: IDENTICAL
  SMALL_HEADER: TTTTTTTAAAGTGGG|CONSCOUNT=1|PRIMER=IGHV_10|PRCOUNT=1
  LARGE_HEADER: TTTTTTTAAAGTGGG|CONSCOUNT=1|PRIMER=IGHV_10|PRCOUNT=1

- AGTCCTGGCGCATGT
  STATUS: FOUND_DIFFERENT
  SMALL_HEADER: AGTCCTGGCGCATGT|CONSCOUNT=1|PRIMER=IGHV_27|PRCOUNT=1
  LARGE_HEADER: AGTCCTGGCGCATGT|CONSCOUNT=5|PRIMER=IGHV_27|PRCOUNT=5

- TCATCGGTACTTTTT
  STATUS: FOUND_DIFFERENT
  SMALL_HEADER: TCATCGGTACTTTTT|CONSCOUNT=1|PRIMER=IGHV_2|PRCOUNT=1
  LARGE_HEADER: TCATCGGTACTTTTT|CONSCOUNT=2|PRIMER=IGHV_2,IGHV_26|PRCOUNT=1,1

- CATAAGTCTAATGTC
  STATUS: FOUND_DIFFERENT
  SMALL_HEADER: CATAAGTCTAATGTC|CONSCOUNT=1|PRIMER=IGHV_2|PRCOUNT=1
  LARGE_HEADER: CATAAGTCTAATGTC|CONSCOUNT=4|PRIMER=IGHV_10,IGHV_2,IGHV_37|PRCOUNT=1,2,1

- CTATACATCGATTTC
  STATUS: SAME_SEQUENCE
  SMALL_HEADER: CTATACATCGATTTC|CONSCOUNT=1|PRIMER=IGHV_10|PRCOUNT=1
  LARGE_HEADER: CTATACATCGATTTC|CONSCOUNT=3|PRIMER=IGHV_10,IGHV_2,IGHV_21|PRCOUNT=1,1,1

- TGATCAGTACACTGA
  STATUS: IDENTICAL
  SMALL_HEADER: TGATCAGTACACTGA|CONSCOUNT=1|PRIMER=IGHV_13|PRCOUNT=1
  LARGE_HEADER: TGATCAGTACACTGA|CONSCOUNT=1|PRIMER=IGHV_13|PRCOUNT=1

- ACGTGTTTTTCAATC
  STATUS: SAME_SEQUENCE
  SMALL_HEADER: ACGTGTTTTTCAATC|CONSCOUNT=3|PRIMER=IGHV_10,IGHV_26|PRCOUNT=2,1
  LARGE_HEADER: ACGTGTTTTTCAATC|CONSCOUNT=6|PRIMER=IGHV_10,IGHV_14,IGHV_2,IGHV_26,IGHV_33|PRCOUNT=2,1,1,1,1

- GTTTATACATTTCGT
  STATUS: SAME_SEQUENCE
  SMALL_HEADER: GTTTATACATTTCGT|CONSCOUNT=1|PRIMER=IGHV_10|PRCOUNT=1
  LARGE_HEADER: GTTTATACATTTCGT|CONSCOUNT=3|PRIMER=IGHV_10,IGHV_27|PRCOUNT=1,2

- CATCGGGCGGAAGCT
  STATUS: FOUND_DIFFERENT
  SMALL_HEADER: CATCGGGCGGAAGCT|CONSCOUNT=2|PRIMER=IGHV_14,IGHV_26|PRCOUNT=1,1
  LARGE_HEADER: CATCGGGCGGAAGCT|CONSCOUNT=27|PRIMER=IGHV_10,IGHV_11,IGHV_12,IGHV_14,IGHV_2,IGHV_26,IGHV_37,IGHV_6,IGHV_9|PRCOUNT=1,2,1,9,2,4,1,6,1

- TGATCGGGGCTATGT
  STATUS: IDENTICAL
  SMALL_HEADER: TGATCGGGGCTATGT|CONSCOUNT=1|PRIMER=IGHV_2|PRCOUNT=1
  LARGE_HEADER: TGATCGGGGCTATGT|CONSCOUNT=1|PRIMER=IGHV_2|PRCOUNT=1

- TCTGCAATTTTGAAA
  STATUS: FOUND_DIFFERENT
  SMALL_HEADER: TCTGCAATTTTGAAA|CONSCOUNT=1|PRIMER=IGHV_27|PRCOUNT=1
  LARGE_HEADER: TCTGCAATTTTGAAA|CONSCOUNT=4|PRIMER=IGHV_27|PRCOUNT=4

- TGACAATCGCTGTGT
  STATUS: FOUND_DIFFERENT
  SMALL_HEADER: TGACAATCGCTGTGT|CONSCOUNT=1|PRIMER=IGHV_2|PRCOUNT=1
  LARGE_HEADER: TGACAATCGCTGTGT|CONSCOUNT=10|PRIMER=IGHV_14,IGHV_2,IGHV_26,IGHV_9|PRCOUNT=2,6,1,1

- TCTCAGGATACTTCA
  STATUS: FOUND_DIFFERENT
  SMALL_HEADER: TCTCAGGATACTTCA|CONSCOUNT=1|PRIMER=IGHV_10|PRCOUNT=1
  LARGE_HEADER: TCTCAGGATACTTCA|CONSCOUNT=2|PRIMER=IGHV_10,IGHV_27|PRCOUNT=1,1

- TCAATGCGGGCCCGC
  STATUS: FOUND_DIFFERENT
  SMALL_HEADER: TCAATGCGGGCCCGC|CONSCOUNT=1|PRIMER=IGHV_27|PRCOUNT=1
  LARGE_HEADER: TCAATGCGGGCCCGC|CONSCOUNT=35|PRIMER=IGHV_21,IGHV_22,IGHV_27,IGHV_35|PRCOUNT=2,2,30,1

- AATTTGGTTTGTAGT
  STATUS: IDENTICAL
  SMALL_HEADER: AATTTGGTTTGTAGT|CONSCOUNT=1|PRIMER=IGHV_14|PRCOUNT=1
  LARGE_HEADER: AATTTGGTTTGTAGT|CONSCOUNT=1|PRIMER=IGHV_14|PRCOUNT=1

- ATGGTGTAACATGAC
  STATUS: SAME_SEQUENCE
  SMALL_HEADER: ATGGTGTAACATGAC|CONSCOUNT=1|PRIMER=IGHV_1|PRCOUNT=1
  LARGE_HEADER: ATGGTGTAACATGAC|CONSCOUNT=5|PRIMER=IGHV_1|PRCOUNT=5

- GGCTGGGTTAATGCG
  STATUS: IDENTICAL
  SMALL_HEADER: GGCTGGGTTAATGCG|CONSCOUNT=1|PRIMER=IGHV_21|PRCOUNT=1
  LARGE_HEADER: GGCTGGGTTAATGCG|CONSCOUNT=1|PRIMER=IGHV_21|PRCOUNT=1

- GCTCGGGGGTCGGGA
  STATUS: IDENTICAL
  SMALL_HEADER: GCTCGGGGGTCGGGA|CONSCOUNT=1|PRIMER=IGHV_21|PRCOUNT=1
  LARGE_HEADER: GCTCGGGGGTCGGGA|CONSCOUNT=1|PRIMER=IGHV_21|PRCOUNT=1

- TAGTTCTGGTCGGCT
  STATUS: IDENTICAL
  SMALL_HEADER: TAGTTCTGGTCGGCT|CONSCOUNT=1|PRIMER=IGHV_14|PRCOUNT=1
  LARGE_HEADER: TAGTTCTGGTCGGCT|CONSCOUNT=1|PRIMER=IGHV_14|PRCOUNT=1

- TAAGCTCAGTGTCGT
  STATUS: FOUND_DIFFERENT
  SMALL_HEADER: TAAGCTCAGTGTCGT|CONSCOUNT=2|PRIMER=IGHV_2,IGHV_42|PRCOUNT=1,1
  LARGE_HEADER: TAAGCTCAGTGTCGT|CONSCOUNT=7|PRIMER=IGHV_2,IGHV_26,IGHV_42|PRCOUNT=4,1,2

- CGAGTTGTTGAGTAA
  STATUS: FOUND_DIFFERENT
  SMALL_HEADER: CGAGTTGTTGAGTAA|CONSCOUNT=1|PRIMER=IGHV_27|PRCOUNT=1
  LARGE_HEADER: CGAGTTGTTGAGTAA|CONSCOUNT=4|PRIMER=IGHV_27|PRCOUNT=4

- GAATTTGTAGTCGTT
  STATUS: SAME_SEQUENCE
  SMALL_HEADER: GAATTTGTAGTCGTT|CONSCOUNT=1|PRIMER=IGHV_26|PRCOUNT=1
  LARGE_HEADER: GAATTTGTAGTCGTT|CONSCOUNT=18|PRIMER=IGHV_14,IGHV_2,IGHV_26,IGHV_32,IGHV_9|PRCOUNT=4,8,2,1,3

- ATATGTTGCTGTAAC
  STATUS: SAME_SEQUENCE
  SMALL_HEADER: ATATGTTGCTGTAAC|CONSCOUNT=4|PRIMER=IGHV_37,IGHV_45|PRCOUNT=1,3
  LARGE_HEADER: ATATGTTGCTGTAAC|CONSCOUNT=10|PRIMER=IGHV_37,IGHV_45|PRCOUNT=3,7

- TTTTTTATGGAAAAT
  STATUS: IDENTICAL
  SMALL_HEADER: TTTTTTATGGAAAAT|CONSCOUNT=1|PRIMER=IGHV_14|PRCOUNT=1
  LARGE_HEADER: TTTTTTATGGAAAAT|CONSCOUNT=1|PRIMER=IGHV_14|PRCOUNT=1

- CGCACTTCTTCGCTA
  STATUS: FOUND_DIFFERENT
  SMALL_HEADER: CGCACTTCTTCGCTA|CONSCOUNT=1|PRIMER=IGHV_2|PRCOUNT=1
  LARGE_HEADER: CGCACTTCTTCGCTA|CONSCOUNT=2|PRIMER=IGHV_2|PRCOUNT=2

- AGTTGCTTCGCAAAT
  STATUS: IDENTICAL
  SMALL_HEADER: AGTTGCTTCGCAAAT|CONSCOUNT=1|PRIMER=IGHV_10|PRCOUNT=1
  LARGE_HEADER: AGTTGCTTCGCAAAT|CONSCOUNT=1|PRIMER=IGHV_10|PRCOUNT=1

- TATAAGCTGTACTTA
  STATUS: FOUND_DIFFERENT
  SMALL_HEADER: TATAAGCTGTACTTA|CONSCOUNT=1|PRIMER=IGHV_14|PRCOUNT=1
  LARGE_HEADER: TATAAGCTGTACTTA|CONSCOUNT=2|PRIMER=IGHV_14,IGHV_22|PRCOUNT=1,1

- TGCTGAAACGATGAA
  STATUS: FOUND_DIFFERENT
  SMALL_HEADER: TGCTGAAACGATGAA|CONSCOUNT=1|PRIMER=IGHV_14|PRCOUNT=1
  LARGE_HEADER: TGCTGAAACGATGAA|CONSCOUNT=3|PRIMER=IGHV_14,IGHV_2,IGHV_28|PRCOUNT=1,1,1

- TCCCAGTGACCTTGT
  STATUS: FOUND_DIFFERENT
  SMALL_HEADER: TCCCAGTGACCTTGT|CONSCOUNT=1|PRIMER=IGHV_2|PRCOUNT=1
  LARGE_HEADER: TCCCAGTGACCTTGT|CONSCOUNT=4|PRIMER=IGHV_10,IGHV_2|PRCOUNT=1,3

- TATCTGCTTCAGTCT
  STATUS: FOUND_DIFFERENT
  SMALL_HEADER: TATCTGCTTCAGTCT|CONSCOUNT=1|PRIMER=IGHV_2|PRCOUNT=1
  LARGE_HEADER: TATCTGCTTCAGTCT|CONSCOUNT=2|PRIMER=IGHV_14,IGHV_2|PRCOUNT=1,1

- GCCGTATCTGTAACT
  STATUS: IDENTICAL
  SMALL_HEADER: GCCGTATCTGTAACT|CONSCOUNT=1|PRIMER=IGHV_30|PRCOUNT=1
  LARGE_HEADER: GCCGTATCTGTAACT|CONSCOUNT=1|PRIMER=IGHV_30|PRCOUNT=1

- CACTACCATCTTGAT
  STATUS: FOUND_DIFFERENT
  SMALL_HEADER: CACTACCATCTTGAT|CONSCOUNT=1|PRIMER=IGHV_2|PRCOUNT=1
  LARGE_HEADER: CACTACCATCTTGAT|CONSCOUNT=5|PRIMER=IGHV_12,IGHV_13,IGHV_2|PRCOUNT=1,1,3

- CAATAGGGTGAGGTA
  STATUS: FOUND_DIFFERENT
  SMALL_HEADER: CAATAGGGTGAGGTA|CONSCOUNT=4|PRIMER=IGHV_3,IGHV_44|PRCOUNT=2,2
  LARGE_HEADER: CAATAGGGTGAGGTA|CONSCOUNT=38|PRIMER=IGHV_10,IGHV_3,IGHV_44,IGHV_7|PRCOUNT=2,17,8,11

- ATACGGAGTATCGTG
  STATUS: FOUND_DIFFERENT
  SMALL_HEADER: ATACGGAGTATCGTG|CONSCOUNT=1|PRIMER=IGHV_1|PRCOUNT=1
  LARGE_HEADER: ATACGGAGTATCGTG|CONSCOUNT=2|PRIMER=IGHV_1|PRCOUNT=2

- TTCGATTTTACGCGA
  STATUS: SAME_SEQUENCE
  SMALL_HEADER: TTCGATTTTACGCGA|CONSCOUNT=1|PRIMER=IGHV_32|PRCOUNT=1
  LARGE_HEADER: TTCGATTTTACGCGA|CONSCOUNT=18|PRIMER=IGHV_12,IGHV_2,IGHV_21,IGHV_22,IGHV_32,IGHV_33|PRCOUNT=1,10,2,1,3,1

- CAGAAATGACCAGTC
  STATUS: FOUND_DIFFERENT
  SMALL_HEADER: CAGAAATGACCAGTC|CONSCOUNT=1|PRIMER=IGHV_2|PRCOUNT=1
  LARGE_HEADER: CAGAAATGACCAGTC|CONSCOUNT=3|PRIMER=IGHV_10,IGHV_14,IGHV_2|PRCOUNT=1,1,1

- GTATCACATATTGTC
  STATUS: IDENTICAL
  SMALL_HEADER: GTATCACATATTGTC|CONSCOUNT=1|PRIMER=IGHV_2|PRCOUNT=1
  LARGE_HEADER: GTATCACATATTGTC|CONSCOUNT=1|PRIMER=IGHV_2|PRCOUNT=1

- TTCAAACCTAATGGA
  STATUS: FOUND_DIFFERENT
  SMALL_HEADER: TTCAAACCTAATGGA|CONSCOUNT=1|PRIMER=IGHV_39|PRCOUNT=1
  LARGE_HEADER: TTCAAACCTAATGGA|CONSCOUNT=2|PRIMER=IGHV_14,IGHV_39|PRCOUNT=1,1

- CAGGTAATGTTACAT
  STATUS: FOUND_DIFFERENT
  SMALL_HEADER: CAGGTAATGTTACAT|CONSCOUNT=1|PRIMER=IGHV_28|PRCOUNT=1
  LARGE_HEADER: CAGGTAATGTTACAT|CONSCOUNT=20|PRIMER=IGHV_11,IGHV_14,IGHV_25,IGHV_28,IGHV_36,IGHV_6|PRCOUNT=2,4,1,10,2,1

- TAACACGGAAAGGCT
  STATUS: FOUND_DIFFERENT
  SMALL_HEADER: TAACACGGAAAGGCT|CONSCOUNT=1|PRIMER=IGHV_22|PRCOUNT=1
  LARGE_HEADER: TAACACGGAAAGGCT|CONSCOUNT=3|PRIMER=IGHV_10,IGHV_2,IGHV_22|PRCOUNT=1,1,1

- GGCTTGGGCTGGAGG
  STATUS: FOUND_DIFFERENT
  SMALL_HEADER: GGCTTGGGCTGGAGG|CONSCOUNT=1|PRIMER=IGHV_39|PRCOUNT=1
  LARGE_HEADER: GGCTTGGGCTGGAGG|CONSCOUNT=102|PRIMER=IGHV_10,IGHV_11,IGHV_13,IGHV_14,IGHV_16,IGHV_2,IGHV_20,IGHV_26,IGHV_30,IGHV_33,IGHV_36,IGHV_39,IGHV_4,IGHV_40,IGHV_45,IGHV_6,IGHV_9|PRCOUNT=4,3,1,17,3,10,1,3,2,1,2,6,44,1,2,1,1

- GCTGTAGTAAAAAAT
  STATUS: FOUND_DIFFERENT
  SMALL_HEADER: GCTGTAGTAAAAAAT|CONSCOUNT=1|PRIMER=IGHV_15|PRCOUNT=1
  LARGE_HEADER: GCTGTAGTAAAAAAT|CONSCOUNT=5|PRIMER=IGHV_11,IGHV_12,IGHV_15,IGHV_2|PRCOUNT=1,1,1,2

- TTGTTAGTGCGGGGA
  STATUS: FOUND_DIFFERENT
  SMALL_HEADER: TTGTTAGTGCGGGGA|CONSCOUNT=1|PRIMER=IGHV_14|PRCOUNT=1
  LARGE_HEADER: TTGTTAGTGCGGGGA|CONSCOUNT=12|PRIMER=IGHV_11,IGHV_14,IGHV_15,IGHV_2,IGHV_21,IGHV_26|PRCOUNT=1,3,1,5,1,1

- ATCCTCAGGAGGAAC
  STATUS: FOUND_DIFFERENT
  SMALL_HEADER: ATCCTCAGGAGGAAC|CONSCOUNT=1|PRIMER=IGHV_40|PRCOUNT=1
  LARGE_HEADER: ATCCTCAGGAGGAAC|CONSCOUNT=22|PRIMER=IGHV_10,IGHV_13,IGHV_2,IGHV_21,IGHV_32,IGHV_40|PRCOUNT=1,4,9,3,1,4

- GTTCTGTTCTTTATA
  STATUS: SAME_SEQUENCE
  SMALL_HEADER: GTTCTGTTCTTTATA|CONSCOUNT=3|PRIMER=IGHV_14,IGHV_15,IGHV_22|PRCOUNT=1,1,1
  LARGE_HEADER: GTTCTGTTCTTTATA|CONSCOUNT=28|PRIMER=IGHV_10,IGHV_12,IGHV_13,IGHV_14,IGHV_15,IGHV_2,IGHV_22,IGHV_30,IGHV_32,IGHV_33|PRCOUNT=1,1,3,3,3,11,2,1,2,1

- TACGGTCTTTATTAA
  STATUS: FOUND_DIFFERENT
  SMALL_HEADER: TACGGTCTTTATTAA|CONSCOUNT=1|PRIMER=IGHV_2|PRCOUNT=1
  LARGE_HEADER: TACGGTCTTTATTAA|CONSCOUNT=3|PRIMER=IGHV_11,IGHV_2|PRCOUNT=1,2

- TCTTGTAGGGAGGTA
  STATUS: FOUND_DIFFERENT
  SMALL_HEADER: TCTTGTAGGGAGGTA|CONSCOUNT=1|PRIMER=IGHV_14|PRCOUNT=1
  LARGE_HEADER: TCTTGTAGGGAGGTA|CONSCOUNT=5|PRIMER=IGHV_14,IGHV_15,IGHV_2,IGHV_21|PRCOUNT=1,2,1,1

- GAGTGCCTTTCTTTT
  STATUS: FOUND_DIFFERENT
  SMALL_HEADER: GAGTGCCTTTCTTTT|CONSCOUNT=1|PRIMER=IGHV_37|PRCOUNT=1
  LARGE_HEADER: GAGTGCCTTTCTTTT|CONSCOUNT=5|PRIMER=IGHV_13,IGHV_28,IGHV_37,IGHV_6|PRCOUNT=1,2,1,1

- CTATGAACCTATTTT
  STATUS: FOUND_DIFFERENT
  SMALL_HEADER: CTATGAACCTATTTT|CONSCOUNT=1|PRIMER=IGHV_43|PRCOUNT=1
  LARGE_HEADER: CTATGAACCTATTTT|CONSCOUNT=2|PRIMER=IGHV_13,IGHV_43|PRCOUNT=1,1

- TGTTGTTGTGCCGTA
  STATUS: FOUND_DIFFERENT
  SMALL_HEADER: TGTTGTTGTGCCGTA|CONSCOUNT=1|PRIMER=IGHV_27|PRCOUNT=1
  LARGE_HEADER: TGTTGTTGTGCCGTA|CONSCOUNT=2|PRIMER=IGHV_27|PRCOUNT=2

- TCAATCAAAAGTGTC
  STATUS: IDENTICAL
  SMALL_HEADER: TCAATCAAAAGTGTC|CONSCOUNT=1|PRIMER=IGHV_30|PRCOUNT=1
  LARGE_HEADER: TCAATCAAAAGTGTC|CONSCOUNT=1|PRIMER=IGHV_30|PRCOUNT=1

- CGACTATCTCACATT
  STATUS: FOUND_DIFFERENT
  SMALL_HEADER: CGACTATCTCACATT|CONSCOUNT=1|PRIMER=IGHV_2|PRCOUNT=1
  LARGE_HEADER: CGACTATCTCACATT|CONSCOUNT=14|PRIMER=IGHV_2,IGHV_22,IGHV_33|PRCOUNT=10,1,3

- TTAATACGTTCTGTG
  STATUS: FOUND_DIFFERENT
  SMALL_HEADER: TTAATACGTTCTGTG|CONSCOUNT=1|PRIMER=IGHV_30|PRCOUNT=1
  LARGE_HEADER: TTAATACGTTCTGTG|CONSCOUNT=3|PRIMER=IGHV_1,IGHV_30|PRCOUNT=1,2

- GTGAATCGTTGGAGG
  STATUS: FOUND_DIFFERENT
  SMALL_HEADER: GTGAATCGTTGGAGG|CONSCOUNT=2|PRIMER=IGHV_2|PRCOUNT=2
  LARGE_HEADER: GTGAATCGTTGGAGG|CONSCOUNT=5|PRIMER=IGHV_12,IGHV_2,IGHV_39|PRCOUNT=1,3,1

- ACATGGAGGTGGTCC
  STATUS: FOUND_DIFFERENT
  SMALL_HEADER: ACATGGAGGTGGTCC|CONSCOUNT=1|PRIMER=IGHV_1|PRCOUNT=1
  LARGE_HEADER: ACATGGAGGTGGTCC|CONSCOUNT=11|PRIMER=IGHV_1,IGHV_14,IGHV_17,IGHV_2,IGHV_32|PRCOUNT=6,1,1,2,1

- AGGGTTGCTTCTCTG
  STATUS: SAME_SEQUENCE
  SMALL_HEADER: AGGGTTGCTTCTCTG|CONSCOUNT=2|PRIMER=IGHV_14,IGHV_40|PRCOUNT=1,1
  LARGE_HEADER: AGGGTTGCTTCTCTG|CONSCOUNT=7|PRIMER=IGHV_10,IGHV_13,IGHV_14,IGHV_2,IGHV_26,IGHV_36,IGHV_40|PRCOUNT=1,1,1,1,1,1,1

- TGGTGCCTTGTATTC
  STATUS: IDENTICAL
  SMALL_HEADER: TGGTGCCTTGTATTC|CONSCOUNT=1|PRIMER=IGHV_2|PRCOUNT=1
  LARGE_HEADER: TGGTGCCTTGTATTC|CONSCOUNT=1|PRIMER=IGHV_2|PRCOUNT=1

- TTTTCTAAAGGATCT
  STATUS: SAME_SEQUENCE
  SMALL_HEADER: TTTTCTAAAGGATCT|CONSCOUNT=1|PRIMER=IGHV_2|PRCOUNT=1
  LARGE_HEADER: TTTTCTAAAGGATCT|CONSCOUNT=2|PRIMER=IGHV_12,IGHV_2|PRCOUNT=1,1

- CGAGTTGAGGCTTAT
  STATUS: SAME_SEQUENCE
  SMALL_HEADER: CGAGTTGAGGCTTAT|CONSCOUNT=1|PRIMER=IGHV_33|PRCOUNT=1
  LARGE_HEADER: CGAGTTGAGGCTTAT|CONSCOUNT=3|PRIMER=IGHV_15,IGHV_33|PRCOUNT=1,2

- TCCCCGGTGGGTGAA
  STATUS: IDENTICAL
  SMALL_HEADER: TCCCCGGTGGGTGAA|CONSCOUNT=1|PRIMER=IGHV_27|PRCOUNT=1
  LARGE_HEADER: TCCCCGGTGGGTGAA|CONSCOUNT=1|PRIMER=IGHV_27|PRCOUNT=1

- GGACGGGGGAGTTGG
  STATUS: FOUND_DIFFERENT
  SMALL_HEADER: GGACGGGGGAGTTGG|CONSCOUNT=1|PRIMER=IGHV_33|PRCOUNT=1
  LARGE_HEADER: GGACGGGGGAGTTGG|CONSCOUNT=2|PRIMER=IGHV_22,IGHV_33|PRCOUNT=1,1

- TTAGCACGGGTATGA
  STATUS: FOUND_DIFFERENT
  SMALL_HEADER: TTAGCACGGGTATGA|CONSCOUNT=1|PRIMER=IGHV_28|PRCOUNT=1
  LARGE_HEADER: TTAGCACGGGTATGA|CONSCOUNT=55|PRIMER=IGHV_10,IGHV_12,IGHV_14,IGHV_16,IGHV_2,IGHV_21,IGHV_28,IGHV_30,IGHV_33,IGHV_36,IGHV_37,IGHV_41,IGHV_43,IGHV_45,IGHV_8|PRCOUNT=3,1,18,1,10,3,4,1,1,2,2,4,1,3,1

- GTCGAGCCCATGGGA
  STATUS: IDENTICAL
  SMALL_HEADER: GTCGAGCCCATGGGA|CONSCOUNT=1|PRIMER=IGHV_26|PRCOUNT=1
  LARGE_HEADER: GTCGAGCCCATGGGA|CONSCOUNT=1|PRIMER=IGHV_26|PRCOUNT=1

- ACGCGGAGCGAAGGT
  STATUS: FOUND_DIFFERENT
  SMALL_HEADER: ACGCGGAGCGAAGGT|CONSCOUNT=1|PRIMER=IGHV_40|PRCOUNT=1
  LARGE_HEADER: ACGCGGAGCGAAGGT|CONSCOUNT=29|PRIMER=IGHV_14,IGHV_15,IGHV_2,IGHV_22,IGHV_26,IGHV_36,IGHV_40,IGHV_43|PRCOUNT=1,1,18,1,2,3,2,1

- GGATCTTTAACTGCT
  STATUS: FOUND_DIFFERENT
  SMALL_HEADER: GGATCTTTAACTGCT|CONSCOUNT=1|PRIMER=IGHV_14|PRCOUNT=1
  LARGE_HEADER: GGATCTTTAACTGCT|CONSCOUNT=15|PRIMER=IGHV_14,IGHV_2,IGHV_22,IGHV_26,IGHV_32,IGHV_6|PRCOUNT=3,5,1,4,1,1

- AAAGCTGATTGGCTG
  STATUS: FOUND_DIFFERENT
  SMALL_HEADER: AAAGCTGATTGGCTG|CONSCOUNT=1|PRIMER=IGHV_36|PRCOUNT=1
  LARGE_HEADER: AAAGCTGATTGGCTG|CONSCOUNT=6|PRIMER=IGHV_14,IGHV_2,IGHV_26,IGHV_28,IGHV_36|PRCOUNT=2,1,1,1,1

- TGTACCGGGTTGGTT
  STATUS: IDENTICAL
  SMALL_HEADER: TGTACCGGGTTGGTT|CONSCOUNT=1|PRIMER=IGHV_26|PRCOUNT=1
  LARGE_HEADER: TGTACCGGGTTGGTT|CONSCOUNT=1|PRIMER=IGHV_26|PRCOUNT=1

- TTAAGTTAGGAATTT
  STATUS: FOUND_DIFFERENT
  SMALL_HEADER: TTAAGTTAGGAATTT|CONSCOUNT=1|PRIMER=IGHV_11|PRCOUNT=1
  LARGE_HEADER: TTAAGTTAGGAATTT|CONSCOUNT=2|PRIMER=IGHV_11,IGHV_14|PRCOUNT=1,1

- TGTACCGCTCGCATA
  STATUS: SAME_SEQUENCE
  SMALL_HEADER: TGTACCGCTCGCATA|CONSCOUNT=3|PRIMER=IGHV_14,IGHV_15|PRCOUNT=1,2
  LARGE_HEADER: TGTACCGCTCGCATA|CONSCOUNT=9|PRIMER=IGHV_14,IGHV_15,IGHV_2,IGHV_26,IGHV_32|PRCOUNT=2,2,3,1,1

- TTCGTTTTGTACTTA
  STATUS: IDENTICAL
  SMALL_HEADER: TTCGTTTTGTACTTA|CONSCOUNT=1|PRIMER=IGHV_28|PRCOUNT=1
  LARGE_HEADER: TTCGTTTTGTACTTA|CONSCOUNT=1|PRIMER=IGHV_28|PRCOUNT=1

- CATGGCAAGTTTGTT
  STATUS: IDENTICAL
  SMALL_HEADER: CATGGCAAGTTTGTT|CONSCOUNT=1|PRIMER=IGHV_27|PRCOUNT=1
  LARGE_HEADER: CATGGCAAGTTTGTT|CONSCOUNT=1|PRIMER=IGHV_27|PRCOUNT=1

- TAGGTTAGTACACTT
  STATUS: FOUND_DIFFERENT
  SMALL_HEADER: TAGGTTAGTACACTT|CONSCOUNT=3|PRIMER=IGHV_22,IGHV_3,IGHV_44|PRCOUNT=1,1,1
  LARGE_HEADER: TAGGTTAGTACACTT|CONSCOUNT=540|PRIMER=IGHV_10,IGHV_13,IGHV_15,IGHV_2,IGHV_22,IGHV_25,IGHV_26,IGHV_28,IGHV_3,IGHV_33,IGHV_36,IGHV_40,IGHV_41,IGHV_44,IGHV_7,IGHV_8|PRCOUNT=20,8,2,24,12,1,2,1,193,1,2,6,4,97,166,1

- CTAGATGATCAGTTG
  STATUS: FOUND_DIFFERENT
  SMALL_HEADER: CTAGATGATCAGTTG|CONSCOUNT=1|PRIMER=IGHV_22|PRCOUNT=1
  LARGE_HEADER: CTAGATGATCAGTTG|CONSCOUNT=4|PRIMER=IGHV_2,IGHV_22|PRCOUNT=3,1

- GGACGCGATTTACGA
  STATUS: FOUND_DIFFERENT
  SMALL_HEADER: GGACGCGATTTACGA|CONSCOUNT=2|PRIMER=IGHV_13,IGHV_2|PRCOUNT=1,1
  LARGE_HEADER: GGACGCGATTTACGA|CONSCOUNT=28|PRIMER=IGHV_10,IGHV_13,IGHV_14,IGHV_2,IGHV_21,IGHV_22,IGHV_32,IGHV_33,IGHV_8|PRCOUNT=6,10,1,5,1,1,2,1,1

- TCACGACTCAAGACC
  STATUS: IDENTICAL
  SMALL_HEADER: TCACGACTCAAGACC|CONSCOUNT=2|PRIMER=IGHV_2|PRCOUNT=2
  LARGE_HEADER: TCACGACTCAAGACC|CONSCOUNT=2|PRIMER=IGHV_2|PRCOUNT=2

- CTCGTTCGGAGTATA
  STATUS: IDENTICAL
  SMALL_HEADER: CTCGTTCGGAGTATA|CONSCOUNT=1|PRIMER=IGHV_14|PRCOUNT=1
  LARGE_HEADER: CTCGTTCGGAGTATA|CONSCOUNT=1|PRIMER=IGHV_14|PRCOUNT=1

- TCTGCCCGCTTCGGA
  STATUS: FOUND_DIFFERENT
  SMALL_HEADER: TCTGCCCGCTTCGGA|CONSCOUNT=1|PRIMER=IGHV_42|PRCOUNT=1
  LARGE_HEADER: TCTGCCCGCTTCGGA|CONSCOUNT=2|PRIMER=IGHV_42|PRCOUNT=2

- TAAATCGTCGATGTT
  STATUS: IDENTICAL
  SMALL_HEADER: TAAATCGTCGATGTT|CONSCOUNT=1|PRIMER=IGHV_10|PRCOUNT=1
  LARGE_HEADER: TAAATCGTCGATGTT|CONSCOUNT=1|PRIMER=IGHV_10|PRCOUNT=1

- TAGGCGCGTGGACGC
  STATUS: SAME_SEQUENCE
  SMALL_HEADER: TAGGCGCGTGGACGC|CONSCOUNT=1|PRIMER=IGHV_14|PRCOUNT=1
  LARGE_HEADER: TAGGCGCGTGGACGC|CONSCOUNT=5|PRIMER=IGHV_12,IGHV_14,IGHV_2,IGHV_25|PRCOUNT=1,2,1,1

- ATATCAAAGGCCCAA
  STATUS: IDENTICAL
  SMALL_HEADER: ATATCAAAGGCCCAA|CONSCOUNT=1|PRIMER=IGHV_10|PRCOUNT=1
  LARGE_HEADER: ATATCAAAGGCCCAA|CONSCOUNT=1|PRIMER=IGHV_10|PRCOUNT=1

- TGCCATTCTAACATT
  STATUS: IDENTICAL
  SMALL_HEADER: TGCCATTCTAACATT|CONSCOUNT=1|PRIMER=IGHV_37|PRCOUNT=1
  LARGE_HEADER: TGCCATTCTAACATT|CONSCOUNT=1|PRIMER=IGHV_37|PRCOUNT=1

- GAAGTCCTCATTTAT
  STATUS: IDENTICAL
  SMALL_HEADER: GAAGTCCTCATTTAT|CONSCOUNT=1|PRIMER=IGHV_26|PRCOUNT=1
  LARGE_HEADER: GAAGTCCTCATTTAT|CONSCOUNT=1|PRIMER=IGHV_26|PRCOUNT=1

- TTAAACGTCCAGCAT
  STATUS: IDENTICAL
  SMALL_HEADER: TTAAACGTCCAGCAT|CONSCOUNT=2|PRIMER=IGHV_15,IGHV_2|PRCOUNT=1,1
  LARGE_HEADER: TTAAACGTCCAGCAT|CONSCOUNT=2|PRIMER=IGHV_15,IGHV_2|PRCOUNT=1,1

- ACCTGACCCCCATTT
  STATUS: IDENTICAL
  SMALL_HEADER: ACCTGACCCCCATTT|CONSCOUNT=1|PRIMER=IGHV_12|PRCOUNT=1
  LARGE_HEADER: ACCTGACCCCCATTT|CONSCOUNT=1|PRIMER=IGHV_12|PRCOUNT=1

- GTGTGATGAAATCCG
  STATUS: FOUND_DIFFERENT
  SMALL_HEADER: GTGTGATGAAATCCG|CONSCOUNT=2|PRIMER=IGHV_10|PRCOUNT=2
  LARGE_HEADER: GTGTGATGAAATCCG|CONSCOUNT=7|PRIMER=IGHV_10,IGHV_12,IGHV_2,IGHV_28|PRCOUNT=2,2,2,1

- TCAGAAAAGGGGGCT
  STATUS: SAME_SEQUENCE
  SMALL_HEADER: TCAGAAAAGGGGGCT|CONSCOUNT=1|PRIMER=IGHV_26|PRCOUNT=1
  LARGE_HEADER: TCAGAAAAGGGGGCT|CONSCOUNT=5|PRIMER=IGHV_13,IGHV_2,IGHV_26,IGHV_33,IGHV_9|PRCOUNT=1,1,1,1,1

- TCTCAGGTTTTGCTG
  STATUS: FOUND_DIFFERENT
  SMALL_HEADER: TCTCAGGTTTTGCTG|CONSCOUNT=1|PRIMER=IGHV_21|PRCOUNT=1
  LARGE_HEADER: TCTCAGGTTTTGCTG|CONSCOUNT=9|PRIMER=IGHV_12,IGHV_14,IGHV_2,IGHV_21,IGHV_30,IGHV_37,IGHV_43|PRCOUNT=2,1,2,1,1,1,1

- TGGGCGGACGTGTCC
  STATUS: FOUND_DIFFERENT
  SMALL_HEADER: TGGGCGGACGTGTCC|CONSCOUNT=2|PRIMER=IGHV_10,IGHV_2|PRCOUNT=1,1
  LARGE_HEADER: TGGGCGGACGTGTCC|CONSCOUNT=5|PRIMER=IGHV_10,IGHV_2,IGHV_21|PRCOUNT=1,3,1

- TTTCTTTATTCTACG
  STATUS: FOUND_DIFFERENT
  SMALL_HEADER: TTTCTTTATTCTACG|CONSCOUNT=1|PRIMER=IGHV_4|PRCOUNT=1
  LARGE_HEADER: TTTCTTTATTCTACG|CONSCOUNT=2|PRIMER=IGHV_4|PRCOUNT=2

- TTTATACCCATAGAG
  STATUS: IDENTICAL
  SMALL_HEADER: TTTATACCCATAGAG|CONSCOUNT=2|PRIMER=IGHV_26|PRCOUNT=2
  LARGE_HEADER: TTTATACCCATAGAG|CONSCOUNT=2|PRIMER=IGHV_26|PRCOUNT=2

- TGCCAATGTTGAATC
  STATUS: FOUND_DIFFERENT
  SMALL_HEADER: TGCCAATGTTGAATC|CONSCOUNT=1|PRIMER=IGHV_30|PRCOUNT=1
  LARGE_HEADER: TGCCAATGTTGAATC|CONSCOUNT=2|PRIMER=IGHV_27,IGHV_30|PRCOUNT=1,1

- TCTGTAAAACAGAAA
  STATUS: FOUND_DIFFERENT
  SMALL_HEADER: TCTGTAAAACAGAAA|CONSCOUNT=1|PRIMER=IGHV_2|PRCOUNT=1
  LARGE_HEADER: TCTGTAAAACAGAAA|CONSCOUNT=2|PRIMER=IGHV_2,IGHV_22|PRCOUNT=1,1

- TGTTCGCGAATGTAT
  STATUS: FOUND_DIFFERENT
  SMALL_HEADER: TGTTCGCGAATGTAT|CONSCOUNT=1|PRIMER=IGHV_13|PRCOUNT=1
  LARGE_HEADER: TGTTCGCGAATGTAT|CONSCOUNT=11|PRIMER=IGHV_13,IGHV_2,IGHV_21,IGHV_26,IGHV_32,IGHV_33|PRCOUNT=1,3,3,2,1,1

- TGGTACAACATTAGA
  STATUS: IDENTICAL
  SMALL_HEADER: TGGTACAACATTAGA|CONSCOUNT=1|PRIMER=IGHV_2|PRCOUNT=1
  LARGE_HEADER: TGGTACAACATTAGA|CONSCOUNT=1|PRIMER=IGHV_2|PRCOUNT=1

- GACGGTTAATCTGTC
  STATUS: SAME_SEQUENCE
  SMALL_HEADER: GACGGTTAATCTGTC|CONSCOUNT=1|PRIMER=IGHV_10|PRCOUNT=1
  LARGE_HEADER: GACGGTTAATCTGTC|CONSCOUNT=3|PRIMER=IGHV_10,IGHV_27|PRCOUNT=2,1

- CAAGGACGTAGTATG
  STATUS: FOUND_DIFFERENT
  SMALL_HEADER: CAAGGACGTAGTATG|CONSCOUNT=1|PRIMER=IGHV_2|PRCOUNT=1
  LARGE_HEADER: CAAGGACGTAGTATG|CONSCOUNT=2|PRIMER=IGHV_2|PRCOUNT=2

- CGTTTGTGCATATCT
  STATUS: FOUND_DIFFERENT
  SMALL_HEADER: CGTTTGTGCATATCT|CONSCOUNT=1|PRIMER=IGHV_11|PRCOUNT=1
  LARGE_HEADER: CGTTTGTGCATATCT|CONSCOUNT=2|PRIMER=IGHV_11,IGHV_14|PRCOUNT=1,1

- ATGGTCAGCCCATGT
  STATUS: FOUND_DIFFERENT
  SMALL_HEADER: ATGGTCAGCCCATGT|CONSCOUNT=1|PRIMER=IGHV_36|PRCOUNT=1
  LARGE_HEADER: ATGGTCAGCCCATGT|CONSCOUNT=117|PRIMER=IGHV_10,IGHV_11,IGHV_12,IGHV_13,IGHV_14,IGHV_15,IGHV_2,IGHV_21,IGHV_22,IGHV_26,IGHV_28,IGHV_30,IGHV_32,IGHV_33,IGHV_36,IGHV_37,IGHV_4,IGHV_40,IGHV_45,IGHV_6,IGHV_8,IGHV_9|PRCOUNT=5,7,2,4,16,5,25,1,1,4,9,4,1,1,6,4,1,3,6,7,2,3

- GAATAGTACTATGTA
  STATUS: SAME_SEQUENCE
  SMALL_HEADER: GAATAGTACTATGTA|CONSCOUNT=1|PRIMER=IGHV_27|PRCOUNT=1
  LARGE_HEADER: GAATAGTACTATGTA|CONSCOUNT=3|PRIMER=IGHV_27|PRCOUNT=3

- TGCTGAATGACTGTT
  STATUS: FOUND_DIFFERENT
  SMALL_HEADER: TGCTGAATGACTGTT|CONSCOUNT=1|PRIMER=IGHV_14|PRCOUNT=1
  LARGE_HEADER: TGCTGAATGACTGTT|CONSCOUNT=81|PRIMER=IGHV_10,IGHV_11,IGHV_13,IGHV_14,IGHV_15,IGHV_2,IGHV_22,IGHV_26,IGHV_28,IGHV_3,IGHV_30,IGHV_32,IGHV_4,IGHV_41,IGHV_45,IGHV_7,IGHV_8,IGHV_9|PRCOUNT=2,1,1,11,1,13,1,1,7,1,1,1,23,8,1,4,2,2

- TAAAAGGTTATTGTT
  STATUS: FOUND_DIFFERENT
  SMALL_HEADER: TAAAAGGTTATTGTT|CONSCOUNT=1|PRIMER=IGHV_27|PRCOUNT=1
  LARGE_HEADER: TAAAAGGTTATTGTT|CONSCOUNT=2|PRIMER=IGHV_27|PRCOUNT=2

- ATGTGTGCTCCAGAA
  STATUS: FOUND_DIFFERENT
  SMALL_HEADER: ATGTGTGCTCCAGAA|CONSCOUNT=1|PRIMER=IGHV_27|PRCOUNT=1
  LARGE_HEADER: ATGTGTGCTCCAGAA|CONSCOUNT=2|PRIMER=IGHV_27|PRCOUNT=2

- CAGGCTATTGGTGTG
  STATUS: FOUND_DIFFERENT
  SMALL_HEADER: CAGGCTATTGGTGTG|CONSCOUNT=1|PRIMER=IGHV_13|PRCOUNT=1
  LARGE_HEADER: CAGGCTATTGGTGTG|CONSCOUNT=16|PRIMER=IGHV_13,IGHV_2,IGHV_21,IGHV_33,IGHV_36|PRCOUNT=2,8,1,4,1

- ACAGGGCTAGCTTTA
  STATUS: FOUND_DIFFERENT
  SMALL_HEADER: ACAGGGCTAGCTTTA|CONSCOUNT=2|PRIMER=IGHV_10,IGHV_12|PRCOUNT=1,1
  LARGE_HEADER: ACAGGGCTAGCTTTA|CONSCOUNT=86|PRIMER=IGHV_10,IGHV_11,IGHV_12,IGHV_14,IGHV_15,IGHV_2,IGHV_21,IGHV_26,IGHV_28,IGHV_30,IGHV_32,IGHV_33,IGHV_36,IGHV_40,IGHV_6|PRCOUNT=12,3,3,11,1,24,9,4,1,5,4,3,1,3,2

- CGTGATGGTTGAGAA
  STATUS: FOUND_DIFFERENT
  SMALL_HEADER: CGTGATGGTTGAGAA|CONSCOUNT=1|PRIMER=IGHV_6|PRCOUNT=1
  LARGE_HEADER: CGTGATGGTTGAGAA|CONSCOUNT=2|PRIMER=IGHV_25,IGHV_6|PRCOUNT=1,1

- CAACCACAACTCTTT
  STATUS: FOUND_DIFFERENT
  SMALL_HEADER: CAACCACAACTCTTT|CONSCOUNT=1|PRIMER=IGHV_33|PRCOUNT=1
  LARGE_HEADER: CAACCACAACTCTTT|CONSCOUNT=2|PRIMER=IGHV_33|PRCOUNT=2

- GCTGCGTTCGGAATT
  STATUS: FOUND_DIFFERENT
  SMALL_HEADER: GCTGCGTTCGGAATT|CONSCOUNT=1|PRIMER=IGHV_2|PRCOUNT=1
  LARGE_HEADER: GCTGCGTTCGGAATT|CONSCOUNT=6|PRIMER=IGHV_10,IGHV_2,IGHV_36,IGHV_40|PRCOUNT=1,3,1,1

- GAAAGATCTTATTTC
  STATUS: FOUND_DIFFERENT
  SMALL_HEADER: GAAAGATCTTATTTC|CONSCOUNT=1|PRIMER=IGHV_2|PRCOUNT=1
  LARGE_HEADER: GAAAGATCTTATTTC|CONSCOUNT=4|PRIMER=IGHV_1,IGHV_2,IGHV_30,IGHV_33|PRCOUNT=1,1,1,1

- GCTTACGAGTTTTGC
  STATUS: SAME_SEQUENCE
  SMALL_HEADER: GCTTACGAGTTTTGC|CONSCOUNT=3|PRIMER=IGHV_13,IGHV_14,IGHV_39|PRCOUNT=1,1,1
  LARGE_HEADER: GCTTACGAGTTTTGC|CONSCOUNT=13|PRIMER=IGHV_13,IGHV_14,IGHV_2,IGHV_33,IGHV_39,IGHV_40|PRCOUNT=2,2,3,2,3,1

- CGCTCGGATGGCCGT
  STATUS: SAME_SEQUENCE
  SMALL_HEADER: CGCTCGGATGGCCGT|CONSCOUNT=1|PRIMER=IGHV_2|PRCOUNT=1
  LARGE_HEADER: CGCTCGGATGGCCGT|CONSCOUNT=3|PRIMER=IGHV_2|PRCOUNT=3

- GGGAGGCCACTACTT
  STATUS: SAME_SEQUENCE
  SMALL_HEADER: GGGAGGCCACTACTT|CONSCOUNT=3|PRIMER=IGHV_3,IGHV_32|PRCOUNT=2,1
  LARGE_HEADER: GGGAGGCCACTACTT|CONSCOUNT=62|PRIMER=IGHV_2,IGHV_3,IGHV_32,IGHV_39,IGHV_4,IGHV_44,IGHV_7|PRCOUNT=2,30,4,5,1,11,9

- AAAATTCGTGTATAT
  STATUS: IDENTICAL
  SMALL_HEADER: AAAATTCGTGTATAT|CONSCOUNT=1|PRIMER=IGHV_10|PRCOUNT=1
  LARGE_HEADER: AAAATTCGTGTATAT|CONSCOUNT=1|PRIMER=IGHV_10|PRCOUNT=1

- GTATCTCCAGGTGGG
  STATUS: IDENTICAL
  SMALL_HEADER: GTATCTCCAGGTGGG|CONSCOUNT=1|PRIMER=IGHV_27|PRCOUNT=1
  LARGE_HEADER: GTATCTCCAGGTGGG|CONSCOUNT=1|PRIMER=IGHV_27|PRCOUNT=1

- CTTCACAGAAGTAAT
  STATUS: FOUND_DIFFERENT
  SMALL_HEADER: CTTCACAGAAGTAAT|CONSCOUNT=1|PRIMER=IGHV_2|PRCOUNT=1
  LARGE_HEADER: CTTCACAGAAGTAAT|CONSCOUNT=3|PRIMER=IGHV_13,IGHV_2,IGHV_26|PRCOUNT=1,1,1

- GTAGTAAGTGTGCAC
  STATUS: FOUND_DIFFERENT
  SMALL_HEADER: GTAGTAAGTGTGCAC|CONSCOUNT=1|PRIMER=IGHV_4|PRCOUNT=1
  LARGE_HEADER: GTAGTAAGTGTGCAC|CONSCOUNT=7|PRIMER=IGHV_10,IGHV_4|PRCOUNT=2,5

- GAAAAGCTGAGGATT
  STATUS: SAME_SEQUENCE
  SMALL_HEADER: GAAAAGCTGAGGATT|CONSCOUNT=1|PRIMER=IGHV_2|PRCOUNT=1
  LARGE_HEADER: GAAAAGCTGAGGATT|CONSCOUNT=3|PRIMER=IGHV_10,IGHV_15,IGHV_2|PRCOUNT=1,1,1

- TAACACCGCTCCCAG
  STATUS: SAME_SEQUENCE
  SMALL_HEADER: TAACACCGCTCCCAG|CONSCOUNT=1|PRIMER=IGHV_17|PRCOUNT=1
  LARGE_HEADER: TAACACCGCTCCCAG|CONSCOUNT=3|PRIMER=IGHV_17,IGHV_35|PRCOUNT=2,1

- GGTTTGTCATGCAAT
  STATUS: IDENTICAL
  SMALL_HEADER: GGTTTGTCATGCAAT|CONSCOUNT=1|PRIMER=IGHV_32|PRCOUNT=1
  LARGE_HEADER: GGTTTGTCATGCAAT|CONSCOUNT=1|PRIMER=IGHV_32|PRCOUNT=1

- TGCATGGGGTTTAAA
  STATUS: FOUND_DIFFERENT
  SMALL_HEADER: TGCATGGGGTTTAAA|CONSCOUNT=2|PRIMER=IGHV_22,IGHV_26|PRCOUNT=1,1
  LARGE_HEADER: TGCATGGGGTTTAAA|CONSCOUNT=7|PRIMER=IGHV_2,IGHV_22,IGHV_26,IGHV_40|PRCOUNT=2,3,1,1

- CGCGGTAGAGTTTAT
  STATUS: IDENTICAL
  SMALL_HEADER: CGCGGTAGAGTTTAT|CONSCOUNT=1|PRIMER=IGHV_44|PRCOUNT=1
  LARGE_HEADER: CGCGGTAGAGTTTAT|CONSCOUNT=1|PRIMER=IGHV_44|PRCOUNT=1

- TGGGTTCTTGCTCTT
  STATUS: SAME_SEQUENCE
  SMALL_HEADER: TGGGTTCTTGCTCTT|CONSCOUNT=1|PRIMER=IGHV_1|PRCOUNT=1
  LARGE_HEADER: TGGGTTCTTGCTCTT|CONSCOUNT=11|PRIMER=IGHV_1|PRCOUNT=11

- GGGTCCGGGGATATG
  STATUS: FOUND_DIFFERENT
  SMALL_HEADER: GGGTCCGGGGATATG|CONSCOUNT=1|PRIMER=IGHV_12|PRCOUNT=1
  LARGE_HEADER: GGGTCCGGGGATATG|CONSCOUNT=57|PRIMER=IGHV_10,IGHV_12,IGHV_14,IGHV_15,IGHV_2,IGHV_21,IGHV_26,IGHV_36,IGHV_39,IGHV_4,IGHV_41,IGHV_42,IGHV_6|PRCOUNT=5,2,1,3,8,2,3,1,4,18,3,1,6

- TTTGGGCTCGTATAC
  STATUS: FOUND_DIFFERENT
  SMALL_HEADER: TTTGGGCTCGTATAC|CONSCOUNT=1|PRIMER=IGHV_2|PRCOUNT=1
  LARGE_HEADER: TTTGGGCTCGTATAC|CONSCOUNT=37|PRIMER=IGHV_10,IGHV_12,IGHV_14,IGHV_2,IGHV_30,IGHV_32,IGHV_37,IGHV_41|PRCOUNT=5,1,7,8,7,2,6,1

- TGTCCACAAACGTCA
  STATUS: IDENTICAL
  SMALL_HEADER: TGTCCACAAACGTCA|CONSCOUNT=1|PRIMER=IGHV_11|PRCOUNT=1
  LARGE_HEADER: TGTCCACAAACGTCA|CONSCOUNT=1|PRIMER=IGHV_11|PRCOUNT=1

- GGGACGGACGGCAGA
  STATUS: FOUND_DIFFERENT
  SMALL_HEADER: GGGACGGACGGCAGA|CONSCOUNT=2|PRIMER=IGHV_14,IGHV_2|PRCOUNT=1,1
  LARGE_HEADER: GGGACGGACGGCAGA|CONSCOUNT=4|PRIMER=IGHV_13,IGHV_14,IGHV_2|PRCOUNT=1,1,2

- GTCCCTATGTGCGCC
  STATUS: FOUND_DIFFERENT
  SMALL_HEADER: GTCCCTATGTGCGCC|CONSCOUNT=1|PRIMER=IGHV_33|PRCOUNT=1
  LARGE_HEADER: GTCCCTATGTGCGCC|CONSCOUNT=2|PRIMER=IGHV_12,IGHV_33|PRCOUNT=1,1

- CACCCTTGGAATCTG
  STATUS: FOUND_DIFFERENT
  SMALL_HEADER: CACCCTTGGAATCTG|CONSCOUNT=1|PRIMER=IGHV_45|PRCOUNT=1
  LARGE_HEADER: CACCCTTGGAATCTG|CONSCOUNT=3|PRIMER=IGHV_10,IGHV_45,IGHV_9|PRCOUNT=1,1,1

- TTAAATAGGATTTCA
  STATUS: IDENTICAL
  SMALL_HEADER: TTAAATAGGATTTCA|CONSCOUNT=1|PRIMER=IGHV_27|PRCOUNT=1
  LARGE_HEADER: TTAAATAGGATTTCA|CONSCOUNT=1|PRIMER=IGHV_27|PRCOUNT=1

- TGCACTATTTCTTAA
  STATUS: FOUND_DIFFERENT
  SMALL_HEADER: TGCACTATTTCTTAA|CONSCOUNT=1|PRIMER=IGHV_11|PRCOUNT=1
  LARGE_HEADER: TGCACTATTTCTTAA|CONSCOUNT=5|PRIMER=IGHV_11,IGHV_41,IGHV_45|PRCOUNT=3,1,1

- GTAACTTACCTAATT
  STATUS: FOUND_DIFFERENT
  SMALL_HEADER: GTAACTTACCTAATT|CONSCOUNT=1|PRIMER=IGHV_10|PRCOUNT=1
  LARGE_HEADER: GTAACTTACCTAATT|CONSCOUNT=9|PRIMER=IGHV_10,IGHV_14,IGHV_2,IGHV_28,IGHV_8|PRCOUNT=1,3,2,2,1

- AACGGTTATTCAAGT
  STATUS: IDENTICAL
  SMALL_HEADER: AACGGTTATTCAAGT|CONSCOUNT=1|PRIMER=IGHV_2|PRCOUNT=1
  LARGE_HEADER: AACGGTTATTCAAGT|CONSCOUNT=1|PRIMER=IGHV_2|PRCOUNT=1

- GAAAAACTCACCTTT
  STATUS: IDENTICAL
  SMALL_HEADER: GAAAAACTCACCTTT|CONSCOUNT=1|PRIMER=IGHV_27|PRCOUNT=1
  LARGE_HEADER: GAAAAACTCACCTTT|CONSCOUNT=1|PRIMER=IGHV_27|PRCOUNT=1

- GCAGGCAATGGAGCG
  STATUS: FOUND_DIFFERENT
  SMALL_HEADER: GCAGGCAATGGAGCG|CONSCOUNT=2|PRIMER=IGHV_10,IGHV_2|PRCOUNT=1,1
  LARGE_HEADER: GCAGGCAATGGAGCG|CONSCOUNT=52|PRIMER=IGHV_10,IGHV_13,IGHV_14,IGHV_15,IGHV_2,IGHV_21,IGHV_22,IGHV_33,IGHV_36,IGHV_40,IGHV_9|PRCOUNT=14,3,1,4,15,1,1,1,9,1,2

- AGAATATTGTCGTAT
  STATUS: FOUND_DIFFERENT
  SMALL_HEADER: AGAATATTGTCGTAT|CONSCOUNT=1|PRIMER=IGHV_2|PRCOUNT=1
  LARGE_HEADER: AGAATATTGTCGTAT|CONSCOUNT=2|PRIMER=IGHV_2,IGHV_26|PRCOUNT=1,1

- TTGCTTCATTTCGTA
  STATUS: FOUND_DIFFERENT
  SMALL_HEADER: TTGCTTCATTTCGTA|CONSCOUNT=1|PRIMER=IGHV_4|PRCOUNT=1
  LARGE_HEADER: TTGCTTCATTTCGTA|CONSCOUNT=6|PRIMER=IGHV_14,IGHV_4,IGHV_45|PRCOUNT=1,4,1

- TTTTGGCATGGTCCT
  STATUS: FOUND_DIFFERENT
  SMALL_HEADER: TTTTGGCATGGTCCT|CONSCOUNT=1|PRIMER=IGHV_25|PRCOUNT=1
  LARGE_HEADER: TTTTGGCATGGTCCT|CONSCOUNT=44|PRIMER=IGHV_10,IGHV_11,IGHV_12,IGHV_13,IGHV_14,IGHV_16,IGHV_2,IGHV_22,IGHV_25,IGHV_28,IGHV_32,IGHV_41,IGHV_45,IGHV_8,IGHV_9|PRCOUNT=5,1,2,1,6,1,6,1,1,2,1,7,2,5,3

- GCTGTGGGGGGACGC
  STATUS: FOUND_DIFFERENT
  SMALL_HEADER: GCTGTGGGGGGACGC|CONSCOUNT=1|PRIMER=IGHV_8|PRCOUNT=1
  LARGE_HEADER: GCTGTGGGGGGACGC|CONSCOUNT=4|PRIMER=IGHV_2,IGHV_33,IGHV_8|PRCOUNT=1,2,1

- CGGTTTAAGTAACAT
  STATUS: IDENTICAL
  SMALL_HEADER: CGGTTTAAGTAACAT|CONSCOUNT=1|PRIMER=IGHV_14|PRCOUNT=1
  LARGE_HEADER: CGGTTTAAGTAACAT|CONSCOUNT=1|PRIMER=IGHV_14|PRCOUNT=1

- ATCGTGCAATTGGCG
  STATUS: FOUND_DIFFERENT
  SMALL_HEADER: ATCGTGCAATTGGCG|CONSCOUNT=1|PRIMER=IGHV_26|PRCOUNT=1
  LARGE_HEADER: ATCGTGCAATTGGCG|CONSCOUNT=3|PRIMER=IGHV_12,IGHV_26,IGHV_37|PRCOUNT=1,1,1

- TAAGGTACTTTTCGA
  STATUS: FOUND_DIFFERENT
  SMALL_HEADER: TAAGGTACTTTTCGA|CONSCOUNT=1|PRIMER=IGHV_27|PRCOUNT=1
  LARGE_HEADER: TAAGGTACTTTTCGA|CONSCOUNT=2|PRIMER=IGHV_27|PRCOUNT=2

- TGGGGTTGCGTCAGT
  STATUS: FOUND_DIFFERENT
  SMALL_HEADER: TGGGGTTGCGTCAGT|CONSCOUNT=1|PRIMER=IGHV_13|PRCOUNT=1
  LARGE_HEADER: TGGGGTTGCGTCAGT|CONSCOUNT=57|PRIMER=IGHV_10,IGHV_12,IGHV_13,IGHV_15,IGHV_2,IGHV_26,IGHV_28,IGHV_32,IGHV_33,IGHV_40,IGHV_43,IGHV_8|PRCOUNT=4,1,6,3,22,1,8,6,3,1,1,1

- TTCCAGGAATGATTG
  STATUS: IDENTICAL
  SMALL_HEADER: TTCCAGGAATGATTG|CONSCOUNT=1|PRIMER=IGHV_17|PRCOUNT=1
  LARGE_HEADER: TTCCAGGAATGATTG|CONSCOUNT=1|PRIMER=IGHV_17|PRCOUNT=1

- CACCCTGTACAGGTT
  STATUS: FOUND_DIFFERENT
  SMALL_HEADER: CACCCTGTACAGGTT|CONSCOUNT=2|PRIMER=IGHV_10,IGHV_2|PRCOUNT=1,1
  LARGE_HEADER: CACCCTGTACAGGTT|CONSCOUNT=6|PRIMER=IGHV_10,IGHV_13,IGHV_2|PRCOUNT=1,1,4

- ATTTAAAACTGAAAT
  STATUS: FOUND_DIFFERENT
  SMALL_HEADER: ATTTAAAACTGAAAT|CONSCOUNT=1|PRIMER=IGHV_2|PRCOUNT=1
  LARGE_HEADER: ATTTAAAACTGAAAT|CONSCOUNT=3|PRIMER=IGHV_14,IGHV_2,IGHV_32|PRCOUNT=1,1,1

- TCAACGCAGTCTTTA
  STATUS: FOUND_DIFFERENT
  SMALL_HEADER: TCAACGCAGTCTTTA|CONSCOUNT=1|PRIMER=IGHV_2|PRCOUNT=1
  LARGE_HEADER: TCAACGCAGTCTTTA|CONSCOUNT=13|PRIMER=IGHV_14,IGHV_15,IGHV_2|PRCOUNT=1,2,10

- AGTCTCACCTTTTGT
  STATUS: FOUND_DIFFERENT
  SMALL_HEADER: AGTCTCACCTTTTGT|CONSCOUNT=1|PRIMER=IGHV_12|PRCOUNT=1
  LARGE_HEADER: AGTCTCACCTTTTGT|CONSCOUNT=4|PRIMER=IGHV_12,IGHV_21,IGHV_33|PRCOUNT=1,1,2

- TACATCTTCAGGGTA
  STATUS: FOUND_DIFFERENT
  SMALL_HEADER: TACATCTTCAGGGTA|CONSCOUNT=1|PRIMER=IGHV_2|PRCOUNT=1
  LARGE_HEADER: TACATCTTCAGGGTA|CONSCOUNT=3|PRIMER=IGHV_15,IGHV_2|PRCOUNT=1,2

- AGCACACGTCATTGG
  STATUS: FOUND_DIFFERENT
  SMALL_HEADER: AGCACACGTCATTGG|CONSCOUNT=1|PRIMER=IGHV_2|PRCOUNT=1
  LARGE_HEADER: AGCACACGTCATTGG|CONSCOUNT=4|PRIMER=IGHV_14,IGHV_2|PRCOUNT=1,3

- GGTATATCTTAGTAT
  STATUS: FOUND_DIFFERENT
  SMALL_HEADER: GGTATATCTTAGTAT|CONSCOUNT=1|PRIMER=IGHV_36|PRCOUNT=1
  LARGE_HEADER: GGTATATCTTAGTAT|CONSCOUNT=14|PRIMER=IGHV_2,IGHV_33,IGHV_36|PRCOUNT=9,3,2

- CTATACTACTTAAAT
  STATUS: FOUND_DIFFERENT
  SMALL_HEADER: CTATACTACTTAAAT|CONSCOUNT=1|PRIMER=IGHV_10|PRCOUNT=1
  LARGE_HEADER: CTATACTACTTAAAT|CONSCOUNT=8|PRIMER=IGHV_10,IGHV_14,IGHV_15,IGHV_2,IGHV_26,IGHV_28|PRCOUNT=2,2,1,1,1,1

- AAGAACTCTTCAAAG
  STATUS: SAME_SEQUENCE
  SMALL_HEADER: AAGAACTCTTCAAAG|CONSCOUNT=1|PRIMER=IGHV_2|PRCOUNT=1
  LARGE_HEADER: AAGAACTCTTCAAAG|CONSCOUNT=2|PRIMER=IGHV_2|PRCOUNT=2

- GAAGACATCGCGTAT
  STATUS: FOUND_DIFFERENT
  SMALL_HEADER: GAAGACATCGCGTAT|CONSCOUNT=1|PRIMER=IGHV_27|PRCOUNT=1
  LARGE_HEADER: GAAGACATCGCGTAT|CONSCOUNT=7|PRIMER=IGHV_10,IGHV_27|PRCOUNT=1,6

- TGGCATGGCTTTGAC
  STATUS: FOUND_DIFFERENT
  SMALL_HEADER: TGGCATGGCTTTGAC|CONSCOUNT=1|PRIMER=IGHV_37|PRCOUNT=1
  LARGE_HEADER: TGGCATGGCTTTGAC|CONSCOUNT=25|PRIMER=IGHV_11,IGHV_12,IGHV_14,IGHV_15,IGHV_2,IGHV_26,IGHV_28,IGHV_30,IGHV_36,IGHV_37,IGHV_40,IGHV_8|PRCOUNT=1,1,3,1,2,6,4,2,1,1,1,2

- TAAATGTGCCCTTTA
  STATUS: FOUND_DIFFERENT
  SMALL_HEADER: TAAATGTGCCCTTTA|CONSCOUNT=1|PRIMER=IGHV_2|PRCOUNT=1
  LARGE_HEADER: TAAATGTGCCCTTTA|CONSCOUNT=7|PRIMER=IGHV_2,IGHV_6|PRCOUNT=6,1

- CGGGGGGGGGCGCCG
  STATUS: IDENTICAL
  SMALL_HEADER: CGGGGGGGGGCGCCG|CONSCOUNT=1|PRIMER=IGHV_13|PRCOUNT=1
  LARGE_HEADER: CGGGGGGGGGCGCCG|CONSCOUNT=1|PRIMER=IGHV_13|PRCOUNT=1

- CGAGGCGAATAGCTG
  STATUS: SAME_SEQUENCE
  SMALL_HEADER: CGAGGCGAATAGCTG|CONSCOUNT=1|PRIMER=IGHV_37|PRCOUNT=1
  LARGE_HEADER: CGAGGCGAATAGCTG|CONSCOUNT=3|PRIMER=IGHV_11,IGHV_37|PRCOUNT=1,2

- AGCGCCACTCAACTT
  STATUS: FOUND_DIFFERENT
  SMALL_HEADER: AGCGCCACTCAACTT|CONSCOUNT=1|PRIMER=IGHV_4|PRCOUNT=1
  LARGE_HEADER: AGCGCCACTCAACTT|CONSCOUNT=2|PRIMER=IGHV_2,IGHV_4|PRCOUNT=1,1

- CGAAAACATTCTAGG
  STATUS: FOUND_DIFFERENT
  SMALL_HEADER: CGAAAACATTCTAGG|CONSCOUNT=1|PRIMER=IGHV_42|PRCOUNT=1
  LARGE_HEADER: CGAAAACATTCTAGG|CONSCOUNT=14|PRIMER=IGHV_14,IGHV_2,IGHV_37,IGHV_42|PRCOUNT=8,1,3,2

- ATCTGCTTGTAACTT
  STATUS: IDENTICAL
  SMALL_HEADER: ATCTGCTTGTAACTT|CONSCOUNT=1|PRIMER=IGHV_4|PRCOUNT=1
  LARGE_HEADER: ATCTGCTTGTAACTT|CONSCOUNT=1|PRIMER=IGHV_4|PRCOUNT=1

- GGACCGTGCCATACG
  STATUS: IDENTICAL
  SMALL_HEADER: GGACCGTGCCATACG|CONSCOUNT=1|PRIMER=IGHV_12|PRCOUNT=1
  LARGE_HEADER: GGACCGTGCCATACG|CONSCOUNT=1|PRIMER=IGHV_12|PRCOUNT=1

- ACCTTCGGCGTTGTA
  STATUS: FOUND_DIFFERENT
  SMALL_HEADER: ACCTTCGGCGTTGTA|CONSCOUNT=1|PRIMER=IGHV_2|PRCOUNT=1
  LARGE_HEADER: ACCTTCGGCGTTGTA|CONSCOUNT=4|PRIMER=IGHV_14,IGHV_2,IGHV_21|PRCOUNT=1,2,1

- AAGCATATTTCTGCT
  STATUS: FOUND_DIFFERENT
  SMALL_HEADER: AAGCATATTTCTGCT|CONSCOUNT=1|PRIMER=IGHV_27|PRCOUNT=1
  LARGE_HEADER: AAGCATATTTCTGCT|CONSCOUNT=3|PRIMER=IGHV_10,IGHV_27|PRCOUNT=1,2

- TGGCGTAGTGGCTGG
  STATUS: IDENTICAL
  SMALL_HEADER: TGGCGTAGTGGCTGG|CONSCOUNT=1|PRIMER=IGHV_3|PRCOUNT=1
  LARGE_HEADER: TGGCGTAGTGGCTGG|CONSCOUNT=1|PRIMER=IGHV_3|PRCOUNT=1

- CTTACTTAGGGGGGC
  STATUS: SAME_SEQUENCE
  SMALL_HEADER: CTTACTTAGGGGGGC|CONSCOUNT=1|PRIMER=IGHV_17|PRCOUNT=1
  LARGE_HEADER: CTTACTTAGGGGGGC|CONSCOUNT=3|PRIMER=IGHV_17|PRCOUNT=3

- CTTCGCATAGTGAAA
  STATUS: IDENTICAL
  SMALL_HEADER: CTTCGCATAGTGAAA|CONSCOUNT=1|PRIMER=IGHV_2|PRCOUNT=1
  LARGE_HEADER: CTTCGCATAGTGAAA|CONSCOUNT=1|PRIMER=IGHV_2|PRCOUNT=1

- GGAAATCAACACATA
  STATUS: FOUND_DIFFERENT
  SMALL_HEADER: GGAAATCAACACATA|CONSCOUNT=1|PRIMER=IGHV_14|PRCOUNT=1
  LARGE_HEADER: GGAAATCAACACATA|CONSCOUNT=2|PRIMER=IGHV_14|PRCOUNT=2

- CGAGTGTTACAGTGT
  STATUS: FOUND_DIFFERENT
  SMALL_HEADER: CGAGTGTTACAGTGT|CONSCOUNT=2|PRIMER=IGHV_12,IGHV_28|PRCOUNT=1,1
  LARGE_HEADER: CGAGTGTTACAGTGT|CONSCOUNT=7|PRIMER=IGHV_12,IGHV_15,IGHV_2,IGHV_28,IGHV_37|PRCOUNT=1,1,3,1,1

- TGATGGTCATGTGGG
  STATUS: SAME_SEQUENCE
  SMALL_HEADER: TGATGGTCATGTGGG|CONSCOUNT=2|PRIMER=IGHV_36,IGHV_37|PRCOUNT=1,1
  LARGE_HEADER: TGATGGTCATGTGGG|CONSCOUNT=18|PRIMER=IGHV_10,IGHV_14,IGHV_2,IGHV_21,IGHV_36,IGHV_37|PRCOUNT=3,7,3,2,1,2

- ACAAAGATTCTTGGT
  STATUS: FOUND_DIFFERENT
  SMALL_HEADER: ACAAAGATTCTTGGT|CONSCOUNT=1|PRIMER=IGHV_2|PRCOUNT=1
  LARGE_HEADER: ACAAAGATTCTTGGT|CONSCOUNT=11|PRIMER=IGHV_10,IGHV_14,IGHV_15,IGHV_2,IGHV_33,IGHV_40|PRCOUNT=1,3,1,4,1,1

- GAACAGAAGGCAAGT
  STATUS: FOUND_DIFFERENT
  SMALL_HEADER: GAACAGAAGGCAAGT|CONSCOUNT=1|PRIMER=IGHV_33|PRCOUNT=1
  LARGE_HEADER: GAACAGAAGGCAAGT|CONSCOUNT=2|PRIMER=IGHV_2,IGHV_33|PRCOUNT=1,1

- GACGATTAGTTAATA
  STATUS: IDENTICAL
  SMALL_HEADER: GACGATTAGTTAATA|CONSCOUNT=1|PRIMER=IGHV_1|PRCOUNT=1
  LARGE_HEADER: GACGATTAGTTAATA|CONSCOUNT=1|PRIMER=IGHV_1|PRCOUNT=1

- GGAAGGAGCTCGTCC
  STATUS: FOUND_DIFFERENT
  SMALL_HEADER: GGAAGGAGCTCGTCC|CONSCOUNT=1|PRIMER=IGHV_27|PRCOUNT=1
  LARGE_HEADER: GGAAGGAGCTCGTCC|CONSCOUNT=2|PRIMER=IGHV_27|PRCOUNT=2

- TGATCTAATGTGTTA
  STATUS: IDENTICAL
  SMALL_HEADER: TGATCTAATGTGTTA|CONSCOUNT=1|PRIMER=IGHV_1|PRCOUNT=1
  LARGE_HEADER: TGATCTAATGTGTTA|CONSCOUNT=1|PRIMER=IGHV_1|PRCOUNT=1

- CAAAGAAGGTTTAGC
  STATUS: IDENTICAL
  SMALL_HEADER: CAAAGAAGGTTTAGC|CONSCOUNT=1|PRIMER=IGHV_37|PRCOUNT=1
  LARGE_HEADER: CAAAGAAGGTTTAGC|CONSCOUNT=1|PRIMER=IGHV_37|PRCOUNT=1

- GCAGCGAAAGCTAAA
  STATUS: FOUND_DIFFERENT
  SMALL_HEADER: GCAGCGAAAGCTAAA|CONSCOUNT=1|PRIMER=IGHV_27|PRCOUNT=1
  LARGE_HEADER: GCAGCGAAAGCTAAA|CONSCOUNT=5|PRIMER=IGHV_27|PRCOUNT=5

- ATACTTCTGACGCAT
  STATUS: IDENTICAL
  SMALL_HEADER: ATACTTCTGACGCAT|CONSCOUNT=1|PRIMER=IGHV_6|PRCOUNT=1
  LARGE_HEADER: ATACTTCTGACGCAT|CONSCOUNT=1|PRIMER=IGHV_6|PRCOUNT=1

- ATAGTAATTTTATCA
  STATUS: IDENTICAL
  SMALL_HEADER: ATAGTAATTTTATCA|CONSCOUNT=1|PRIMER=IGHV_27|PRCOUNT=1
  LARGE_HEADER: ATAGTAATTTTATCA|CONSCOUNT=1|PRIMER=IGHV_27|PRCOUNT=1

- CCAACAGTACTTTAT
  STATUS: FOUND_DIFFERENT
  SMALL_HEADER: CCAACAGTACTTTAT|CONSCOUNT=1|PRIMER=IGHV_10|PRCOUNT=1
  LARGE_HEADER: CCAACAGTACTTTAT|CONSCOUNT=4|PRIMER=IGHV_10,IGHV_27|PRCOUNT=2,2

- GCGTATTTTCATGTC
  STATUS: FOUND_DIFFERENT
  SMALL_HEADER: GCGTATTTTCATGTC|CONSCOUNT=1|PRIMER=IGHV_1|PRCOUNT=1
  LARGE_HEADER: GCGTATTTTCATGTC|CONSCOUNT=4|PRIMER=IGHV_1|PRCOUNT=4

- GAGCTGGTTTTAAGA
  STATUS: IDENTICAL
  SMALL_HEADER: GAGCTGGTTTTAAGA|CONSCOUNT=1|PRIMER=IGHV_28|PRCOUNT=1
  LARGE_HEADER: GAGCTGGTTTTAAGA|CONSCOUNT=1|PRIMER=IGHV_28|PRCOUNT=1

- GGGCCTGTTGTGTGA
  STATUS: FOUND_DIFFERENT
  SMALL_HEADER: GGGCCTGTTGTGTGA|CONSCOUNT=1|PRIMER=IGHV_5|PRCOUNT=1
  LARGE_HEADER: GGGCCTGTTGTGTGA|CONSCOUNT=40|PRIMER=IGHV_14,IGHV_37,IGHV_5|PRCOUNT=1,2,37

- GTTCGGGTCGGTGGT
  STATUS: SAME_SEQUENCE
  SMALL_HEADER: GTTCGGGTCGGTGGT|CONSCOUNT=2|PRIMER=IGHV_14,IGHV_2|PRCOUNT=1,1
  LARGE_HEADER: GTTCGGGTCGGTGGT|CONSCOUNT=10|PRIMER=IGHV_10,IGHV_14,IGHV_2,IGHV_40|PRCOUNT=3,1,5,1

- CACATTCCAGAATTG
  STATUS: FOUND_DIFFERENT
  SMALL_HEADER: CACATTCCAGAATTG|CONSCOUNT=1|PRIMER=IGHV_4|PRCOUNT=1
  LARGE_HEADER: CACATTCCAGAATTG|CONSCOUNT=3|PRIMER=IGHV_4|PRCOUNT=3

- CGAGGAAGTTTTTTA
  STATUS: FOUND_DIFFERENT
  SMALL_HEADER: CGAGGAAGTTTTTTA|CONSCOUNT=1|PRIMER=IGHV_17|PRCOUNT=1
  LARGE_HEADER: CGAGGAAGTTTTTTA|CONSCOUNT=11|PRIMER=IGHV_17|PRCOUNT=11

- GTGGGGAGGGGGCGG
  STATUS: FOUND_DIFFERENT
  SMALL_HEADER: GTGGGGAGGGGGCGG|CONSCOUNT=1|PRIMER=IGHV_14|PRCOUNT=1
  LARGE_HEADER: GTGGGGAGGGGGCGG|CONSCOUNT=2|PRIMER=IGHV_14|PRCOUNT=2

- ATCGGATCGTTGTCC
  STATUS: FOUND_DIFFERENT
  SMALL_HEADER: ATCGGATCGTTGTCC|CONSCOUNT=1|PRIMER=IGHV_17|PRCOUNT=1
  LARGE_HEADER: ATCGGATCGTTGTCC|CONSCOUNT=4|PRIMER=IGHV_17|PRCOUNT=4

- CGTACACTACTTGTA
  STATUS: FOUND_DIFFERENT
  SMALL_HEADER: CGTACACTACTTGTA|CONSCOUNT=1|PRIMER=IGHV_10|PRCOUNT=1
  LARGE_HEADER: CGTACACTACTTGTA|CONSCOUNT=2|PRIMER=IGHV_10,IGHV_2|PRCOUNT=1,1

- GATACTTTCTTATGA
  STATUS: FOUND_DIFFERENT
  SMALL_HEADER: GATACTTTCTTATGA|CONSCOUNT=1|PRIMER=IGHV_14|PRCOUNT=1
  LARGE_HEADER: GATACTTTCTTATGA|CONSCOUNT=3|PRIMER=IGHV_14,IGHV_2,IGHV_37|PRCOUNT=1,1,1

- GTTCGATAAACGATA
  STATUS: IDENTICAL
  SMALL_HEADER: GTTCGATAAACGATA|CONSCOUNT=1|PRIMER=IGHV_27|PRCOUNT=1
  LARGE_HEADER: GTTCGATAAACGATA|CONSCOUNT=1|PRIMER=IGHV_27|PRCOUNT=1

- TCGACTTATAATACA
  STATUS: SAME_SEQUENCE
  SMALL_HEADER: TCGACTTATAATACA|CONSCOUNT=1|PRIMER=IGHV_27|PRCOUNT=1
  LARGE_HEADER: TCGACTTATAATACA|CONSCOUNT=3|PRIMER=IGHV_27|PRCOUNT=3

- AGATTAGGTGACTAA
  STATUS: SAME_SEQUENCE
  SMALL_HEADER: AGATTAGGTGACTAA|CONSCOUNT=1|PRIMER=IGHV_6|PRCOUNT=1
  LARGE_HEADER: AGATTAGGTGACTAA|CONSCOUNT=5|PRIMER=IGHV_12,IGHV_32,IGHV_6|PRCOUNT=1,1,3

- TTAACATGGATCGGA
  STATUS: IDENTICAL
  SMALL_HEADER: TTAACATGGATCGGA|CONSCOUNT=1|PRIMER=IGHV_27|PRCOUNT=1
  LARGE_HEADER: TTAACATGGATCGGA|CONSCOUNT=1|PRIMER=IGHV_27|PRCOUNT=1

- GCTGTATAAAAAAAA
  STATUS: FOUND_DIFFERENT
  SMALL_HEADER: GCTGTATAAAAAAAA|CONSCOUNT=1|PRIMER=IGHV_21|PRCOUNT=1
  LARGE_HEADER: GCTGTATAAAAAAAA|CONSCOUNT=17|PRIMER=IGHV_14,IGHV_15,IGHV_2,IGHV_21,IGHV_36,IGHV_6|PRCOUNT=1,1,9,3,2,1

- TCATGGTGGGGAAGG
  STATUS: FOUND_DIFFERENT
  SMALL_HEADER: TCATGGTGGGGAAGG|CONSCOUNT=1|PRIMER=IGHV_2|PRCOUNT=1
  LARGE_HEADER: TCATGGTGGGGAAGG|CONSCOUNT=4|PRIMER=IGHV_10,IGHV_2,IGHV_22|PRCOUNT=1,1,2

- TTTCATGCGCCTTTG
  STATUS: FOUND_DIFFERENT
  SMALL_HEADER: TTTCATGCGCCTTTG|CONSCOUNT=1|PRIMER=IGHV_32|PRCOUNT=1
  LARGE_HEADER: TTTCATGCGCCTTTG|CONSCOUNT=3|PRIMER=IGHV_1,IGHV_32|PRCOUNT=2,1

- ATTCCCACGTCTCTT
  STATUS: FOUND_DIFFERENT
  SMALL_HEADER: ATTCCCACGTCTCTT|CONSCOUNT=1|PRIMER=IGHV_33|PRCOUNT=1
  LARGE_HEADER: ATTCCCACGTCTCTT|CONSCOUNT=2|PRIMER=IGHV_33|PRCOUNT=2

- GTTTGCGAAGTTTGC
  STATUS: IDENTICAL
  SMALL_HEADER: GTTTGCGAAGTTTGC|CONSCOUNT=1|PRIMER=IGHV_14|PRCOUNT=1
  LARGE_HEADER: GTTTGCGAAGTTTGC|CONSCOUNT=1|PRIMER=IGHV_14|PRCOUNT=1

- TTTTTCTTCGATGCT
  STATUS: IDENTICAL
  SMALL_HEADER: TTTTTCTTCGATGCT|CONSCOUNT=1|PRIMER=IGHV_27|PRCOUNT=1
  LARGE_HEADER: TTTTTCTTCGATGCT|CONSCOUNT=1|PRIMER=IGHV_27|PRCOUNT=1

- AGGGGTCAAGCTGCG
  STATUS: FOUND_DIFFERENT
  SMALL_HEADER: AGGGGTCAAGCTGCG|CONSCOUNT=1|PRIMER=IGHV_2|PRCOUNT=1
  LARGE_HEADER: AGGGGTCAAGCTGCG|CONSCOUNT=8|PRIMER=IGHV_10,IGHV_2,IGHV_21,IGHV_6|PRCOUNT=1,5,1,1

- TCTGCCGTCCCATTC
  STATUS: FOUND_DIFFERENT
  SMALL_HEADER: TCTGCCGTCCCATTC|CONSCOUNT=1|PRIMER=IGHV_10|PRCOUNT=1
  LARGE_HEADER: TCTGCCGTCCCATTC|CONSCOUNT=2|PRIMER=IGHV_10|PRCOUNT=2

- CTGGAGGGTGGAAGC
  STATUS: IDENTICAL
  SMALL_HEADER: CTGGAGGGTGGAAGC|CONSCOUNT=1|PRIMER=IGHV_3|PRCOUNT=1
  LARGE_HEADER: CTGGAGGGTGGAAGC|CONSCOUNT=1|PRIMER=IGHV_3|PRCOUNT=1

- GTCCTCACAGGATCG
  STATUS: FOUND_DIFFERENT
  SMALL_HEADER: GTCCTCACAGGATCG|CONSCOUNT=1|PRIMER=IGHV_2|PRCOUNT=1
  LARGE_HEADER: GTCCTCACAGGATCG|CONSCOUNT=15|PRIMER=IGHV_10,IGHV_11,IGHV_12,IGHV_14,IGHV_2,IGHV_21,IGHV_26,IGHV_28,IGHV_33,IGHV_45|PRCOUNT=1,1,1,4,2,1,2,1,1,1

- TTTACTTGGGGCATG
  STATUS: IDENTICAL
  SMALL_HEADER: TTTACTTGGGGCATG|CONSCOUNT=1|PRIMER=IGHV_21|PRCOUNT=1
  LARGE_HEADER: TTTACTTGGGGCATG|CONSCOUNT=1|PRIMER=IGHV_21|PRCOUNT=1

- ATCACACGGATTAAA
  STATUS: FOUND_DIFFERENT
  SMALL_HEADER: ATCACACGGATTAAA|CONSCOUNT=1|PRIMER=IGHV_14|PRCOUNT=1
  LARGE_HEADER: ATCACACGGATTAAA|CONSCOUNT=18|PRIMER=IGHV_10,IGHV_14,IGHV_15,IGHV_2,IGHV_21,IGHV_22,IGHV_25,IGHV_32,IGHV_33|PRCOUNT=2,2,2,6,1,2,1,1,1

- TGGCGAGGGGGGAAC
  STATUS: FOUND_DIFFERENT
  SMALL_HEADER: TGGCGAGGGGGGAAC|CONSCOUNT=1|PRIMER=IGHV_17|PRCOUNT=1
  LARGE_HEADER: TGGCGAGGGGGGAAC|CONSCOUNT=2|PRIMER=IGHV_17|PRCOUNT=2

- TTCACCATAGTATTT
  STATUS: SAME_SEQUENCE
  SMALL_HEADER: TTCACCATAGTATTT|CONSCOUNT=1|PRIMER=IGHV_14|PRCOUNT=1
  LARGE_HEADER: TTCACCATAGTATTT|CONSCOUNT=3|PRIMER=IGHV_14|PRCOUNT=3

- TTCGGATTTAAAGGG
  STATUS: FOUND_DIFFERENT
  SMALL_HEADER: TTCGGATTTAAAGGG|CONSCOUNT=1|PRIMER=IGHV_37|PRCOUNT=1
  LARGE_HEADER: TTCGGATTTAAAGGG|CONSCOUNT=3|PRIMER=IGHV_14,IGHV_37|PRCOUNT=1,2

- ATTAGGGACTACGAT
  STATUS: IDENTICAL
  SMALL_HEADER: ATTAGGGACTACGAT|CONSCOUNT=1|PRIMER=IGHV_27|PRCOUNT=1
  LARGE_HEADER: ATTAGGGACTACGAT|CONSCOUNT=1|PRIMER=IGHV_27|PRCOUNT=1

- AGAGGTATGGAACAA
  STATUS: FOUND_DIFFERENT
  SMALL_HEADER: AGAGGTATGGAACAA|CONSCOUNT=1|PRIMER=IGHV_13|PRCOUNT=1
  LARGE_HEADER: AGAGGTATGGAACAA|CONSCOUNT=4|PRIMER=IGHV_10,IGHV_13,IGHV_2,IGHV_40|PRCOUNT=1,1,1,1

- CACCAAACCATTGAC
  STATUS: IDENTICAL
  SMALL_HEADER: CACCAAACCATTGAC|CONSCOUNT=1|PRIMER=IGHV_35|PRCOUNT=1
  LARGE_HEADER: CACCAAACCATTGAC|CONSCOUNT=1|PRIMER=IGHV_35|PRCOUNT=1

- TGGTAAATCGAGATT
  STATUS: FOUND_DIFFERENT
  SMALL_HEADER: TGGTAAATCGAGATT|CONSCOUNT=1|PRIMER=IGHV_10|PRCOUNT=1
  LARGE_HEADER: TGGTAAATCGAGATT|CONSCOUNT=2|PRIMER=IGHV_10,IGHV_2|PRCOUNT=1,1

- ACTATAACAAAATTA
  STATUS: IDENTICAL
  SMALL_HEADER: ACTATAACAAAATTA|CONSCOUNT=1|PRIMER=IGHV_27|PRCOUNT=1
  LARGE_HEADER: ACTATAACAAAATTA|CONSCOUNT=1|PRIMER=IGHV_27|PRCOUNT=1

- GGGCTGGTTGTACTG
  STATUS: IDENTICAL
  SMALL_HEADER: GGGCTGGTTGTACTG|CONSCOUNT=1|PRIMER=IGHV_27|PRCOUNT=1
  LARGE_HEADER: GGGCTGGTTGTACTG|CONSCOUNT=1|PRIMER=IGHV_27|PRCOUNT=1

- TCTTGTGGACTGTGA
  STATUS: IDENTICAL
  SMALL_HEADER: TCTTGTGGACTGTGA|CONSCOUNT=1|PRIMER=IGHV_13|PRCOUNT=1
  LARGE_HEADER: TCTTGTGGACTGTGA|CONSCOUNT=1|PRIMER=IGHV_13|PRCOUNT=1

- GTACAAGTTCCGATT
  STATUS: FOUND_DIFFERENT
  SMALL_HEADER: GTACAAGTTCCGATT|CONSCOUNT=1|PRIMER=IGHV_1|PRCOUNT=1
  LARGE_HEADER: GTACAAGTTCCGATT|CONSCOUNT=2|PRIMER=IGHV_1|PRCOUNT=2

- TCCTTCCTTTTGATA
  STATUS: FOUND_DIFFERENT
  SMALL_HEADER: TCCTTCCTTTTGATA|CONSCOUNT=1|PRIMER=IGHV_27|PRCOUNT=1
  LARGE_HEADER: TCCTTCCTTTTGATA|CONSCOUNT=4|PRIMER=IGHV_27|PRCOUNT=4

- TGGGACCTCATGATT
  STATUS: FOUND_DIFFERENT
  SMALL_HEADER: TGGGACCTCATGATT|CONSCOUNT=1|PRIMER=IGHV_26|PRCOUNT=1
  LARGE_HEADER: TGGGACCTCATGATT|CONSCOUNT=5|PRIMER=IGHV_10,IGHV_13,IGHV_2,IGHV_26|PRCOUNT=1,1,1,2

- TCGCAGCTAAACGAA
  STATUS: IDENTICAL
  SMALL_HEADER: TCGCAGCTAAACGAA|CONSCOUNT=1|PRIMER=IGHV_27|PRCOUNT=1
  LARGE_HEADER: TCGCAGCTAAACGAA|CONSCOUNT=1|PRIMER=IGHV_27|PRCOUNT=1

- TTTCTTTCTGGTCTT
  STATUS: SAME_SEQUENCE
  SMALL_HEADER: TTTCTTTCTGGTCTT|CONSCOUNT=1|PRIMER=IGHV_10|PRCOUNT=1
  LARGE_HEADER: TTTCTTTCTGGTCTT|CONSCOUNT=3|PRIMER=IGHV_10,IGHV_27|PRCOUNT=1,2

- CGCGCGGCGGAACGG
  STATUS: FOUND_DIFFERENT
  SMALL_HEADER: CGCGCGGCGGAACGG|CONSCOUNT=1|PRIMER=IGHV_10|PRCOUNT=1
  LARGE_HEADER: CGCGCGGCGGAACGG|CONSCOUNT=4|PRIMER=IGHV_10,IGHV_28,IGHV_6,IGHV_9|PRCOUNT=1,1,1,1

- GTGAAGTCGCGAGTG
  STATUS: FOUND_DIFFERENT
  SMALL_HEADER: GTGAAGTCGCGAGTG|CONSCOUNT=1|PRIMER=IGHV_32|PRCOUNT=1
  LARGE_HEADER: GTGAAGTCGCGAGTG|CONSCOUNT=5|PRIMER=IGHV_2,IGHV_26,IGHV_32,IGHV_36|PRCOUNT=1,1,2,1

- GCGCCGTCGGACCCG
  STATUS: SAME_SEQUENCE
  SMALL_HEADER: GCGCCGTCGGACCCG|CONSCOUNT=1|PRIMER=IGHV_1|PRCOUNT=1
  LARGE_HEADER: GCGCCGTCGGACCCG|CONSCOUNT=3|PRIMER=IGHV_1|PRCOUNT=3

- ACGATATGGAGTGTT
  STATUS: SAME_SEQUENCE
  SMALL_HEADER: ACGATATGGAGTGTT|CONSCOUNT=1|PRIMER=IGHV_14|PRCOUNT=1
  LARGE_HEADER: ACGATATGGAGTGTT|CONSCOUNT=3|PRIMER=IGHV_14|PRCOUNT=3

- CGTACTTTTTTTACT
  STATUS: FOUND_DIFFERENT
  SMALL_HEADER: CGTACTTTTTTTACT|CONSCOUNT=1|PRIMER=IGHV_21|PRCOUNT=1
  LARGE_HEADER: CGTACTTTTTTTACT|CONSCOUNT=2|PRIMER=IGHV_16,IGHV_21|PRCOUNT=1,1

- TACAGCTAAATACTA
  STATUS: FOUND_DIFFERENT
  SMALL_HEADER: TACAGCTAAATACTA|CONSCOUNT=2|PRIMER=IGHV_2,IGHV_34|PRCOUNT=1,1
  LARGE_HEADER: TACAGCTAAATACTA|CONSCOUNT=17|PRIMER=IGHV_10,IGHV_13,IGHV_14,IGHV_2,IGHV_34|PRCOUNT=1,2,2,11,1

- ACGAATCTAGAGTAT
  STATUS: IDENTICAL
  SMALL_HEADER: ACGAATCTAGAGTAT|CONSCOUNT=1|PRIMER=IGHV_35|PRCOUNT=1
  LARGE_HEADER: ACGAATCTAGAGTAT|CONSCOUNT=1|PRIMER=IGHV_35|PRCOUNT=1

- AGAAAGCAGTACGGT
  STATUS: FOUND_DIFFERENT
  SMALL_HEADER: AGAAAGCAGTACGGT|CONSCOUNT=1|PRIMER=IGHV_11|PRCOUNT=1
  LARGE_HEADER: AGAAAGCAGTACGGT|CONSCOUNT=2|PRIMER=IGHV_11,IGHV_9|PRCOUNT=1,1

- CACAGTAGGTCTTCG
  STATUS: SAME_SEQUENCE
  SMALL_HEADER: CACAGTAGGTCTTCG|CONSCOUNT=1|PRIMER=IGHV_2|PRCOUNT=1
  LARGE_HEADER: CACAGTAGGTCTTCG|CONSCOUNT=5|PRIMER=IGHV_16,IGHV_2,IGHV_9|PRCOUNT=1,3,1

- TCGGTACAGATTAAC
  STATUS: IDENTICAL
  SMALL_HEADER: TCGGTACAGATTAAC|CONSCOUNT=1|PRIMER=IGHV_10|PRCOUNT=1
  LARGE_HEADER: TCGGTACAGATTAAC|CONSCOUNT=1|PRIMER=IGHV_10|PRCOUNT=1

- GTTTGGGTATCTTGG
  STATUS: SAME_SEQUENCE
  SMALL_HEADER: GTTTGGGTATCTTGG|CONSCOUNT=1|PRIMER=IGHV_2|PRCOUNT=1
  LARGE_HEADER: GTTTGGGTATCTTGG|CONSCOUNT=5|PRIMER=IGHV_2,IGHV_30,IGHV_33|PRCOUNT=3,1,1

- GGCGAAGGGGGGCGG
  STATUS: FOUND_DIFFERENT
  SMALL_HEADER: GGCGAAGGGGGGCGG|CONSCOUNT=1|PRIMER=IGHV_21|PRCOUNT=1
  LARGE_HEADER: GGCGAAGGGGGGCGG|CONSCOUNT=13|PRIMER=IGHV_13,IGHV_2,IGHV_21|PRCOUNT=3,7,3

- ACAAGGTTGTTATAT
  STATUS: IDENTICAL
  SMALL_HEADER: ACAAGGTTGTTATAT|CONSCOUNT=1|PRIMER=IGHV_10|PRCOUNT=1
  LARGE_HEADER: ACAAGGTTGTTATAT|CONSCOUNT=1|PRIMER=IGHV_10|PRCOUNT=1

- CTCTTAAGCCCTATA
  STATUS: FOUND_DIFFERENT
  SMALL_HEADER: CTCTTAAGCCCTATA|CONSCOUNT=1|PRIMER=IGHV_27|PRCOUNT=1
  LARGE_HEADER: CTCTTAAGCCCTATA|CONSCOUNT=2|PRIMER=IGHV_27|PRCOUNT=2

- GTTTGGCGAAGGCTG
  STATUS: SAME_SEQUENCE
  SMALL_HEADER: GTTTGGCGAAGGCTG|CONSCOUNT=1|PRIMER=IGHV_14|PRCOUNT=1
  LARGE_HEADER: GTTTGGCGAAGGCTG|CONSCOUNT=30|PRIMER=IGHV_1,IGHV_14,IGHV_15,IGHV_30|PRCOUNT=24,2,3,1

- AGCATGAGCGTGCGA
  STATUS: SAME_SEQUENCE
  SMALL_HEADER: AGCATGAGCGTGCGA|CONSCOUNT=1|PRIMER=IGHV_36|PRCOUNT=1
  LARGE_HEADER: AGCATGAGCGTGCGA|CONSCOUNT=2|PRIMER=IGHV_36|PRCOUNT=2

- CCGATGGCGTCATTG
  STATUS: FOUND_DIFFERENT
  SMALL_HEADER: CCGATGGCGTCATTG|CONSCOUNT=1|PRIMER=IGHV_4|PRCOUNT=1
  LARGE_HEADER: CCGATGGCGTCATTG|CONSCOUNT=3|PRIMER=IGHV_4|PRCOUNT=3

- GATTCGTCCTTAATA
  STATUS: FOUND_DIFFERENT
  SMALL_HEADER: GATTCGTCCTTAATA|CONSCOUNT=1|PRIMER=IGHV_4|PRCOUNT=1
  LARGE_HEADER: GATTCGTCCTTAATA|CONSCOUNT=142|PRIMER=IGHV_10,IGHV_11,IGHV_13,IGHV_14,IGHV_16,IGHV_2,IGHV_22,IGHV_26,IGHV_28,IGHV_30,IGHV_32,IGHV_33,IGHV_36,IGHV_37,IGHV_39,IGHV_4,IGHV_40,IGHV_45,IGHV_6,IGHV_8,IGHV_9|PRCOUNT=3,5,1,14,1,21,1,5,2,3,2,1,2,3,14,44,3,5,4,7,1

- TGTTCAGTTGTAATC
  STATUS: FOUND_DIFFERENT
  SMALL_HEADER: TGTTCAGTTGTAATC|CONSCOUNT=2|PRIMER=IGHV_2,IGHV_36|PRCOUNT=1,1
  LARGE_HEADER: TGTTCAGTTGTAATC|CONSCOUNT=7|PRIMER=IGHV_2,IGHV_26,IGHV_33,IGHV_36|PRCOUNT=3,1,1,2

- AGGGGGGGCGATGAC
  STATUS: FOUND_DIFFERENT
  SMALL_HEADER: AGGGGGGGCGATGAC|CONSCOUNT=1|PRIMER=IGHV_22|PRCOUNT=1
  LARGE_HEADER: AGGGGGGGCGATGAC|CONSCOUNT=13|PRIMER=IGHV_10,IGHV_14,IGHV_2,IGHV_22,IGHV_26,IGHV_33|PRCOUNT=2,2,5,1,2,1

- CCATTTGTTTTACAT
  STATUS: SAME_SEQUENCE
  SMALL_HEADER: CCATTTGTTTTACAT|CONSCOUNT=1|PRIMER=IGHV_44|PRCOUNT=1
  LARGE_HEADER: CCATTTGTTTTACAT|CONSCOUNT=3|PRIMER=IGHV_44|PRCOUNT=3

- GCAACTTAAGTTGTA
  STATUS: SAME_SEQUENCE
  SMALL_HEADER: GCAACTTAAGTTGTA|CONSCOUNT=1|PRIMER=IGHV_2|PRCOUNT=1
  LARGE_HEADER: GCAACTTAAGTTGTA|CONSCOUNT=3|PRIMER=IGHV_2,IGHV_30,IGHV_45|PRCOUNT=1,1,1

- CGGGCGATTGCATGT
  STATUS: FOUND_DIFFERENT
  SMALL_HEADER: CGGGCGATTGCATGT|CONSCOUNT=1|PRIMER=IGHV_2|PRCOUNT=1
  LARGE_HEADER: CGGGCGATTGCATGT|CONSCOUNT=13|PRIMER=IGHV_13,IGHV_2,IGHV_32,IGHV_43|PRCOUNT=1,7,3,2

- TTATGCCGTGGTCTA
  STATUS: SAME_SEQUENCE
  SMALL_HEADER: TTATGCCGTGGTCTA|CONSCOUNT=1|PRIMER=IGHV_14|PRCOUNT=1
  LARGE_HEADER: TTATGCCGTGGTCTA|CONSCOUNT=6|PRIMER=IGHV_14,IGHV_2,IGHV_21,IGHV_6|PRCOUNT=3,1,1,1

- GATACATCCCTGATC
  STATUS: IDENTICAL
  SMALL_HEADER: GATACATCCCTGATC|CONSCOUNT=1|PRIMER=IGHV_14|PRCOUNT=1
  LARGE_HEADER: GATACATCCCTGATC|CONSCOUNT=1|PRIMER=IGHV_14|PRCOUNT=1

- TTTGTAACGGTGGGT
  STATUS: IDENTICAL
  SMALL_HEADER: TTTGTAACGGTGGGT|CONSCOUNT=1|PRIMER=IGHV_27|PRCOUNT=1
  LARGE_HEADER: TTTGTAACGGTGGGT|CONSCOUNT=1|PRIMER=IGHV_27|PRCOUNT=1

- AATTTCACAGGTGCC
  STATUS: SAME_SEQUENCE
  SMALL_HEADER: AATTTCACAGGTGCC|CONSCOUNT=1|PRIMER=IGHV_14|PRCOUNT=1
  LARGE_HEADER: AATTTCACAGGTGCC|CONSCOUNT=3|PRIMER=IGHV_10,IGHV_14,IGHV_2|PRCOUNT=1,1,1

- ACTAGTGTATTGCAA
  STATUS: IDENTICAL
  SMALL_HEADER: ACTAGTGTATTGCAA|CONSCOUNT=1|PRIMER=IGHV_2|PRCOUNT=1
  LARGE_HEADER: ACTAGTGTATTGCAA|CONSCOUNT=1|PRIMER=IGHV_2|PRCOUNT=1

- GTAGCGGGGTAGGAC
  STATUS: FOUND_DIFFERENT
  SMALL_HEADER: GTAGCGGGGTAGGAC|CONSCOUNT=1|PRIMER=IGHV_2|PRCOUNT=1
  LARGE_HEADER: GTAGCGGGGTAGGAC|CONSCOUNT=2|PRIMER=IGHV_2,IGHV_40|PRCOUNT=1,1

- CGTGTATCATGTTGT
  STATUS: FOUND_DIFFERENT
  SMALL_HEADER: CGTGTATCATGTTGT|CONSCOUNT=1|PRIMER=IGHV_13|PRCOUNT=1
  LARGE_HEADER: CGTGTATCATGTTGT|CONSCOUNT=2|PRIMER=IGHV_13,IGHV_2|PRCOUNT=1,1

- ATTGTTCCTGATATA
  STATUS: SAME_SEQUENCE
  SMALL_HEADER: ATTGTTCCTGATATA|CONSCOUNT=1|PRIMER=IGHV_17|PRCOUNT=1
  LARGE_HEADER: ATTGTTCCTGATATA|CONSCOUNT=4|PRIMER=IGHV_17|PRCOUNT=4

- CGGGGGCACGGACGC
  STATUS: IDENTICAL
  SMALL_HEADER: CGGGGGCACGGACGC|CONSCOUNT=1|PRIMER=IGHV_14|PRCOUNT=1
  LARGE_HEADER: CGGGGGCACGGACGC|CONSCOUNT=1|PRIMER=IGHV_14|PRCOUNT=1

- AATCGCACATCTAAT
  STATUS: FOUND_DIFFERENT
  SMALL_HEADER: AATCGCACATCTAAT|CONSCOUNT=1|PRIMER=IGHV_35|PRCOUNT=1
  LARGE_HEADER: AATCGCACATCTAAT|CONSCOUNT=2|PRIMER=IGHV_35|PRCOUNT=2

- CTAGCTTAGCACCGT
  STATUS: IDENTICAL
  SMALL_HEADER: CTAGCTTAGCACCGT|CONSCOUNT=1|PRIMER=IGHV_21|PRCOUNT=1
  LARGE_HEADER: CTAGCTTAGCACCGT|CONSCOUNT=1|PRIMER=IGHV_21|PRCOUNT=1

- TCTTCTGTGCTATTC
  STATUS: IDENTICAL
  SMALL_HEADER: TCTTCTGTGCTATTC|CONSCOUNT=1|PRIMER=IGHV_27|PRCOUNT=1
  LARGE_HEADER: TCTTCTGTGCTATTC|CONSCOUNT=1|PRIMER=IGHV_27|PRCOUNT=1

- CGATCAATTCATTTA
  STATUS: FOUND_DIFFERENT
  SMALL_HEADER: CGATCAATTCATTTA|CONSCOUNT=1|PRIMER=IGHV_12|PRCOUNT=1
  LARGE_HEADER: CGATCAATTCATTTA|CONSCOUNT=2|PRIMER=IGHV_12,IGHV_27|PRCOUNT=1,1

- TCGTATGTGAAAACC
  STATUS: FOUND_DIFFERENT
  SMALL_HEADER: TCGTATGTGAAAACC|CONSCOUNT=1|PRIMER=IGHV_27|PRCOUNT=1
  LARGE_HEADER: TCGTATGTGAAAACC|CONSCOUNT=2|PRIMER=IGHV_27|PRCOUNT=2

- GTTCGCAGATACGCA
  STATUS: IDENTICAL
  SMALL_HEADER: GTTCGCAGATACGCA|CONSCOUNT=1|PRIMER=IGHV_2|PRCOUNT=1
  LARGE_HEADER: GTTCGCAGATACGCA|CONSCOUNT=1|PRIMER=IGHV_2|PRCOUNT=1

- GGTTTGACAGTCGGT
  STATUS: SAME_SEQUENCE
  SMALL_HEADER: GGTTTGACAGTCGGT|CONSCOUNT=1|PRIMER=IGHV_12|PRCOUNT=1
  LARGE_HEADER: GGTTTGACAGTCGGT|CONSCOUNT=2|PRIMER=IGHV_12,IGHV_28|PRCOUNT=1,1

- TACCCGTGGGTAAGG
  STATUS: IDENTICAL
  SMALL_HEADER: TACCCGTGGGTAAGG|CONSCOUNT=1|PRIMER=IGHV_10|PRCOUNT=1
  LARGE_HEADER: TACCCGTGGGTAAGG|CONSCOUNT=1|PRIMER=IGHV_10|PRCOUNT=1

